2026-01-08 09:51:09,563 - INFO - Procesado exitosamente: 0178483A-CC0C-406B-8D75-56A23E141CDF.json
2026-01-08 09:51:09,630 - INFO - Procesado exitosamente: 07014DF3-EE97-40A6-B5F2-92A08C8F2EC0 SIEMENS.json
2026-01-08 09:51:09,638 - INFO - Procesado exitosamente: 08BA07D0-F4CB-4AA9-8EF3-6FC2AB2F35C5 IMGRAL.json
2026-01-08 09:51:09,648 - INFO - Procesado exitosamente: 08C47A1E-489B-4747-96BF-BDBA13D427F9.json
2026-01-08 09:51:09,655 - INFO - Procesado exitosamente: 09816B84-1C5A-4DC6-8874-69F0F786B796 SIEMENS.json
2026-01-08 09:51:09,662 - INFO - Procesado exitosamente: 09C6487E-B719-434C-BBFE-CC60313942DB.json
2026-01-08 09:51:09,710 - INFO - Procesado exitosamente: 0B40C520-6B97-4E84-92DF-35A8D29EA4BA.json
2026-01-08 09:51:09,718 - INFO - Procesado exitosamente: 0FDD345F-42E8-4C0B-8836-A9F16BE9EE28 IMGRAL.json
2026-01-08 09:51:09,761 - INFO - Procesado exitosamente: 115BBDE7-2265-4FDD-8DA9-4D7FBCB8E58F.json
2026-01-08 09:51:09,768 - INFO - Procesado exitosamente: 13B5D334-13CE-48AD-AE24-7D8497D38E32.json
2026-01-08 09:51:09,814 - INFO - Procesado exitosamente: 15493B56-AD10-4116-8FB9-DD80F4572E2A REPSA.json
2026-01-08 09:51:09,857 - INFO - Procesado exitosamente: 158FC361-9DCA-47CE-B8AC-73BAFB60F8CF IMGRAL.json
2026-01-08 09:51:09,922 - INFO - Procesado exitosamente: 15F0FD55-2D8D-45AC-A065-C21F98126780.json
2026-01-08 09:51:09,929 - INFO - Procesado exitosamente: 195A102C-0ABF-45B8-949F-D74CBA15B177 IMGRAL.json
2026-01-08 09:51:09,937 - INFO - Procesado exitosamente: 1BF1D241-813E-4BBC-9FE0-2B56E2176DC3.json
2026-01-08 09:51:09,980 - INFO - Procesado exitosamente: 1C06FFA3-07CE-4F9A-94AF-6611F75A4EA7.json
2026-01-08 09:51:09,988 - INFO - Procesado exitosamente: 1F001ABE-6976-4E68-8816-5007EF3F1651.json
2026-01-08 09:51:09,995 - INFO - Procesado exitosamente: 1P001-00000000000647006141511770020.json
2026-01-08 09:51:10,002 - INFO - Procesado exitosamente: 1P001-00000000000647106141511770020.json
2026-01-08 09:51:10,009 - INFO - Procesado exitosamente: 1P001-00000000000647306141511770020.json
2026-01-08 09:51:10,016 - INFO - Procesado exitosamente: 1P001-00000000000651006141511770020.json
2026-01-08 09:51:10,024 - INFO - Procesado exitosamente: 1P001-00000000000651306141511770020.json
2026-01-08 09:51:10,030 - INFO - Procesado exitosamente: 1P001-00000000000724406141511770020.json
2026-01-08 09:51:10,037 - INFO - Procesado exitosamente: 23159F04-1D92-4864-8484-1B89FE2A21EB IMGRAL.json
2026-01-08 09:51:10,044 - INFO - Procesado exitosamente: 23159F04-1D92-4864-8484-1B89FE2A21EB.json
2026-01-08 09:51:10,086 - INFO - Procesado exitosamente: 243B9134-1B15-4645-AB77-045BFC25384D.json
2026-01-08 09:51:10,092 - INFO - Procesado exitosamente: 264724A6-8A93-4752-97A5-1AAC6AE3719B.json
2026-01-08 09:51:10,101 - INFO - Procesado exitosamente: 269A17A2-4029-4487-B494-F488358DDF5E.json
2026-01-08 09:51:10,148 - INFO - Procesado exitosamente: 27E379B7-1B83-4C64-ADC0-5C83806A597A.json
2026-01-08 09:51:10,154 - INFO - Procesado exitosamente: 283B5113-C01B-46D1-A890-CD00F9A8E2F8.json
2026-01-08 09:51:10,162 - INFO - Procesado exitosamente: 2A7845F5-10D0-4D23-9137-CDE526530AFE.json
2026-01-08 09:51:10,170 - INFO - Procesado exitosamente: 343D5D62-1544-407E-822D-099EFC5864D1 SIEMENS.json
2026-01-08 09:51:10,178 - INFO - Procesado exitosamente: 389D2801-2C0B-42D7-9CCB-DEA24161499E.json
2026-01-08 09:51:10,185 - INFO - Procesado exitosamente: 3908DBEA-9E7D-4107-BA82-6A46F5E20766 REPSA.json
2026-01-08 09:51:10,231 - INFO - Procesado exitosamente: 397F2380-4487-4AD8-879A-8B21608BC008.json
2026-01-08 09:51:10,275 - INFO - Procesado exitosamente: 3E8DF982-0938-4596-A636-EED7C6E5D4FF IMGRAL.json
2026-01-08 09:51:10,282 - INFO - Procesado exitosamente: 3EBE2A93-5BBC-4718-B4EB-229F66F9B22B IMGRAL.json
2026-01-08 09:51:10,289 - INFO - Procesado exitosamente: 3EBE2A93-5BBC-4718-B4EB-229F66F9B22B.json
2026-01-08 09:51:10,295 - INFO - Procesado exitosamente: 3F4AFD0B-F68C-43E8-A368-BC9F65362285 REPSA.json
2026-01-08 09:51:10,305 - INFO - Procesado exitosamente: 3F4AFD0B-F68C-43E8-A368-BC9F65362285.json
2026-01-08 09:51:10,351 - INFO - Procesado exitosamente: 3F66EE72-42CE-429A-ADD7-479231E99B71.json
2026-01-08 09:51:10,358 - INFO - Procesado exitosamente: 425190B5-FA26-44EA-B9D6-6FE1BD8E53C7 REPSA.json
2026-01-08 09:51:10,399 - INFO - Procesado exitosamente: 43043AD5-35CE-4FCF-E064-00144FF8838D.json
2026-01-08 09:51:10,406 - INFO - Procesado exitosamente: 43535047-9E86-17F6-E064-00144FF8838D.json
2026-01-08 09:51:10,449 - INFO - Procesado exitosamente: 4870733B-AA56-4B86-8E07-A3EC5E6877CB SIEMENS.json
2026-01-08 09:51:10,456 - INFO - Procesado exitosamente: 49848884-BBE4-45B7-9593-B8A7D73FE19D IMGRAL.json
2026-01-08 09:51:10,499 - INFO - Procesado exitosamente: 4CCA5A65-EE3E-4A27-B616-D84B7EF26AF6 REPSA.json
2026-01-08 09:51:10,506 - INFO - Procesado exitosamente: 4F3DC115-3B92-4484-830F-BC316CED7AE6.json
2026-01-08 09:51:10,549 - INFO - Procesado exitosamente: 4FBD4C42-D77B-4D1F-B866-F5DAFF522987 SIEMENS.json
2026-01-08 09:51:10,555 - INFO - Procesado exitosamente: 50500DA2-6BC8-4588-8F2A-36BF6F3D83A7.json
2026-01-08 09:51:10,600 - INFO - Procesado exitosamente: 5090C819-7014-4905-BBD1-D3D5914620E2 IMGRAL.json
2026-01-08 09:51:10,612 - INFO - Procesado exitosamente: 5261228E-5188-4F4C-8D03-B83CB26DFF85.json
2026-01-08 09:51:10,661 - INFO - Procesado exitosamente: 53DC06EA-7C2B-4831-98FE-396E98E639B2 SIEMENS.json
2026-01-08 09:51:10,708 - INFO - Procesado exitosamente: 5611D44A-3067-48DF-924C-FC3B8BDBFDE5 REPSA.json
2026-01-08 09:51:10,715 - INFO - Procesado exitosamente: 57409D26-3F13-4AD3-9D5B-B028F9B9DAB2 IMGRAL.json
2026-01-08 09:51:10,755 - INFO - Procesado exitosamente: 575F8071-3858-4219-B965-CBF86587FE97 IMGRAL.json
2026-01-08 09:51:10,798 - INFO - Procesado exitosamente: 5839E27F-5702-4CED-89E9-0A19DE35F6AC.json
2026-01-08 09:51:10,838 - INFO - Procesado exitosamente: 5CA054BA-ABEF-4FFC-A925-08DC297907AE IMGRAL.json
2026-01-08 09:51:10,879 - INFO - Procesado exitosamente: 5F6145CA-1AE2-2853-9D1C-5448063F4BB2 PROVEEDORES INDUSTRIALES.json
2026-01-08 09:51:10,886 - INFO - Procesado exitosamente: 5F6145CA-1AE2-2853-9D1C-5448063F4BB2.json
2026-01-08 09:51:10,929 - INFO - Procesado exitosamente: 61BAC9D8-963C-45F0-A1D5-BD9592B58518 SIEMENS.json
2026-01-08 09:51:10,936 - INFO - Procesado exitosamente: 61EDE671-97A2-412A-8392-8F6B44C904F2.json
2026-01-08 09:51:10,978 - INFO - Procesado exitosamente: 6224EF1E-CFB5-4FE7-9C6C-A9DCF836AB87.json
2026-01-08 09:51:11,018 - INFO - Procesado exitosamente: 6254DC64-2B31-440C-A6FA-EF8267CE475E.json
2026-01-08 09:51:11,026 - INFO - Procesado exitosamente: 63995E65-FA18-1FD0-AEB2-808000245862.json
2026-01-08 09:51:11,033 - INFO - Procesado exitosamente: 63995E65-FA18-1FD0-AEB2-828000245863.json
2026-01-08 09:51:11,039 - INFO - Procesado exitosamente: 63995E65-FA18-1FD0-B09C-A98000246506.json
2026-01-08 09:51:11,046 - INFO - Procesado exitosamente: 63995E65-FA18-1FD0-B09C-AE8000246507.json
2026-01-08 09:51:11,054 - INFO - Procesado exitosamente: 63995E65-FA18-1FD0-B09C-B28000246508.json
2026-01-08 09:51:11,096 - INFO - Procesado exitosamente: 63995E65-FA18-1FD0-B1B0-E68000246623.json
2026-01-08 09:51:11,103 - INFO - Procesado exitosamente: 63995E65-FA18-1FD0-B1B1-C68000246695.json
2026-01-08 09:51:11,145 - INFO - Procesado exitosamente: 63995E65-FA18-1FD0-B393-538000247174.json
2026-01-08 09:51:11,152 - INFO - Procesado exitosamente: 63995E65-FA18-1FD0-B393-568000247175.json
2026-01-08 09:51:11,158 - INFO - Procesado exitosamente: 63995E65-FA18-1FD0-B395-6B8000247295.json
2026-01-08 09:51:11,166 - INFO - Procesado exitosamente: 63995E65-FA18-1FD0-B395-6E8000247296.json
2026-01-08 09:51:11,204 - INFO - Procesado exitosamente: 63995E65-FA18-1FD0-B395-708000247297.json
2026-01-08 09:51:11,212 - INFO - Procesado exitosamente: 63995E65-FA18-1FD0-B395-738000247298.json
2026-01-08 09:51:11,218 - INFO - Procesado exitosamente: 63995E65-FA18-1FD0-B395-758000247299.json
2026-01-08 09:51:11,226 - INFO - Procesado exitosamente: 672D6737-AFC6-4935-B41C-445903423A39 INCAPROSA.json
2026-01-08 09:51:11,233 - INFO - Procesado exitosamente: 672D6737-AFC6-4935-B41C-445903423A39.json
2026-01-08 09:51:11,240 - INFO - Procesado exitosamente: 6B473887-EE07-45F0-B6D3-12DF19C9B934.json
2026-01-08 09:51:11,280 - INFO - Procesado exitosamente: 6F3EC5DD-FE11-4A56-ABF8-5052DDFAADDD.json
2026-01-08 09:51:11,323 - INFO - Procesado exitosamente: 70F448C6-F7DF-415F-A3FE-C737208057E8.json
2026-01-08 09:51:11,367 - INFO - Procesado exitosamente: 7146F7AD-C19D-4A89-90C4-BEFC70AE03CA.json
2026-01-08 09:51:11,374 - INFO - Procesado exitosamente: 71954747-81F4-4FBE-BF8F-4B8B171FECF1.json
2026-01-08 09:51:11,415 - INFO - Procesado exitosamente: 74545B64-192E-4E64-B9E7-DC66A64EDA7F SIEMENS.json
2026-01-08 09:51:11,455 - INFO - Procesado exitosamente: 745A167C-EB00-47D8-80A3-E212BAB7F4FD LA CASA DEL SOLDADOR.json
2026-01-08 09:51:11,462 - INFO - Procesado exitosamente: 74E12736-8380-4946-B853-8CDAE45ABDAC IMGRAL.json
2026-01-08 09:51:11,469 - INFO - Procesado exitosamente: 787928DA-ED91-4755-80D6-0E43EADA8BA0.json
2026-01-08 09:51:11,520 - INFO - Procesado exitosamente: 789FCA04-E38D-400C-8D17-9E8BE8CE6848 IMGRAL.json
2026-01-08 09:51:11,530 - INFO - Procesado exitosamente: 79157784-11AD-4903-B5F6-EB9A39E20377.json
2026-01-08 09:51:11,537 - INFO - Procesado exitosamente: 7A16FAE7-AF0D-4478-805F-70E3CF38014F SIEMENS.json
2026-01-08 09:51:11,547 - INFO - Procesado exitosamente: 7D41829A-DE48-4C50-9030-B192AF151C77.json
2026-01-08 09:51:11,555 - INFO - Procesado exitosamente: 7EBBD87D-E725-41A3-863B-BB276BA5C2EB IMGRAL.json
2026-01-08 09:51:11,564 - INFO - Procesado exitosamente: 7FB1075A-7732-4D82-9363-8550FF0EDD3B SIEMENS.json
2026-01-08 09:51:11,571 - INFO - Procesado exitosamente: 80A7EEC7-577E-4D91-8401-2689379D89C4.json
2026-01-08 09:51:11,579 - INFO - Procesado exitosamente: 81DF16F8-A1D4-4BE9-9449-A3239DEBC259 IMGRAL NOTA DE CREDITO.json
2026-01-08 09:51:11,632 - INFO - Procesado exitosamente: 83CF9CF3-7D3A-4352-B3BA-72BCA15BF460.json
2026-01-08 09:51:11,687 - INFO - Procesado exitosamente: 859885B7-81DE-4E25-8AF8-FAE06ECA07FF ITCA DONACION.json
2026-01-08 09:51:11,695 - INFO - Procesado exitosamente: 859885B7-81DE-4E25-8AF8-FAE06ECA07FF.json
2026-01-08 09:51:11,702 - INFO - Procesado exitosamente: 86B872B3-7509-4495-9187-4279F27A1B2D.json
2026-01-08 09:51:11,769 - INFO - Procesado exitosamente: 86EFF862-3248-4FC5-B92D-16C67247A852.json
2026-01-08 09:51:11,815 - INFO - Procesado exitosamente: 87F967CE-45EF-4FAC-BC44-DF9B1EFA3404 REPSA.json
2026-01-08 09:51:11,823 - INFO - Procesado exitosamente: 888A968D-CE20-41EE-87F2-D6F70A9FB151.json
2026-01-08 09:51:11,831 - INFO - Procesado exitosamente: 889B95B5-3382-4C46-8E3F-801AA358EA71.json
2026-01-08 09:51:11,839 - INFO - Procesado exitosamente: 89C64ABE-40DD-4F27-81C1-DA1F9F514E87 IMGRAL.json
2026-01-08 09:51:11,937 - INFO - Procesado exitosamente: 8D46F6E5-F7AF-4397-AB92-2D871C559313.JSON
2026-01-08 09:51:11,944 - INFO - Procesado exitosamente: 8D4912C3-3972-1FE0-B3B2-C2ACA286BCB7.json
2026-01-08 09:51:11,954 - INFO - Procesado exitosamente: 8D963F4A-24DB-43CB-A4FC-B8B129B6152F.json
2026-01-08 09:51:12,016 - INFO - Procesado exitosamente: 8DC78825-4EEB-4B19-A099-952E1E16F23D IMGRAL.json
2026-01-08 09:51:12,077 - INFO - Procesado exitosamente: 92C691F5-44D5-4328-A370-7AAAEC9B8C29  SALNET.json
2026-01-08 09:51:12,086 - INFO - Procesado exitosamente: 9301546B-C938-45F7-82D3-4CDD78DCA561 SIEMENS.json
2026-01-08 09:51:12,104 - INFO - Procesado exitosamente: 933A63F8-FD8A-4595-97F4-93FFDEA88CE3.json
2026-01-08 09:51:12,187 - INFO - Procesado exitosamente: 939015D2-73A3-46CF-AB81-C509B70D8C8C IMGRAL.json
2026-01-08 09:51:12,229 - INFO - Procesado exitosamente: 9457B266-7408-448B-9B38-4F25FC1C9784 IMGRAL.json
2026-01-08 09:51:12,266 - INFO - Procesado exitosamente: 949E828F-D67A-4472-B14D-3DCF0DB40415 IMGRAL.json
2026-01-08 09:51:12,274 - INFO - Procesado exitosamente: 949E828F-D67A-4472-B14D-3DCF0DB40415.json
2026-01-08 09:51:12,279 - INFO - Procesado exitosamente: 95E6555D-DC2D-434B-99AA-2BA9FBE3D77E REPSA.json
2026-01-08 09:51:12,313 - INFO - Procesado exitosamente: 9642D72D-13E3-464C-B31E-82F58373A0EC IMGRAL.json
2026-01-08 09:51:12,366 - INFO - Procesado exitosamente: 99ABAD76-801B-49A7-998D-5B4AAE514B19.JSON
2026-01-08 09:51:12,376 - INFO - Procesado exitosamente: 9C12B13A-A617-4D21-A07C-084AE61789F1 IMGRAL.json
2026-01-08 09:51:12,383 - INFO - Procesado exitosamente: 9C12B13A-A617-4D21-A07C-084AE61789F1.json
2026-01-08 09:51:12,412 - INFO - Procesado exitosamente: 9C610C5D-92C9-4FE2-8C7F-578AC90854A9.json
2026-01-08 09:51:12,437 - INFO - Procesado exitosamente: 9CDA5E21-AD11-4286-BC85-054A7273DF5E REPSA.json
2026-01-08 09:51:12,469 - INFO - Procesado exitosamente: 9E8A3FDF-C3C2-4F79-9691-5A0BA29A2E13 BADISA JOSE RUBEN MORAN ESTRADA.json
2026-01-08 09:51:12,501 - INFO - Procesado exitosamente: A236E8C0-0A59-4756-8E9E-1A073B6D9E5B IMGRAL.json
2026-01-08 09:51:12,528 - INFO - Procesado exitosamente: A2E60598-E8B2-4B03-9040-D2920B32EE6B REPSA.json
2026-01-08 09:51:12,533 - INFO - Procesado exitosamente: A3D11227-70B9-4D40-81E5-8901ABF6A766.json
2026-01-08 09:51:12,562 - INFO - Procesado exitosamente: A46D4E64-4485-41B4-8248-152D2E98DD72.json
2026-01-08 09:51:12,605 - INFO - Procesado exitosamente: A4C1A9E6-F97B-438E-8A9E-8D1FB94E7905.JSON
2026-01-08 09:51:12,637 - INFO - Procesado exitosamente: A81ECC1B-8D16-485F-A859-EAE75E5F6750 SIEMENS.json
2026-01-08 09:51:12,665 - INFO - Procesado exitosamente: A91B7DF7-81AE-4934-9194-8B9FEC3046C5.json
2026-01-08 09:51:12,669 - INFO - Procesado exitosamente: ABF1227C-1FCA-43A4-817B-DB4D94FEAF04.json
2026-01-08 09:51:12,674 - INFO - Procesado exitosamente: ACE4AE8F-B68D-47A4-A051-B02280D46DA1 IMGRAL.json
2026-01-08 09:51:12,717 - INFO - Procesado exitosamente: AE39D60E-E09E-44BF-A208-294FF03723DB.JSON
2026-01-08 09:51:12,721 - INFO - Procesado exitosamente: AF03CD2B-9D09-4F97-80E8-7AB66E843F99.json
2026-01-08 09:51:12,726 - INFO - Procesado exitosamente: B048B404-7A75-4503-B491-A6EDFF789AD4.json
2026-01-08 09:51:12,730 - INFO - Procesado exitosamente: B2A00246-E155-4E29-8517-16733035EFE3 SIEMENS.json
2026-01-08 09:51:12,761 - INFO - Procesado exitosamente: B3001F00-894B-4CFE-8ED8-D458A70E4C7E IMGRAL.json
2026-01-08 09:51:12,765 - INFO - Procesado exitosamente: B52270FA-58B8-472D-AE09-355D447A5CF2.json
2026-01-08 09:51:12,770 - INFO - Procesado exitosamente: B73C67D4-F513-4199-8329-4B1062067E81.json
2026-01-08 09:51:12,776 - INFO - Procesado exitosamente: B81DCACE-B766-49BF-9628-4DF221F05922.json
2026-01-08 09:51:12,784 - INFO - Procesado exitosamente: BF2BA5D5-9582-42EC-99C8-42DB67284886.json
2026-01-08 09:51:12,792 - INFO - Procesado exitosamente: BFCC3EFC-4BDD-4A5E-AD2E-F50AD0D44631.json
2026-01-08 09:51:12,847 - INFO - Procesado exitosamente: C05AFC5D-3407-4668-8826-68D3B3C4683E REPSA.json
2026-01-08 09:51:12,857 - INFO - Procesado exitosamente: C05AFC5D-3407-4668-8826-68D3B3C4683E.json
2026-01-08 09:51:12,916 - INFO - Procesado exitosamente: C205B00E-A61F-476F-AEBE-81E97844A178.json
2026-01-08 09:51:12,973 - INFO - Procesado exitosamente: C30F2128-1BD2-4930-8B18-091AACD0A1E7 IMGRAL.json
2026-01-08 09:51:13,030 - INFO - Procesado exitosamente: C565FBB3-6E06-406F-959B-11A7087C7A4E IMGRAL.json
2026-01-08 09:51:13,079 - INFO - Procesado exitosamente: C565FBB3-6E06-406F-959B-11A7087C7A4E.json
2026-01-08 09:51:13,087 - INFO - Procesado exitosamente: C5D598D6-0748-4E1A-B57E-4B35189EBBF4.json
2026-01-08 09:51:13,135 - INFO - Procesado exitosamente: C6E2AB93-65FA-4E40-AC6E-59AE8CC63431.json
2026-01-08 09:51:13,143 - INFO - Procesado exitosamente: C74AEDD0-D036-4387-AFF1-7DC4367037C7 IMGRAL NOTA DE CREDITO.json
2026-01-08 09:51:13,151 - INFO - Procesado exitosamente: C9C5FFBC-0745-4C3D-9547-0C76FB9077A0 SIEMENS.json
2026-01-08 09:51:13,159 - INFO - Procesado exitosamente: CA105E91-D16E-40A5-BF95-76BF0E5A8C84.json
2026-01-08 09:51:13,209 - INFO - Procesado exitosamente: COMPRETENCION_1_JSON (2).json
2026-01-08 09:51:13,255 - INFO - Procesado exitosamente: COMPRETENCION_1_JSON (3).json
2026-01-08 09:51:13,301 - INFO - Procesado exitosamente: COMPRETENCION_1_JSON.json
2026-01-08 09:51:13,309 - INFO - Procesado exitosamente: COMPRETENCION_1_JSON_1.json
2026-01-08 09:51:13,317 - INFO - Procesado exitosamente: COMPROBANTE_DE_DONACION-0614-151177-002-0-707242D3-ECD0-4DF9-ACD3-67D6A3644044.json
2026-01-08 09:51:13,390 - INFO - Procesado exitosamente: Comprobante_Electronico-2B22166E-FC8D-49C7-A20E-D0814F17C2EC.json
2026-01-08 09:51:13,463 - INFO - Procesado exitosamente: Comprobante_Electronico-F554889F-6589-4F74-9F50-B1A91EC6254C.json
2026-01-08 09:51:13,471 - INFO - Procesado exitosamente: D019F1FB-6ADF-6E51-B52A-FC0A47959E6B PROVEEDORES INDUSTRIALES.json
2026-01-08 09:51:13,480 - INFO - Procesado exitosamente: D0E2BADC-ED8B-4105-AA7F-CA6C4CD2889F IMGRAL.json
2026-01-08 09:51:13,489 - INFO - Procesado exitosamente: D0E2BADC-ED8B-4105-AA7F-CA6C4CD2889F.json
2026-01-08 09:51:13,497 - INFO - Procesado exitosamente: D26CDDAC-A1D0-46D6-8BAD-1A27186D339E SIEMENS.json
2026-01-08 09:51:13,544 - INFO - Procesado exitosamente: D2BC3659-F9FF-4EF3-9164-7D3722DC1147 REPSA.json
2026-01-08 09:51:13,591 - INFO - Procesado exitosamente: D39DC43D-2750-460B-8EFF-ECAAB9CA66DC.json
2026-01-08 09:51:13,599 - INFO - Procesado exitosamente: D470AB26-351E-49E0-B4AE-FEB0B7EB231D.json
2026-01-08 09:51:13,646 - INFO - Procesado exitosamente: D5BBC88C-D583-41E9-918A-527CD9FD6FE9 SIEMENS.json
2026-01-08 09:51:13,654 - INFO - Procesado exitosamente: D6B39A84-23B5-407E-B820-B292D1D152A0.json
2026-01-08 09:51:13,702 - INFO - Procesado exitosamente: D6E11EFC-44CF-408B-8124-046F35964C90 BADISA JOSE RUBEN MORAN ESTRADA.json
2026-01-08 09:51:13,711 - INFO - Procesado exitosamente: D7CF868B-1AAB-4C43-B995-08E6375912AF REPSA.json
2026-01-08 09:51:13,759 - INFO - Procesado exitosamente: D9D08459-A210-4E50-B4D4-A15AF613CBD5.json
2026-01-08 09:51:13,767 - INFO - Procesado exitosamente: DA4D4B01-C7FA-4878-8DA7-A89B72DC29C6.json
2026-01-08 09:51:13,774 - INFO - Procesado exitosamente: DBCAF93A-4A86-4BD6-9E94-96789E7A21C5.json
2026-01-08 09:51:13,783 - INFO - Procesado exitosamente: DC6E1ED2-652F-4521-9F84-BFD9E6B93E35 SIEMENS.json
2026-01-08 09:51:13,790 - INFO - Procesado exitosamente: DC7C7B8F-1405-49F7-AA31-A4AAFBC87EBE.json
2026-01-08 09:51:13,798 - INFO - Procesado exitosamente: DF24FB74-7E2B-4EEC-9028-E5A0DD22021F.json
2026-01-08 09:51:13,805 - INFO - Procesado exitosamente: DFB76D9A-FF63-4296-89EA-6BB6FDBBAD35 SIEMENS.json
2026-01-08 09:51:13,850 - INFO - Procesado exitosamente: DOC-3-250000000002587 CAMARA DE COMERCIO.json
2026-01-08 09:51:13,898 - INFO - Procesado exitosamente: DTE-03-M001P001-000000000000377 - 37 CENTRAL DE RODAMIENTO, S.A. DE C.V.json
2026-01-08 09:51:13,944 - INFO - Procesado exitosamente: DTE-03-M001P001-000000000000377 - 37 SEGURIDAD E INVERSIONES.json
2026-01-08 09:51:13,952 - INFO - Procesado exitosamente: DTE-03-M001P001-000000000006881-2025-11-22 PROVEEDORA DE RODAMIENTOS.json
2026-01-08 09:51:13,959 - INFO - Procesado exitosamente: DTE-03-M001P001-000000000006881-2025-11-22.json
2026-01-08 09:51:13,966 - INFO - Procesado exitosamente: DTE-03-M001P001-000000000006945-2025-11-25 PROVEEDORA DE RODAMIENTOS.json
2026-01-08 09:51:13,976 - INFO - Procesado exitosamente: DTE-03-M001P001-000000000006945-2025-11-25.json
2026-01-08 09:51:13,983 - INFO - Procesado exitosamente: DTE-03-M001P001-000000000007047-2025-12-01 PROVEEDORA DE RODAMIENTOS.json
2026-01-08 09:51:13,992 - INFO - Procesado exitosamente: DTE-03-M001P001-000000000007047-2025-12-01.json
2026-01-08 09:51:14,001 - INFO - Procesado exitosamente: DTE-03-M001P001-000000000007067-2025-12-01 PROVEEDORA DE RODAMIENTOS.json
2026-01-08 09:51:14,009 - INFO - Procesado exitosamente: DTE-03-M001P001-000000000007097-2025-12-02 PROVEEDORA DE RODAMIENTOS.json
2026-01-08 09:51:14,016 - INFO - Procesado exitosamente: DTE-03-M001P001-000000000007097-2025-12-02.json
2026-01-08 09:51:14,064 - INFO - Procesado exitosamente: DTE-03-M001P001-000000000007114-2025-12-02 PROVEEDORA DE RODAMIENTOS.json
2026-01-08 09:51:14,073 - INFO - Procesado exitosamente: DTE-03-M001P001-000000000007114-2025-12-02.json
2026-01-08 09:51:14,120 - INFO - Procesado exitosamente: DTE-03-M001P001-000000000007131-2025-12-03 PROVEEDORA DE RODAMIENTOS.json
2026-01-08 09:51:14,167 - INFO - Procesado exitosamente: DTE-03-M001P001-000000000007131-2025-12-03.json
2026-01-08 09:51:14,176 - INFO - Procesado exitosamente: DTE-03-M001P001-000000000007136-2025-12-03 PROVEEDORA DE RODAMIENTOS.json
2026-01-08 09:51:14,183 - INFO - Procesado exitosamente: DTE-03-M001P001-000000000007136-2025-12-03.json
2026-01-08 09:51:14,232 - INFO - Procesado exitosamente: DTE-03-M001P001-000000000007159-2025-12-04 PROVEEDORA DE RODAMIENTOS.json
2026-01-08 09:51:14,241 - INFO - Procesado exitosamente: DTE-03-M001P001-000000000007159-2025-12-04.json
2026-01-08 09:51:14,248 - INFO - Procesado exitosamente: DTE-03-M001P001-000000000007160-2025-12-04 PROVEEDORA DE RODAMIENTOS.json
2026-01-08 09:51:14,258 - INFO - Procesado exitosamente: DTE-03-M001P001-000000000007160-2025-12-04.json
2026-01-08 09:51:14,305 - INFO - Procesado exitosamente: DTE-03-M001P001-000000000007163-2025-12-04 PROVEEDORA DE RODAMIENTOS.json
2026-01-08 09:51:14,313 - INFO - Procesado exitosamente: DTE-03-M001P001-000000000007163-2025-12-04.json
2026-01-08 09:51:14,321 - INFO - Procesado exitosamente: DTE-03-M001P001-000000000007182-2025-12-04 PROVEEDORA DE RODAMIENTOS.json
2026-01-08 09:51:14,330 - INFO - Procesado exitosamente: DTE-03-M001P001-000000000007182-2025-12-04.json
2026-01-08 09:51:14,337 - INFO - Procesado exitosamente: DTE-03-M001P001-000000000007199-2025-12-05 PROVEEDORA DE RODAMIENTOS.json
2026-01-08 09:51:14,346 - INFO - Procesado exitosamente: DTE-03-M001P001-000000000007199-2025-12-05.json
2026-01-08 09:51:14,354 - INFO - Procesado exitosamente: DTE-03-M001P001-000000000007257-2025-12-08 PROVEEDORA DE RODAMIENTOS.json
2026-01-08 09:51:14,362 - INFO - Procesado exitosamente: DTE-03-M001P001-000000000007257-2025-12-08.json
2026-01-08 09:51:14,373 - INFO - Procesado exitosamente: DTE-03-M001P001-000000000007266-2025-12-09 PROVEEDORA DE RODAMIENTOS.json
2026-01-08 09:51:14,382 - INFO - Procesado exitosamente: DTE-03-M001P001-000000000007266-2025-12-09.json
2026-01-08 09:51:14,431 - INFO - Procesado exitosamente: DTE-03-M001P001-000000000007295-2025-12-09 PROVEEDORA DE RODAMIENTOS.json
2026-01-08 09:51:14,441 - INFO - Procesado exitosamente: DTE-03-M001P001-000000000007295-2025-12-09.json
2026-01-08 09:51:14,450 - INFO - Procesado exitosamente: DTE-03-M001P001-000000000007302-2025-12-10 PROVEEDORA DE RODAMIENTOS.json
2026-01-08 09:51:14,460 - INFO - Procesado exitosamente: DTE-03-M001P001-000000000007302-2025-12-10.json
2026-01-08 09:51:14,468 - INFO - Procesado exitosamente: DTE-03-M001P001-000000000007326-2025-12-10 PROVEEDORA DE RODAMIENTOS.json
2026-01-08 09:51:14,478 - INFO - Procesado exitosamente: DTE-03-M001P001-000000000007326-2025-12-10.json
2026-01-08 09:51:14,485 - INFO - Procesado exitosamente: DTE-03-M001P001-000000000007349-2025-12-11 PROVEEDORA DE RODAMIENTOS.json
2026-01-08 09:51:14,494 - INFO - Procesado exitosamente: DTE-03-M001P001-000000000007349-2025-12-11.json
2026-01-08 09:51:14,543 - INFO - Procesado exitosamente: DTE-03-M001P001-000000000007350-2025-12-11 PROVEEDORA DE RODAMIENTOS.json
2026-01-08 09:51:14,551 - INFO - Procesado exitosamente: DTE-03-M001P001-000000000007350-2025-12-11.json
2026-01-08 09:51:14,559 - INFO - Procesado exitosamente: DTE-03-M001P001-000000000007398-2025-12-12 PROVEEDORA DE RODAMIENTOS.json
2026-01-08 09:51:14,566 - INFO - Procesado exitosamente: DTE-03-M001P001-000000000007424-2025-12-15 PROVEEDORA DE RODAMIENTOS.json
2026-01-08 09:51:14,575 - INFO - Procesado exitosamente: DTE-03-M001P001-000000000007483-2025-12-16 PROVEEDORA DE RODAMIENTOS.json
2026-01-08 09:51:14,582 - INFO - Procesado exitosamente: DTE-03-M001P001-000000000007483-2025-12-16.json
2026-01-08 09:51:14,590 - INFO - Procesado exitosamente: DTE-03-M001P001-000000000007495-2025-12-17 PROVEEDORA DE RODAMIENTOS.json
2026-01-08 09:51:14,598 - INFO - Procesado exitosamente: DTE-03-M001P001-000000000007495-2025-12-17.json
2026-01-08 09:51:14,609 - INFO - Procesado exitosamente: DTE-03-M001P001-000000000007530-2025-12-18 PROVEEDORA DE RODAMIENTOS.json
2026-01-08 09:51:14,617 - INFO - Procesado exitosamente: DTE-03-M001P001-000000000007551-2025-12-18 PROVEEDORA DE RODAMIENTOS.json
2026-01-08 09:51:14,625 - INFO - Procesado exitosamente: DTE-03-M001P001-000000000007595-2025-12-22 PROVEEDORA DE RODAMIENTOS.json
2026-01-08 09:51:14,673 - INFO - Procesado exitosamente: DTE-03-M001P001-000000000007616-2025-12-23 PROVEEDORA DE RODAMIENTOS.json
2026-01-08 09:51:14,681 - INFO - Procesado exitosamente: DTE-03-M001P001-000000000007617-2025-12-23 PROVEEDORA DE RODAMIENTOS.json
2026-01-08 09:51:14,690 - INFO - Procesado exitosamente: DTE-03-M001P001-000000000007635-2025-12-23 PROVEEDORA DE RODAMIENTOS.json
2026-01-08 09:51:14,736 - INFO - Procesado exitosamente: dte-03-m001p0010000000000055401.json
2026-01-08 09:51:14,744 - INFO - Procesado exitosamente: DTE-05-M001P001-000000000000134-2025-08-30 PROVEEDORA DE RODAMIENTOS NOTA DE CREDITO.json
2026-01-08 09:51:14,752 - INFO - Procesado exitosamente: DTE-05-M001P001-000000000000191-2025-11-25 PROVEEDORA DE RODAMIENTOS.json
2026-01-08 09:51:14,761 - INFO - Procesado exitosamente: DTE-05-M001P001-000000000000191-2025-11-25.json
2026-01-08 09:51:14,769 - INFO - Procesado exitosamente: DTE-05-M001P001-000000000000216-2025-12-22 PROVEEDORA DE RODAMIENTOS NOTA DE CREDITO.json
2026-01-08 09:51:14,777 - INFO - Procesado exitosamente: DTE-05-M001P001-000000000000217-2025-12-22 PROVEEDORA DE RODAMIENTOS NOTA DE CREDITO.json
2026-01-08 09:51:14,894 - INFO - Procesado exitosamente: DTE-07-M001P001-000000000000802_834D8746-25B5-4732-8190-7224DF226810.json
2026-01-08 09:51:14,904 - INFO - Procesado exitosamente: DTE-07-M001P001-000000000004701_3B4594F6-0426-4B60-993E-7ED951C0BAD1.json
2026-01-08 09:51:14,966 - INFO - Procesado exitosamente: DTE-07-M001P001-000000000004702_CC0997A7-3FBC-4900-BC44-C1F7377E1BDB.json
2026-01-08 09:51:14,970 - INFO - Procesado exitosamente: DTE-07-M001P001-000000000004703_0E4E23E4-6253-4761-B28F-90115F9D40D9.json
2026-01-08 09:51:14,973 - INFO - Procesado exitosamente: DTE-07-M001P001-000000000004704_53993390-CCA0-4527-9AF8-F3016F93CFB7.json
2026-01-08 09:51:14,978 - INFO - Procesado exitosamente: DTE-07-M001P001-000000000004735_FD8A1F21-5EB1-4BDC-A301-23872CFC7BDB.json
2026-01-08 09:51:15,012 - INFO - Procesado exitosamente: DTE-07-M001P001-000000000005630_6BB96BEE-BF95-4829-B75A-001B5623B6B3.json
2026-01-08 09:51:15,048 - INFO - Procesado exitosamente: DTE-07-M001P001-202500000001680.json
2026-01-08 09:51:15,054 - INFO - Procesado exitosamente: DTE-07-M001P010-000000000010170-2F1B8414-99C9-4277-B970-CB1C8B14B12C-10-11-2025 025523.json
2026-01-08 09:51:15,079 - INFO - Procesado exitosamente: DTE-07-M001P010-000000000010461-9D020BB0-D298-4819-83AC-BEE2E40939CB-18-11-2025 021735.json
2026-01-08 09:51:15,104 - INFO - Procesado exitosamente: DTE-07-M001P010-000000000010550-AEFC8F20-D47A-4EE3-AF07-A6AC06B88CF8-20-11-2025 024901.json
2026-01-08 09:51:15,108 - INFO - Procesado exitosamente: DTE-07-M001P010-000000000010707-27B0CB09-4F1C-4604-8E57-795B04E582B6-25-11-2025 101502.json
2026-01-08 09:51:15,112 - INFO - Procesado exitosamente: DTE-07-M001P010-000000000010770-29029575-E3E0-4DD9-BE43-5ABCA1C0F71A-26-11-2025 022548.json
2026-01-08 09:51:15,135 - INFO - Procesado exitosamente: DTE-07-M001P010-000000000010871-359910A9-A847-4F1C-88D2-A6CF961A9E52-28-11-2025 024944.json
2026-01-08 09:51:15,140 - INFO - Procesado exitosamente: DTE-07-S003P001-000000000000106_7DA3A730-70AB-4897-BB57-D55831A9A9FC.json
2026-01-08 09:51:15,163 - INFO - Procesado exitosamente: E147BD08-5F98-447C-BD1D-3BECC4294D47 IMGRAL.json
2026-01-08 09:51:15,185 - INFO - Procesado exitosamente: E194F27A-0B75-3250-8448-5267881123FE PROVEEDORES INDUSTRIALES.json
2026-01-08 09:51:15,233 - INFO - Procesado exitosamente: E50DB34B-E50B-4375-A726-ED8C36E49A3D.JSON
2026-01-08 09:51:15,240 - INFO - Procesado exitosamente: E5A7D023-74B9-4450-8811-24E05B47AED6 IMGRAL.json
2026-01-08 09:51:15,282 - INFO - Procesado exitosamente: E80D4731-4D33-4F20-A1AC-341C8A3DB2BE REPSA.json
2026-01-08 09:51:15,292 - INFO - Procesado exitosamente: E80D4731-4D33-4F20-A1AC-341C8A3DB2BE.json
2026-01-08 09:51:15,337 - INFO - Procesado exitosamente: E825DF31-144C-47F5-8488-A9EA6F963372 IMGRAL.json
2026-01-08 09:51:15,345 - INFO - Procesado exitosamente: EC2A892C-5336-49BE-832F-4D2656FA682E.json
2026-01-08 09:51:15,353 - INFO - Procesado exitosamente: EE8841FB-E9FB-4B1C-874D-C69AF5C00E58 IMGRAL.json
2026-01-08 09:51:15,362 - INFO - Procesado exitosamente: EE8841FB-E9FB-4B1C-874D-C69AF5C00E58.json
2026-01-08 09:51:15,421 - INFO - Procesado exitosamente: EFA27456-B005-4F04-A1FD-EB72617BC038.json
2026-01-08 09:51:15,431 - INFO - Procesado exitosamente: F2255930-012D-45D4-A878-C5BF8833F3AA SIEMENS.json
2026-01-08 09:51:15,441 - INFO - Procesado exitosamente: F2BAE404-16EE-7D52-8B51-89F04E775F64 PROVEEDORES INDUSTRIALES.json
2026-01-08 09:51:15,515 - INFO - Procesado exitosamente: F97AFD2B-C4DA-40AB-8C60-4CA7D773381B.JSON
2026-01-08 09:51:15,522 - INFO - Procesado exitosamente: F9EA6881-4E9A-40B9-B307-3C6213F4D3F8.json
2026-01-08 09:51:15,568 - INFO - Procesado exitosamente: factura-DTE-07-M001P001-000000000008439.json
2026-01-08 09:51:15,621 - INFO - Procesado exitosamente: FC71A4F2-606A-4C12-968B-1C3F3F13E0E1.json
2026-01-08 09:51:15,629 - INFO - Procesado exitosamente: FDFD466B-597B-4483-B341-C24123BC9ED9.json
2026-01-08 09:51:15,677 - INFO - Procesado exitosamente: FEDC4A8F-B432-4E43-98A3-69ED000269F7 REPSA.json
2026-01-08 09:51:15,721 - INFO - Procesado exitosamente: Retención No.4999.json
2026-01-08 09:58:36,095 - INFO - Procesado exitosamente: 0178483A-CC0C-406B-8D75-56A23E141CDF.json
2026-01-08 09:58:36,096 - INFO - Procesado exitosamente: 07014DF3-EE97-40A6-B5F2-92A08C8F2EC0 SIEMENS.json
2026-01-08 09:58:36,098 - INFO - Procesado exitosamente: 08BA07D0-F4CB-4AA9-8EF3-6FC2AB2F35C5 IMGRAL.json
2026-01-08 09:58:36,099 - INFO - Procesado exitosamente: 08C47A1E-489B-4747-96BF-BDBA13D427F9.json
2026-01-08 09:58:36,101 - INFO - Procesado exitosamente: 09816B84-1C5A-4DC6-8874-69F0F786B796 SIEMENS.json
2026-01-08 09:58:36,103 - INFO - Procesado exitosamente: 09C6487E-B719-434C-BBFE-CC60313942DB.json
2026-01-08 09:58:36,105 - INFO - Procesado exitosamente: 0B40C520-6B97-4E84-92DF-35A8D29EA4BA.json
2026-01-08 09:58:36,106 - INFO - Procesado exitosamente: 0FDD345F-42E8-4C0B-8836-A9F16BE9EE28 IMGRAL.json
2026-01-08 09:58:36,108 - INFO - Procesado exitosamente: 115BBDE7-2265-4FDD-8DA9-4D7FBCB8E58F.json
2026-01-08 09:58:36,110 - INFO - Procesado exitosamente: 13B5D334-13CE-48AD-AE24-7D8497D38E32.json
2026-01-08 09:58:36,112 - INFO - Procesado exitosamente: 15493B56-AD10-4116-8FB9-DD80F4572E2A REPSA.json
2026-01-08 09:58:36,113 - INFO - Procesado exitosamente: 158FC361-9DCA-47CE-B8AC-73BAFB60F8CF IMGRAL.json
2026-01-08 09:58:36,114 - INFO - Procesado exitosamente: 15F0FD55-2D8D-45AC-A065-C21F98126780.json
2026-01-08 09:58:36,117 - INFO - Procesado exitosamente: 195A102C-0ABF-45B8-949F-D74CBA15B177 IMGRAL.json
2026-01-08 09:58:36,118 - INFO - Procesado exitosamente: 1BF1D241-813E-4BBC-9FE0-2B56E2176DC3.json
2026-01-08 09:58:36,121 - INFO - Procesado exitosamente: 1C06FFA3-07CE-4F9A-94AF-6611F75A4EA7.json
2026-01-08 09:58:36,123 - INFO - Procesado exitosamente: 1F001ABE-6976-4E68-8816-5007EF3F1651.json
2026-01-08 09:58:36,126 - INFO - Procesado exitosamente: 1P001-00000000000647006141511770020.json
2026-01-08 09:58:36,128 - INFO - Procesado exitosamente: 1P001-00000000000647106141511770020.json
2026-01-08 09:58:36,131 - INFO - Procesado exitosamente: 1P001-00000000000647306141511770020.json
2026-01-08 09:58:36,132 - INFO - Procesado exitosamente: 1P001-00000000000651006141511770020.json
2026-01-08 09:58:36,134 - INFO - Procesado exitosamente: 1P001-00000000000651306141511770020.json
2026-01-08 09:58:36,136 - INFO - Procesado exitosamente: 1P001-00000000000724406141511770020.json
2026-01-08 09:58:36,138 - INFO - Procesado exitosamente: 23159F04-1D92-4864-8484-1B89FE2A21EB IMGRAL.json
2026-01-08 09:58:36,139 - INFO - Procesado exitosamente: 23159F04-1D92-4864-8484-1B89FE2A21EB.json
2026-01-08 09:58:36,143 - INFO - Procesado exitosamente: 243B9134-1B15-4645-AB77-045BFC25384D.json
2026-01-08 09:58:36,146 - INFO - Procesado exitosamente: 264724A6-8A93-4752-97A5-1AAC6AE3719B.json
2026-01-08 09:58:36,148 - INFO - Procesado exitosamente: 269A17A2-4029-4487-B494-F488358DDF5E.json
2026-01-08 09:58:36,150 - INFO - Procesado exitosamente: 27E379B7-1B83-4C64-ADC0-5C83806A597A.json
2026-01-08 09:58:36,152 - INFO - Procesado exitosamente: 283B5113-C01B-46D1-A890-CD00F9A8E2F8.json
2026-01-08 09:58:36,155 - INFO - Procesado exitosamente: 2A7845F5-10D0-4D23-9137-CDE526530AFE.json
2026-01-08 09:58:36,158 - INFO - Procesado exitosamente: 343D5D62-1544-407E-822D-099EFC5864D1 SIEMENS.json
2026-01-08 09:58:36,160 - INFO - Procesado exitosamente: 389D2801-2C0B-42D7-9CCB-DEA24161499E.json
2026-01-08 09:58:36,162 - INFO - Procesado exitosamente: 3908DBEA-9E7D-4107-BA82-6A46F5E20766 REPSA.json
2026-01-08 09:58:36,165 - INFO - Procesado exitosamente: 397F2380-4487-4AD8-879A-8B21608BC008.json
2026-01-08 09:58:36,167 - INFO - Procesado exitosamente: 3E8DF982-0938-4596-A636-EED7C6E5D4FF IMGRAL.json
2026-01-08 09:58:36,169 - INFO - Procesado exitosamente: 3EBE2A93-5BBC-4718-B4EB-229F66F9B22B IMGRAL.json
2026-01-08 09:58:36,171 - INFO - Procesado exitosamente: 3EBE2A93-5BBC-4718-B4EB-229F66F9B22B.json
2026-01-08 09:58:36,173 - INFO - Procesado exitosamente: 3F4AFD0B-F68C-43E8-A368-BC9F65362285 REPSA.json
2026-01-08 09:58:36,174 - INFO - Procesado exitosamente: 3F4AFD0B-F68C-43E8-A368-BC9F65362285.json
2026-01-08 09:58:36,177 - INFO - Procesado exitosamente: 3F66EE72-42CE-429A-ADD7-479231E99B71.json
2026-01-08 09:58:36,180 - INFO - Procesado exitosamente: 425190B5-FA26-44EA-B9D6-6FE1BD8E53C7 REPSA.json
2026-01-08 09:58:36,182 - INFO - Procesado exitosamente: 43043AD5-35CE-4FCF-E064-00144FF8838D.json
2026-01-08 09:58:36,184 - INFO - Procesado exitosamente: 43535047-9E86-17F6-E064-00144FF8838D.json
2026-01-08 09:58:36,185 - INFO - Procesado exitosamente: 4870733B-AA56-4B86-8E07-A3EC5E6877CB SIEMENS.json
2026-01-08 09:58:36,187 - INFO - Procesado exitosamente: 49848884-BBE4-45B7-9593-B8A7D73FE19D IMGRAL.json
2026-01-08 09:58:36,189 - INFO - Procesado exitosamente: 4CCA5A65-EE3E-4A27-B616-D84B7EF26AF6 REPSA.json
2026-01-08 09:58:36,191 - INFO - Procesado exitosamente: 4F3DC115-3B92-4484-830F-BC316CED7AE6.json
2026-01-08 09:58:36,193 - INFO - Procesado exitosamente: 4FBD4C42-D77B-4D1F-B866-F5DAFF522987 SIEMENS.json
2026-01-08 09:58:36,195 - INFO - Procesado exitosamente: 50500DA2-6BC8-4588-8F2A-36BF6F3D83A7.json
2026-01-08 09:58:36,198 - INFO - Procesado exitosamente: 5090C819-7014-4905-BBD1-D3D5914620E2 IMGRAL.json
2026-01-08 09:58:36,200 - INFO - Procesado exitosamente: 5261228E-5188-4F4C-8D03-B83CB26DFF85.json
2026-01-08 09:58:36,202 - INFO - Procesado exitosamente: 53DC06EA-7C2B-4831-98FE-396E98E639B2 SIEMENS.json
2026-01-08 09:58:36,204 - INFO - Procesado exitosamente: 5611D44A-3067-48DF-924C-FC3B8BDBFDE5 REPSA.json
2026-01-08 09:58:36,206 - INFO - Procesado exitosamente: 57409D26-3F13-4AD3-9D5B-B028F9B9DAB2 IMGRAL.json
2026-01-08 09:58:36,208 - INFO - Procesado exitosamente: 575F8071-3858-4219-B965-CBF86587FE97 IMGRAL.json
2026-01-08 09:58:36,210 - INFO - Procesado exitosamente: 5839E27F-5702-4CED-89E9-0A19DE35F6AC.json
2026-01-08 09:58:36,214 - INFO - Procesado exitosamente: 5CA054BA-ABEF-4FFC-A925-08DC297907AE IMGRAL.json
2026-01-08 09:58:36,217 - INFO - Procesado exitosamente: 5F6145CA-1AE2-2853-9D1C-5448063F4BB2 PROVEEDORES INDUSTRIALES.json
2026-01-08 09:58:36,221 - INFO - Procesado exitosamente: 5F6145CA-1AE2-2853-9D1C-5448063F4BB2.json
2026-01-08 09:58:36,224 - INFO - Procesado exitosamente: 61BAC9D8-963C-45F0-A1D5-BD9592B58518 SIEMENS.json
2026-01-08 09:58:36,227 - INFO - Procesado exitosamente: 61EDE671-97A2-412A-8392-8F6B44C904F2.json
2026-01-08 09:58:36,230 - INFO - Procesado exitosamente: 6224EF1E-CFB5-4FE7-9C6C-A9DCF836AB87.json
2026-01-08 09:58:36,232 - INFO - Procesado exitosamente: 6254DC64-2B31-440C-A6FA-EF8267CE475E.json
2026-01-08 09:58:36,236 - INFO - Procesado exitosamente: 63995E65-FA18-1FD0-AEB2-808000245862.json
2026-01-08 09:58:36,239 - INFO - Procesado exitosamente: 63995E65-FA18-1FD0-AEB2-828000245863.json
2026-01-08 09:58:36,241 - INFO - Procesado exitosamente: 63995E65-FA18-1FD0-B09C-A98000246506.json
2026-01-08 09:58:36,244 - INFO - Procesado exitosamente: 63995E65-FA18-1FD0-B09C-AE8000246507.json
2026-01-08 09:58:36,248 - INFO - Procesado exitosamente: 63995E65-FA18-1FD0-B09C-B28000246508.json
2026-01-08 09:58:36,251 - INFO - Procesado exitosamente: 63995E65-FA18-1FD0-B1B0-E68000246623.json
2026-01-08 09:58:36,253 - INFO - Procesado exitosamente: 63995E65-FA18-1FD0-B1B1-C68000246695.json
2026-01-08 09:58:36,256 - INFO - Procesado exitosamente: 63995E65-FA18-1FD0-B393-538000247174.json
2026-01-08 09:58:36,259 - INFO - Procesado exitosamente: 63995E65-FA18-1FD0-B393-568000247175.json
2026-01-08 09:58:36,261 - INFO - Procesado exitosamente: 63995E65-FA18-1FD0-B395-6B8000247295.json
2026-01-08 09:58:36,264 - INFO - Procesado exitosamente: 63995E65-FA18-1FD0-B395-6E8000247296.json
2026-01-08 09:58:36,267 - INFO - Procesado exitosamente: 63995E65-FA18-1FD0-B395-708000247297.json
2026-01-08 09:58:36,270 - INFO - Procesado exitosamente: 63995E65-FA18-1FD0-B395-738000247298.json
2026-01-08 09:58:36,272 - INFO - Procesado exitosamente: 63995E65-FA18-1FD0-B395-758000247299.json
2026-01-08 09:58:36,275 - INFO - Procesado exitosamente: 672D6737-AFC6-4935-B41C-445903423A39 INCAPROSA.json
2026-01-08 09:58:36,277 - INFO - Procesado exitosamente: 672D6737-AFC6-4935-B41C-445903423A39.json
2026-01-08 09:58:36,281 - INFO - Procesado exitosamente: 6B473887-EE07-45F0-B6D3-12DF19C9B934.json
2026-01-08 09:58:36,285 - INFO - Procesado exitosamente: 6F3EC5DD-FE11-4A56-ABF8-5052DDFAADDD.json
2026-01-08 09:58:36,286 - INFO - Procesado exitosamente: 70F448C6-F7DF-415F-A3FE-C737208057E8.json
2026-01-08 09:58:36,289 - INFO - Procesado exitosamente: 7146F7AD-C19D-4A89-90C4-BEFC70AE03CA.json
2026-01-08 09:58:36,292 - INFO - Procesado exitosamente: 71954747-81F4-4FBE-BF8F-4B8B171FECF1.json
2026-01-08 09:58:36,296 - INFO - Procesado exitosamente: 74545B64-192E-4E64-B9E7-DC66A64EDA7F SIEMENS.json
2026-01-08 09:58:36,300 - INFO - Procesado exitosamente: 745A167C-EB00-47D8-80A3-E212BAB7F4FD LA CASA DEL SOLDADOR.json
2026-01-08 09:58:36,304 - INFO - Procesado exitosamente: 74E12736-8380-4946-B853-8CDAE45ABDAC IMGRAL.json
2026-01-08 09:58:36,307 - INFO - Procesado exitosamente: 787928DA-ED91-4755-80D6-0E43EADA8BA0.json
2026-01-08 09:58:36,311 - INFO - Procesado exitosamente: 789FCA04-E38D-400C-8D17-9E8BE8CE6848 IMGRAL.json
2026-01-08 09:58:36,316 - INFO - Procesado exitosamente: 79157784-11AD-4903-B5F6-EB9A39E20377.json
2026-01-08 09:58:36,319 - INFO - Procesado exitosamente: 7A16FAE7-AF0D-4478-805F-70E3CF38014F SIEMENS.json
2026-01-08 09:58:36,321 - INFO - Procesado exitosamente: 7D41829A-DE48-4C50-9030-B192AF151C77.json
2026-01-08 09:58:36,324 - INFO - Procesado exitosamente: 7EBBD87D-E725-41A3-863B-BB276BA5C2EB IMGRAL.json
2026-01-08 09:58:36,327 - INFO - Procesado exitosamente: 7FB1075A-7732-4D82-9363-8550FF0EDD3B SIEMENS.json
2026-01-08 09:58:36,330 - INFO - Procesado exitosamente: 80A7EEC7-577E-4D91-8401-2689379D89C4.json
2026-01-08 09:58:36,332 - INFO - Procesado exitosamente: 81DF16F8-A1D4-4BE9-9449-A3239DEBC259 IMGRAL NOTA DE CREDITO.json
2026-01-08 09:58:36,336 - INFO - Procesado exitosamente: 83CF9CF3-7D3A-4352-B3BA-72BCA15BF460.json
2026-01-08 09:58:36,338 - INFO - Procesado exitosamente: 859885B7-81DE-4E25-8AF8-FAE06ECA07FF ITCA DONACION.json
2026-01-08 09:58:36,341 - INFO - Procesado exitosamente: 859885B7-81DE-4E25-8AF8-FAE06ECA07FF.json
2026-01-08 09:58:36,344 - INFO - Procesado exitosamente: 86B872B3-7509-4495-9187-4279F27A1B2D.json
2026-01-08 09:58:36,347 - INFO - Procesado exitosamente: 86EFF862-3248-4FC5-B92D-16C67247A852.json
2026-01-08 09:58:36,349 - INFO - Procesado exitosamente: 87F967CE-45EF-4FAC-BC44-DF9B1EFA3404 REPSA.json
2026-01-08 09:58:36,352 - INFO - Procesado exitosamente: 888A968D-CE20-41EE-87F2-D6F70A9FB151.json
2026-01-08 09:58:36,354 - INFO - Procesado exitosamente: 889B95B5-3382-4C46-8E3F-801AA358EA71.json
2026-01-08 09:58:36,361 - INFO - Procesado exitosamente: 89C64ABE-40DD-4F27-81C1-DA1F9F514E87 IMGRAL.json
2026-01-08 09:58:36,365 - INFO - Procesado exitosamente: 8D46F6E5-F7AF-4397-AB92-2D871C559313.JSON
2026-01-08 09:58:36,367 - INFO - Procesado exitosamente: 8D4912C3-3972-1FE0-B3B2-C2ACA286BCB7.json
2026-01-08 09:58:36,371 - INFO - Procesado exitosamente: 8D963F4A-24DB-43CB-A4FC-B8B129B6152F.json
2026-01-08 09:58:36,374 - INFO - Procesado exitosamente: 8DC78825-4EEB-4B19-A099-952E1E16F23D IMGRAL.json
2026-01-08 09:58:36,377 - INFO - Procesado exitosamente: 92C691F5-44D5-4328-A370-7AAAEC9B8C29  SALNET.json
2026-01-08 09:58:36,379 - INFO - Procesado exitosamente: 9301546B-C938-45F7-82D3-4CDD78DCA561 SIEMENS.json
2026-01-08 09:58:36,382 - INFO - Procesado exitosamente: 933A63F8-FD8A-4595-97F4-93FFDEA88CE3.json
2026-01-08 09:58:36,386 - INFO - Procesado exitosamente: 939015D2-73A3-46CF-AB81-C509B70D8C8C IMGRAL.json
2026-01-08 09:58:36,389 - INFO - Procesado exitosamente: 9457B266-7408-448B-9B38-4F25FC1C9784 IMGRAL.json
2026-01-08 09:58:36,391 - INFO - Procesado exitosamente: 949E828F-D67A-4472-B14D-3DCF0DB40415 IMGRAL.json
2026-01-08 09:58:36,394 - INFO - Procesado exitosamente: 949E828F-D67A-4472-B14D-3DCF0DB40415.json
2026-01-08 09:58:36,397 - INFO - Procesado exitosamente: 95E6555D-DC2D-434B-99AA-2BA9FBE3D77E REPSA.json
2026-01-08 09:58:36,399 - INFO - Procesado exitosamente: 9642D72D-13E3-464C-B31E-82F58373A0EC IMGRAL.json
2026-01-08 09:58:36,402 - INFO - Procesado exitosamente: 99ABAD76-801B-49A7-998D-5B4AAE514B19.JSON
2026-01-08 09:58:36,405 - INFO - Procesado exitosamente: 9C12B13A-A617-4D21-A07C-084AE61789F1 IMGRAL.json
2026-01-08 09:58:36,408 - INFO - Procesado exitosamente: 9C12B13A-A617-4D21-A07C-084AE61789F1.json
2026-01-08 09:58:36,410 - INFO - Procesado exitosamente: 9C610C5D-92C9-4FE2-8C7F-578AC90854A9.json
2026-01-08 09:58:36,412 - INFO - Procesado exitosamente: 9CDA5E21-AD11-4286-BC85-054A7273DF5E REPSA.json
2026-01-08 09:58:36,415 - INFO - Procesado exitosamente: 9E8A3FDF-C3C2-4F79-9691-5A0BA29A2E13 BADISA JOSE RUBEN MORAN ESTRADA.json
2026-01-08 09:58:36,417 - INFO - Procesado exitosamente: A236E8C0-0A59-4756-8E9E-1A073B6D9E5B IMGRAL.json
2026-01-08 09:58:36,419 - INFO - Procesado exitosamente: A2E60598-E8B2-4B03-9040-D2920B32EE6B REPSA.json
2026-01-08 09:58:36,421 - INFO - Procesado exitosamente: A3D11227-70B9-4D40-81E5-8901ABF6A766.json
2026-01-08 09:58:36,422 - INFO - Procesado exitosamente: A46D4E64-4485-41B4-8248-152D2E98DD72.json
2026-01-08 09:58:36,424 - INFO - Procesado exitosamente: A4C1A9E6-F97B-438E-8A9E-8D1FB94E7905.JSON
2026-01-08 09:58:36,425 - INFO - Procesado exitosamente: A81ECC1B-8D16-485F-A859-EAE75E5F6750 SIEMENS.json
2026-01-08 09:58:36,427 - INFO - Procesado exitosamente: A91B7DF7-81AE-4934-9194-8B9FEC3046C5.json
2026-01-08 09:58:36,428 - INFO - Procesado exitosamente: ABF1227C-1FCA-43A4-817B-DB4D94FEAF04.json
2026-01-08 09:58:36,430 - INFO - Procesado exitosamente: ACE4AE8F-B68D-47A4-A051-B02280D46DA1 IMGRAL.json
2026-01-08 09:58:36,431 - INFO - Procesado exitosamente: AE39D60E-E09E-44BF-A208-294FF03723DB.JSON
2026-01-08 09:58:36,432 - INFO - Procesado exitosamente: AF03CD2B-9D09-4F97-80E8-7AB66E843F99.json
2026-01-08 09:58:36,433 - INFO - Procesado exitosamente: B048B404-7A75-4503-B491-A6EDFF789AD4.json
2026-01-08 09:58:36,435 - INFO - Procesado exitosamente: B2A00246-E155-4E29-8517-16733035EFE3 SIEMENS.json
2026-01-08 09:58:36,437 - INFO - Procesado exitosamente: B3001F00-894B-4CFE-8ED8-D458A70E4C7E IMGRAL.json
2026-01-08 09:58:36,440 - INFO - Procesado exitosamente: B52270FA-58B8-472D-AE09-355D447A5CF2.json
2026-01-08 09:58:36,441 - INFO - Procesado exitosamente: B73C67D4-F513-4199-8329-4B1062067E81.json
2026-01-08 09:58:36,443 - INFO - Procesado exitosamente: B81DCACE-B766-49BF-9628-4DF221F05922.json
2026-01-08 09:58:36,445 - INFO - Procesado exitosamente: BF2BA5D5-9582-42EC-99C8-42DB67284886.json
2026-01-08 09:58:36,448 - INFO - Procesado exitosamente: BFCC3EFC-4BDD-4A5E-AD2E-F50AD0D44631.json
2026-01-08 09:58:36,449 - INFO - Procesado exitosamente: C05AFC5D-3407-4668-8826-68D3B3C4683E REPSA.json
2026-01-08 09:58:36,451 - INFO - Procesado exitosamente: C05AFC5D-3407-4668-8826-68D3B3C4683E.json
2026-01-08 09:58:36,453 - INFO - Procesado exitosamente: C205B00E-A61F-476F-AEBE-81E97844A178.json
2026-01-08 09:58:36,455 - INFO - Procesado exitosamente: C30F2128-1BD2-4930-8B18-091AACD0A1E7 IMGRAL.json
2026-01-08 09:58:36,457 - INFO - Procesado exitosamente: C565FBB3-6E06-406F-959B-11A7087C7A4E IMGRAL.json
2026-01-08 09:58:36,458 - INFO - Procesado exitosamente: C565FBB3-6E06-406F-959B-11A7087C7A4E.json
2026-01-08 09:58:36,459 - INFO - Procesado exitosamente: C5D598D6-0748-4E1A-B57E-4B35189EBBF4.json
2026-01-08 09:58:36,461 - INFO - Procesado exitosamente: C6E2AB93-65FA-4E40-AC6E-59AE8CC63431.json
2026-01-08 09:58:36,463 - INFO - Procesado exitosamente: C74AEDD0-D036-4387-AFF1-7DC4367037C7 IMGRAL NOTA DE CREDITO.json
2026-01-08 09:58:36,464 - INFO - Procesado exitosamente: C9C5FFBC-0745-4C3D-9547-0C76FB9077A0 SIEMENS.json
2026-01-08 09:58:36,466 - INFO - Procesado exitosamente: CA105E91-D16E-40A5-BF95-76BF0E5A8C84.json
2026-01-08 09:58:36,468 - INFO - Procesado exitosamente: COMPRETENCION_1_JSON (2).json
2026-01-08 09:58:36,471 - INFO - Procesado exitosamente: COMPRETENCION_1_JSON (3).json
2026-01-08 09:58:36,472 - INFO - Procesado exitosamente: COMPRETENCION_1_JSON.json
2026-01-08 09:58:36,473 - INFO - Procesado exitosamente: COMPRETENCION_1_JSON_1.json
2026-01-08 09:58:36,475 - INFO - Procesado exitosamente: COMPROBANTE_DE_DONACION-0614-151177-002-0-707242D3-ECD0-4DF9-ACD3-67D6A3644044.json
2026-01-08 09:58:36,477 - INFO - Procesado exitosamente: Comprobante_Electronico-2B22166E-FC8D-49C7-A20E-D0814F17C2EC.json
2026-01-08 09:58:36,480 - INFO - Procesado exitosamente: Comprobante_Electronico-F554889F-6589-4F74-9F50-B1A91EC6254C.json
2026-01-08 09:58:36,481 - INFO - Procesado exitosamente: D019F1FB-6ADF-6E51-B52A-FC0A47959E6B PROVEEDORES INDUSTRIALES.json
2026-01-08 09:58:36,484 - INFO - Procesado exitosamente: D0E2BADC-ED8B-4105-AA7F-CA6C4CD2889F IMGRAL.json
2026-01-08 09:58:36,485 - INFO - Procesado exitosamente: D0E2BADC-ED8B-4105-AA7F-CA6C4CD2889F.json
2026-01-08 09:58:36,488 - INFO - Procesado exitosamente: D26CDDAC-A1D0-46D6-8BAD-1A27186D339E SIEMENS.json
2026-01-08 09:58:36,490 - INFO - Procesado exitosamente: D2BC3659-F9FF-4EF3-9164-7D3722DC1147 REPSA.json
2026-01-08 09:58:36,491 - INFO - Procesado exitosamente: D39DC43D-2750-460B-8EFF-ECAAB9CA66DC.json
2026-01-08 09:58:36,493 - INFO - Procesado exitosamente: D470AB26-351E-49E0-B4AE-FEB0B7EB231D.json
2026-01-08 09:58:36,494 - INFO - Procesado exitosamente: D5BBC88C-D583-41E9-918A-527CD9FD6FE9 SIEMENS.json
2026-01-08 09:58:36,496 - INFO - Procesado exitosamente: D6B39A84-23B5-407E-B820-B292D1D152A0.json
2026-01-08 09:58:36,498 - INFO - Procesado exitosamente: D6E11EFC-44CF-408B-8124-046F35964C90 BADISA JOSE RUBEN MORAN ESTRADA.json
2026-01-08 09:58:36,500 - INFO - Procesado exitosamente: D7CF868B-1AAB-4C43-B995-08E6375912AF REPSA.json
2026-01-08 09:58:36,502 - INFO - Procesado exitosamente: D9D08459-A210-4E50-B4D4-A15AF613CBD5.json
2026-01-08 09:58:36,503 - INFO - Procesado exitosamente: DA4D4B01-C7FA-4878-8DA7-A89B72DC29C6.json
2026-01-08 09:58:36,504 - INFO - Procesado exitosamente: DBCAF93A-4A86-4BD6-9E94-96789E7A21C5.json
2026-01-08 09:58:36,507 - INFO - Procesado exitosamente: DC6E1ED2-652F-4521-9F84-BFD9E6B93E35 SIEMENS.json
2026-01-08 09:58:36,508 - INFO - Procesado exitosamente: DC7C7B8F-1405-49F7-AA31-A4AAFBC87EBE.json
2026-01-08 09:58:36,509 - INFO - Procesado exitosamente: DF24FB74-7E2B-4EEC-9028-E5A0DD22021F.json
2026-01-08 09:58:36,512 - INFO - Procesado exitosamente: DFB76D9A-FF63-4296-89EA-6BB6FDBBAD35 SIEMENS.json
2026-01-08 09:58:36,513 - INFO - Procesado exitosamente: DOC-3-250000000002587 CAMARA DE COMERCIO.json
2026-01-08 09:58:36,516 - INFO - Procesado exitosamente: DTE-03-M001P001-000000000000377 - 37 CENTRAL DE RODAMIENTO, S.A. DE C.V.json
2026-01-08 09:58:36,518 - INFO - Procesado exitosamente: DTE-03-M001P001-000000000000377 - 37 SEGURIDAD E INVERSIONES.json
2026-01-08 09:58:36,520 - INFO - Procesado exitosamente: DTE-03-M001P001-000000000006881-2025-11-22 PROVEEDORA DE RODAMIENTOS.json
2026-01-08 09:58:36,522 - INFO - Procesado exitosamente: DTE-03-M001P001-000000000006881-2025-11-22.json
2026-01-08 09:58:36,524 - INFO - Procesado exitosamente: DTE-03-M001P001-000000000006945-2025-11-25 PROVEEDORA DE RODAMIENTOS.json
2026-01-08 09:58:36,526 - INFO - Procesado exitosamente: DTE-03-M001P001-000000000006945-2025-11-25.json
2026-01-08 09:58:36,529 - INFO - Procesado exitosamente: DTE-03-M001P001-000000000007047-2025-12-01 PROVEEDORA DE RODAMIENTOS.json
2026-01-08 09:58:36,532 - INFO - Procesado exitosamente: DTE-03-M001P001-000000000007047-2025-12-01.json
2026-01-08 09:58:36,533 - INFO - Procesado exitosamente: DTE-03-M001P001-000000000007067-2025-12-01 PROVEEDORA DE RODAMIENTOS.json
2026-01-08 09:58:36,534 - INFO - Procesado exitosamente: DTE-03-M001P001-000000000007097-2025-12-02 PROVEEDORA DE RODAMIENTOS.json
2026-01-08 09:58:36,536 - INFO - Procesado exitosamente: DTE-03-M001P001-000000000007097-2025-12-02.json
2026-01-08 09:58:36,538 - INFO - Procesado exitosamente: DTE-03-M001P001-000000000007114-2025-12-02 PROVEEDORA DE RODAMIENTOS.json
2026-01-08 09:58:36,539 - INFO - Procesado exitosamente: DTE-03-M001P001-000000000007114-2025-12-02.json
2026-01-08 09:58:36,541 - INFO - Procesado exitosamente: DTE-03-M001P001-000000000007131-2025-12-03 PROVEEDORA DE RODAMIENTOS.json
2026-01-08 09:58:36,542 - INFO - Procesado exitosamente: DTE-03-M001P001-000000000007131-2025-12-03.json
2026-01-08 09:58:36,545 - INFO - Procesado exitosamente: DTE-03-M001P001-000000000007136-2025-12-03 PROVEEDORA DE RODAMIENTOS.json
2026-01-08 09:58:36,547 - INFO - Procesado exitosamente: DTE-03-M001P001-000000000007136-2025-12-03.json
2026-01-08 09:58:36,548 - INFO - Procesado exitosamente: DTE-03-M001P001-000000000007159-2025-12-04 PROVEEDORA DE RODAMIENTOS.json
2026-01-08 09:58:36,549 - INFO - Procesado exitosamente: DTE-03-M001P001-000000000007159-2025-12-04.json
2026-01-08 09:58:36,551 - INFO - Procesado exitosamente: DTE-03-M001P001-000000000007160-2025-12-04 PROVEEDORA DE RODAMIENTOS.json
2026-01-08 09:58:36,553 - INFO - Procesado exitosamente: DTE-03-M001P001-000000000007160-2025-12-04.json
2026-01-08 09:58:36,554 - INFO - Procesado exitosamente: DTE-03-M001P001-000000000007163-2025-12-04 PROVEEDORA DE RODAMIENTOS.json
2026-01-08 09:58:36,556 - INFO - Procesado exitosamente: DTE-03-M001P001-000000000007163-2025-12-04.json
2026-01-08 09:58:36,557 - INFO - Procesado exitosamente: DTE-03-M001P001-000000000007182-2025-12-04 PROVEEDORA DE RODAMIENTOS.json
2026-01-08 09:58:36,559 - INFO - Procesado exitosamente: DTE-03-M001P001-000000000007182-2025-12-04.json
2026-01-08 09:58:36,562 - INFO - Procesado exitosamente: DTE-03-M001P001-000000000007199-2025-12-05 PROVEEDORA DE RODAMIENTOS.json
2026-01-08 09:58:36,563 - INFO - Procesado exitosamente: DTE-03-M001P001-000000000007199-2025-12-05.json
2026-01-08 09:58:36,565 - INFO - Procesado exitosamente: DTE-03-M001P001-000000000007257-2025-12-08 PROVEEDORA DE RODAMIENTOS.json
2026-01-08 09:58:36,567 - INFO - Procesado exitosamente: DTE-03-M001P001-000000000007257-2025-12-08.json
2026-01-08 09:58:36,568 - INFO - Procesado exitosamente: DTE-03-M001P001-000000000007266-2025-12-09 PROVEEDORA DE RODAMIENTOS.json
2026-01-08 09:58:36,570 - INFO - Procesado exitosamente: DTE-03-M001P001-000000000007266-2025-12-09.json
2026-01-08 09:58:36,572 - INFO - Procesado exitosamente: DTE-03-M001P001-000000000007295-2025-12-09 PROVEEDORA DE RODAMIENTOS.json
2026-01-08 09:58:36,574 - INFO - Procesado exitosamente: DTE-03-M001P001-000000000007295-2025-12-09.json
2026-01-08 09:58:36,576 - INFO - Procesado exitosamente: DTE-03-M001P001-000000000007302-2025-12-10 PROVEEDORA DE RODAMIENTOS.json
2026-01-08 09:58:36,578 - INFO - Procesado exitosamente: DTE-03-M001P001-000000000007302-2025-12-10.json
2026-01-08 09:58:36,581 - INFO - Procesado exitosamente: DTE-03-M001P001-000000000007326-2025-12-10 PROVEEDORA DE RODAMIENTOS.json
2026-01-08 09:58:36,583 - INFO - Procesado exitosamente: DTE-03-M001P001-000000000007326-2025-12-10.json
2026-01-08 09:58:36,585 - INFO - Procesado exitosamente: DTE-03-M001P001-000000000007349-2025-12-11 PROVEEDORA DE RODAMIENTOS.json
2026-01-08 09:58:36,586 - INFO - Procesado exitosamente: DTE-03-M001P001-000000000007349-2025-12-11.json
2026-01-08 09:58:36,588 - INFO - Procesado exitosamente: DTE-03-M001P001-000000000007350-2025-12-11 PROVEEDORA DE RODAMIENTOS.json
2026-01-08 09:58:36,589 - INFO - Procesado exitosamente: DTE-03-M001P001-000000000007350-2025-12-11.json
2026-01-08 09:58:36,592 - INFO - Procesado exitosamente: DTE-03-M001P001-000000000007398-2025-12-12 PROVEEDORA DE RODAMIENTOS.json
2026-01-08 09:58:36,595 - INFO - Procesado exitosamente: DTE-03-M001P001-000000000007424-2025-12-15 PROVEEDORA DE RODAMIENTOS.json
2026-01-08 09:58:36,596 - INFO - Procesado exitosamente: DTE-03-M001P001-000000000007483-2025-12-16 PROVEEDORA DE RODAMIENTOS.json
2026-01-08 09:58:36,598 - INFO - Procesado exitosamente: DTE-03-M001P001-000000000007483-2025-12-16.json
2026-01-08 09:58:36,600 - INFO - Procesado exitosamente: DTE-03-M001P001-000000000007495-2025-12-17 PROVEEDORA DE RODAMIENTOS.json
2026-01-08 09:58:36,601 - INFO - Procesado exitosamente: DTE-03-M001P001-000000000007495-2025-12-17.json
2026-01-08 09:58:36,603 - INFO - Procesado exitosamente: DTE-03-M001P001-000000000007530-2025-12-18 PROVEEDORA DE RODAMIENTOS.json
2026-01-08 09:58:36,605 - INFO - Procesado exitosamente: DTE-03-M001P001-000000000007551-2025-12-18 PROVEEDORA DE RODAMIENTOS.json
2026-01-08 09:58:36,609 - INFO - Procesado exitosamente: DTE-03-M001P001-000000000007595-2025-12-22 PROVEEDORA DE RODAMIENTOS.json
2026-01-08 09:58:36,612 - INFO - Procesado exitosamente: DTE-03-M001P001-000000000007616-2025-12-23 PROVEEDORA DE RODAMIENTOS.json
2026-01-08 09:58:36,615 - INFO - Procesado exitosamente: DTE-03-M001P001-000000000007617-2025-12-23 PROVEEDORA DE RODAMIENTOS.json
2026-01-08 09:58:36,617 - INFO - Procesado exitosamente: DTE-03-M001P001-000000000007635-2025-12-23 PROVEEDORA DE RODAMIENTOS.json
2026-01-08 09:58:36,620 - INFO - Procesado exitosamente: dte-03-m001p0010000000000055401.json
2026-01-08 09:58:36,622 - INFO - Procesado exitosamente: DTE-05-M001P001-000000000000134-2025-08-30 PROVEEDORA DE RODAMIENTOS NOTA DE CREDITO.json
2026-01-08 09:58:36,624 - INFO - Procesado exitosamente: DTE-05-M001P001-000000000000191-2025-11-25 PROVEEDORA DE RODAMIENTOS.json
2026-01-08 09:58:36,625 - INFO - Procesado exitosamente: DTE-05-M001P001-000000000000191-2025-11-25.json
2026-01-08 09:58:36,628 - INFO - Procesado exitosamente: DTE-05-M001P001-000000000000216-2025-12-22 PROVEEDORA DE RODAMIENTOS NOTA DE CREDITO.json
2026-01-08 09:58:36,630 - INFO - Procesado exitosamente: DTE-05-M001P001-000000000000217-2025-12-22 PROVEEDORA DE RODAMIENTOS NOTA DE CREDITO.json
2026-01-08 09:58:36,631 - INFO - Procesado exitosamente: DTE-07-M001P001-000000000000802_834D8746-25B5-4732-8190-7224DF226810.json
2026-01-08 09:58:36,633 - INFO - Procesado exitosamente: DTE-07-M001P001-000000000004701_3B4594F6-0426-4B60-993E-7ED951C0BAD1.json
2026-01-08 09:58:36,634 - INFO - Procesado exitosamente: DTE-07-M001P001-000000000004702_CC0997A7-3FBC-4900-BC44-C1F7377E1BDB.json
2026-01-08 09:58:36,637 - INFO - Procesado exitosamente: DTE-07-M001P001-000000000004703_0E4E23E4-6253-4761-B28F-90115F9D40D9.json
2026-01-08 09:58:36,638 - INFO - Procesado exitosamente: DTE-07-M001P001-000000000004704_53993390-CCA0-4527-9AF8-F3016F93CFB7.json
2026-01-08 09:58:36,640 - INFO - Procesado exitosamente: DTE-07-M001P001-000000000004735_FD8A1F21-5EB1-4BDC-A301-23872CFC7BDB.json
2026-01-08 09:58:36,642 - INFO - Procesado exitosamente: DTE-07-M001P001-000000000005630_6BB96BEE-BF95-4829-B75A-001B5623B6B3.json
2026-01-08 09:58:36,644 - INFO - Procesado exitosamente: DTE-07-M001P001-202500000001680.json
2026-01-08 09:58:36,645 - INFO - Procesado exitosamente: DTE-07-M001P010-000000000010170-2F1B8414-99C9-4277-B970-CB1C8B14B12C-10-11-2025 025523.json
2026-01-08 09:58:36,648 - INFO - Procesado exitosamente: DTE-07-M001P010-000000000010461-9D020BB0-D298-4819-83AC-BEE2E40939CB-18-11-2025 021735.json
2026-01-08 09:58:36,649 - INFO - Procesado exitosamente: DTE-07-M001P010-000000000010550-AEFC8F20-D47A-4EE3-AF07-A6AC06B88CF8-20-11-2025 024901.json
2026-01-08 09:58:36,651 - INFO - Procesado exitosamente: DTE-07-M001P010-000000000010707-27B0CB09-4F1C-4604-8E57-795B04E582B6-25-11-2025 101502.json
2026-01-08 09:58:36,653 - INFO - Procesado exitosamente: DTE-07-M001P010-000000000010770-29029575-E3E0-4DD9-BE43-5ABCA1C0F71A-26-11-2025 022548.json
2026-01-08 09:58:36,654 - INFO - Procesado exitosamente: DTE-07-M001P010-000000000010871-359910A9-A847-4F1C-88D2-A6CF961A9E52-28-11-2025 024944.json
2026-01-08 09:58:36,656 - INFO - Procesado exitosamente: DTE-07-S003P001-000000000000106_7DA3A730-70AB-4897-BB57-D55831A9A9FC.json
2026-01-08 09:58:36,657 - INFO - Procesado exitosamente: E147BD08-5F98-447C-BD1D-3BECC4294D47 IMGRAL.json
2026-01-08 09:58:36,659 - INFO - Procesado exitosamente: E194F27A-0B75-3250-8448-5267881123FE PROVEEDORES INDUSTRIALES.json
2026-01-08 09:58:36,661 - INFO - Procesado exitosamente: E50DB34B-E50B-4375-A726-ED8C36E49A3D.JSON
2026-01-08 09:58:36,663 - INFO - Procesado exitosamente: E5A7D023-74B9-4450-8811-24E05B47AED6 IMGRAL.json
2026-01-08 09:58:36,664 - INFO - Procesado exitosamente: E80D4731-4D33-4F20-A1AC-341C8A3DB2BE REPSA.json
2026-01-08 09:58:36,667 - INFO - Procesado exitosamente: E80D4731-4D33-4F20-A1AC-341C8A3DB2BE.json
2026-01-08 09:58:36,668 - INFO - Procesado exitosamente: E825DF31-144C-47F5-8488-A9EA6F963372 IMGRAL.json
2026-01-08 09:58:36,669 - INFO - Procesado exitosamente: EC2A892C-5336-49BE-832F-4D2656FA682E.json
2026-01-08 09:58:36,671 - INFO - Procesado exitosamente: EE8841FB-E9FB-4B1C-874D-C69AF5C00E58 IMGRAL.json
2026-01-08 09:58:36,672 - INFO - Procesado exitosamente: EE8841FB-E9FB-4B1C-874D-C69AF5C00E58.json
2026-01-08 09:58:36,674 - INFO - Procesado exitosamente: EFA27456-B005-4F04-A1FD-EB72617BC038.json
2026-01-08 09:58:36,676 - INFO - Procesado exitosamente: F2255930-012D-45D4-A878-C5BF8833F3AA SIEMENS.json
2026-01-08 09:58:36,678 - INFO - Procesado exitosamente: F2BAE404-16EE-7D52-8B51-89F04E775F64 PROVEEDORES INDUSTRIALES.json
2026-01-08 09:58:36,679 - INFO - Procesado exitosamente: F97AFD2B-C4DA-40AB-8C60-4CA7D773381B.JSON
2026-01-08 09:58:36,680 - INFO - Procesado exitosamente: F9EA6881-4E9A-40B9-B307-3C6213F4D3F8.json
2026-01-08 09:58:36,682 - INFO - Procesado exitosamente: factura-DTE-07-M001P001-000000000008439.json
2026-01-08 09:58:36,684 - INFO - Procesado exitosamente: FC71A4F2-606A-4C12-968B-1C3F3F13E0E1.json
2026-01-08 09:58:36,685 - INFO - Procesado exitosamente: FDFD466B-597B-4483-B341-C24123BC9ED9.json
2026-01-08 09:58:36,687 - INFO - Procesado exitosamente: FEDC4A8F-B432-4E43-98A3-69ED000269F7 REPSA.json
2026-01-08 09:58:36,688 - INFO - Procesado exitosamente: Retención No.4999.json
2026-01-08 10:00:43,165 - INFO - Procesado exitosamente: 0178483A-CC0C-406B-8D75-56A23E141CDF.json
2026-01-08 10:00:43,168 - INFO - Procesado exitosamente: 07014DF3-EE97-40A6-B5F2-92A08C8F2EC0 SIEMENS.json
2026-01-08 10:00:43,169 - INFO - Procesado exitosamente: 08BA07D0-F4CB-4AA9-8EF3-6FC2AB2F35C5 IMGRAL.json
2026-01-08 10:00:43,170 - INFO - Procesado exitosamente: 08C47A1E-489B-4747-96BF-BDBA13D427F9.json
2026-01-08 10:00:43,172 - INFO - Procesado exitosamente: 09816B84-1C5A-4DC6-8874-69F0F786B796 SIEMENS.json
2026-01-08 10:00:43,174 - INFO - Procesado exitosamente: 09C6487E-B719-434C-BBFE-CC60313942DB.json
2026-01-08 10:00:43,176 - INFO - Procesado exitosamente: 0B40C520-6B97-4E84-92DF-35A8D29EA4BA.json
2026-01-08 10:00:43,179 - INFO - Procesado exitosamente: 0FDD345F-42E8-4C0B-8836-A9F16BE9EE28 IMGRAL.json
2026-01-08 10:00:43,182 - INFO - Procesado exitosamente: 115BBDE7-2265-4FDD-8DA9-4D7FBCB8E58F.json
2026-01-08 10:00:43,186 - INFO - Procesado exitosamente: 13B5D334-13CE-48AD-AE24-7D8497D38E32.json
2026-01-08 10:00:43,188 - INFO - Procesado exitosamente: 15493B56-AD10-4116-8FB9-DD80F4572E2A REPSA.json
2026-01-08 10:00:43,190 - INFO - Procesado exitosamente: 158FC361-9DCA-47CE-B8AC-73BAFB60F8CF IMGRAL.json
2026-01-08 10:00:43,191 - INFO - Procesado exitosamente: 15F0FD55-2D8D-45AC-A065-C21F98126780.json
2026-01-08 10:00:43,193 - INFO - Procesado exitosamente: 195A102C-0ABF-45B8-949F-D74CBA15B177 IMGRAL.json
2026-01-08 10:00:43,196 - INFO - Procesado exitosamente: 1BF1D241-813E-4BBC-9FE0-2B56E2176DC3.json
2026-01-08 10:00:43,198 - INFO - Procesado exitosamente: 1C06FFA3-07CE-4F9A-94AF-6611F75A4EA7.json
2026-01-08 10:00:43,200 - INFO - Procesado exitosamente: 1F001ABE-6976-4E68-8816-5007EF3F1651.json
2026-01-08 10:00:43,201 - INFO - Procesado exitosamente: 1P001-00000000000647006141511770020.json
2026-01-08 10:00:43,203 - INFO - Procesado exitosamente: 1P001-00000000000647106141511770020.json
2026-01-08 10:00:43,205 - INFO - Procesado exitosamente: 1P001-00000000000647306141511770020.json
2026-01-08 10:00:43,207 - INFO - Procesado exitosamente: 1P001-00000000000651006141511770020.json
2026-01-08 10:00:43,209 - INFO - Procesado exitosamente: 1P001-00000000000651306141511770020.json
2026-01-08 10:00:43,212 - INFO - Procesado exitosamente: 1P001-00000000000724406141511770020.json
2026-01-08 10:00:43,215 - INFO - Procesado exitosamente: 23159F04-1D92-4864-8484-1B89FE2A21EB IMGRAL.json
2026-01-08 10:00:43,218 - INFO - Procesado exitosamente: 23159F04-1D92-4864-8484-1B89FE2A21EB.json
2026-01-08 10:00:43,220 - INFO - Procesado exitosamente: 243B9134-1B15-4645-AB77-045BFC25384D.json
2026-01-08 10:00:43,222 - INFO - Procesado exitosamente: 264724A6-8A93-4752-97A5-1AAC6AE3719B.json
2026-01-08 10:00:43,226 - INFO - Procesado exitosamente: 269A17A2-4029-4487-B494-F488358DDF5E.json
2026-01-08 10:00:43,228 - INFO - Procesado exitosamente: 27E379B7-1B83-4C64-ADC0-5C83806A597A.json
2026-01-08 10:00:43,231 - INFO - Procesado exitosamente: 283B5113-C01B-46D1-A890-CD00F9A8E2F8.json
2026-01-08 10:00:43,233 - INFO - Procesado exitosamente: 2A7845F5-10D0-4D23-9137-CDE526530AFE.json
2026-01-08 10:00:43,235 - INFO - Procesado exitosamente: 343D5D62-1544-407E-822D-099EFC5864D1 SIEMENS.json
2026-01-08 10:00:43,237 - INFO - Procesado exitosamente: 389D2801-2C0B-42D7-9CCB-DEA24161499E.json
2026-01-08 10:00:43,240 - INFO - Procesado exitosamente: 3908DBEA-9E7D-4107-BA82-6A46F5E20766 REPSA.json
2026-01-08 10:00:43,242 - INFO - Procesado exitosamente: 397F2380-4487-4AD8-879A-8B21608BC008.json
2026-01-08 10:00:43,244 - INFO - Procesado exitosamente: 3E8DF982-0938-4596-A636-EED7C6E5D4FF IMGRAL.json
2026-01-08 10:00:43,246 - INFO - Procesado exitosamente: 3EBE2A93-5BBC-4718-B4EB-229F66F9B22B IMGRAL.json
2026-01-08 10:00:43,248 - INFO - Procesado exitosamente: 3EBE2A93-5BBC-4718-B4EB-229F66F9B22B.json
2026-01-08 10:00:43,250 - INFO - Procesado exitosamente: 3F4AFD0B-F68C-43E8-A368-BC9F65362285 REPSA.json
2026-01-08 10:00:43,252 - INFO - Procesado exitosamente: 3F4AFD0B-F68C-43E8-A368-BC9F65362285.json
2026-01-08 10:00:43,254 - INFO - Procesado exitosamente: 3F66EE72-42CE-429A-ADD7-479231E99B71.json
2026-01-08 10:00:43,256 - INFO - Procesado exitosamente: 425190B5-FA26-44EA-B9D6-6FE1BD8E53C7 REPSA.json
2026-01-08 10:00:43,258 - INFO - Procesado exitosamente: 43043AD5-35CE-4FCF-E064-00144FF8838D.json
2026-01-08 10:00:43,259 - INFO - Procesado exitosamente: 43535047-9E86-17F6-E064-00144FF8838D.json
2026-01-08 10:00:43,261 - INFO - Procesado exitosamente: 4870733B-AA56-4B86-8E07-A3EC5E6877CB SIEMENS.json
2026-01-08 10:00:43,263 - INFO - Procesado exitosamente: 49848884-BBE4-45B7-9593-B8A7D73FE19D IMGRAL.json
2026-01-08 10:00:43,265 - INFO - Procesado exitosamente: 4CCA5A65-EE3E-4A27-B616-D84B7EF26AF6 REPSA.json
2026-01-08 10:00:43,267 - INFO - Procesado exitosamente: 4F3DC115-3B92-4484-830F-BC316CED7AE6.json
2026-01-08 10:00:43,270 - INFO - Procesado exitosamente: 4FBD4C42-D77B-4D1F-B866-F5DAFF522987 SIEMENS.json
2026-01-08 10:00:43,272 - INFO - Procesado exitosamente: 50500DA2-6BC8-4588-8F2A-36BF6F3D83A7.json
2026-01-08 10:00:43,274 - INFO - Procesado exitosamente: 5090C819-7014-4905-BBD1-D3D5914620E2 IMGRAL.json
2026-01-08 10:00:43,276 - INFO - Procesado exitosamente: 5261228E-5188-4F4C-8D03-B83CB26DFF85.json
2026-01-08 10:00:43,279 - INFO - Procesado exitosamente: 53DC06EA-7C2B-4831-98FE-396E98E639B2 SIEMENS.json
2026-01-08 10:00:43,281 - INFO - Procesado exitosamente: 5611D44A-3067-48DF-924C-FC3B8BDBFDE5 REPSA.json
2026-01-08 10:00:43,283 - INFO - Procesado exitosamente: 57409D26-3F13-4AD3-9D5B-B028F9B9DAB2 IMGRAL.json
2026-01-08 10:00:43,285 - INFO - Procesado exitosamente: 575F8071-3858-4219-B965-CBF86587FE97 IMGRAL.json
2026-01-08 10:00:43,287 - INFO - Procesado exitosamente: 5839E27F-5702-4CED-89E9-0A19DE35F6AC.json
2026-01-08 10:00:43,289 - INFO - Procesado exitosamente: 5CA054BA-ABEF-4FFC-A925-08DC297907AE IMGRAL.json
2026-01-08 10:00:43,292 - INFO - Procesado exitosamente: 5F6145CA-1AE2-2853-9D1C-5448063F4BB2 PROVEEDORES INDUSTRIALES.json
2026-01-08 10:00:43,294 - INFO - Procesado exitosamente: 5F6145CA-1AE2-2853-9D1C-5448063F4BB2.json
2026-01-08 10:00:43,296 - INFO - Procesado exitosamente: 61BAC9D8-963C-45F0-A1D5-BD9592B58518 SIEMENS.json
2026-01-08 10:00:43,299 - INFO - Procesado exitosamente: 61EDE671-97A2-412A-8392-8F6B44C904F2.json
2026-01-08 10:00:43,300 - INFO - Procesado exitosamente: 6224EF1E-CFB5-4FE7-9C6C-A9DCF836AB87.json
2026-01-08 10:00:43,302 - INFO - Procesado exitosamente: 6254DC64-2B31-440C-A6FA-EF8267CE475E.json
2026-01-08 10:00:43,305 - INFO - Procesado exitosamente: 63995E65-FA18-1FD0-AEB2-808000245862.json
2026-01-08 10:00:43,307 - INFO - Procesado exitosamente: 63995E65-FA18-1FD0-AEB2-828000245863.json
2026-01-08 10:00:43,309 - INFO - Procesado exitosamente: 63995E65-FA18-1FD0-B09C-A98000246506.json
2026-01-08 10:00:43,310 - INFO - Procesado exitosamente: 63995E65-FA18-1FD0-B09C-AE8000246507.json
2026-01-08 10:00:43,312 - INFO - Procesado exitosamente: 63995E65-FA18-1FD0-B09C-B28000246508.json
2026-01-08 10:00:43,313 - INFO - Procesado exitosamente: 63995E65-FA18-1FD0-B1B0-E68000246623.json
2026-01-08 10:00:43,315 - INFO - Procesado exitosamente: 63995E65-FA18-1FD0-B1B1-C68000246695.json
2026-01-08 10:00:43,316 - INFO - Procesado exitosamente: 63995E65-FA18-1FD0-B393-538000247174.json
2026-01-08 10:00:43,318 - INFO - Procesado exitosamente: 63995E65-FA18-1FD0-B393-568000247175.json
2026-01-08 10:00:43,320 - INFO - Procesado exitosamente: 63995E65-FA18-1FD0-B395-6B8000247295.json
2026-01-08 10:00:43,321 - INFO - Procesado exitosamente: 63995E65-FA18-1FD0-B395-6E8000247296.json
2026-01-08 10:00:43,323 - INFO - Procesado exitosamente: 63995E65-FA18-1FD0-B395-708000247297.json
2026-01-08 10:00:43,326 - INFO - Procesado exitosamente: 63995E65-FA18-1FD0-B395-738000247298.json
2026-01-08 10:00:43,329 - INFO - Procesado exitosamente: 63995E65-FA18-1FD0-B395-758000247299.json
2026-01-08 10:00:43,331 - INFO - Procesado exitosamente: 672D6737-AFC6-4935-B41C-445903423A39 INCAPROSA.json
2026-01-08 10:00:43,333 - INFO - Procesado exitosamente: 672D6737-AFC6-4935-B41C-445903423A39.json
2026-01-08 10:00:43,335 - INFO - Procesado exitosamente: 6B473887-EE07-45F0-B6D3-12DF19C9B934.json
2026-01-08 10:00:43,337 - INFO - Procesado exitosamente: 6F3EC5DD-FE11-4A56-ABF8-5052DDFAADDD.json
2026-01-08 10:00:43,340 - INFO - Procesado exitosamente: 70F448C6-F7DF-415F-A3FE-C737208057E8.json
2026-01-08 10:00:43,342 - INFO - Procesado exitosamente: 7146F7AD-C19D-4A89-90C4-BEFC70AE03CA.json
2026-01-08 10:00:43,344 - INFO - Procesado exitosamente: 71954747-81F4-4FBE-BF8F-4B8B171FECF1.json
2026-01-08 10:00:43,346 - INFO - Procesado exitosamente: 74545B64-192E-4E64-B9E7-DC66A64EDA7F SIEMENS.json
2026-01-08 10:00:43,349 - INFO - Procesado exitosamente: 745A167C-EB00-47D8-80A3-E212BAB7F4FD LA CASA DEL SOLDADOR.json
2026-01-08 10:00:43,351 - INFO - Procesado exitosamente: 74E12736-8380-4946-B853-8CDAE45ABDAC IMGRAL.json
2026-01-08 10:00:43,353 - INFO - Procesado exitosamente: 787928DA-ED91-4755-80D6-0E43EADA8BA0.json
2026-01-08 10:00:43,355 - INFO - Procesado exitosamente: 789FCA04-E38D-400C-8D17-9E8BE8CE6848 IMGRAL.json
2026-01-08 10:00:43,357 - INFO - Procesado exitosamente: 79157784-11AD-4903-B5F6-EB9A39E20377.json
2026-01-08 10:00:43,359 - INFO - Procesado exitosamente: 7A16FAE7-AF0D-4478-805F-70E3CF38014F SIEMENS.json
2026-01-08 10:00:43,361 - INFO - Procesado exitosamente: 7D41829A-DE48-4C50-9030-B192AF151C77.json
2026-01-08 10:00:43,363 - INFO - Procesado exitosamente: 7EBBD87D-E725-41A3-863B-BB276BA5C2EB IMGRAL.json
2026-01-08 10:00:43,365 - INFO - Procesado exitosamente: 7FB1075A-7732-4D82-9363-8550FF0EDD3B SIEMENS.json
2026-01-08 10:00:43,366 - INFO - Procesado exitosamente: 80A7EEC7-577E-4D91-8401-2689379D89C4.json
2026-01-08 10:00:43,368 - INFO - Procesado exitosamente: 81DF16F8-A1D4-4BE9-9449-A3239DEBC259 IMGRAL NOTA DE CREDITO.json
2026-01-08 10:00:43,370 - INFO - Procesado exitosamente: 83CF9CF3-7D3A-4352-B3BA-72BCA15BF460.json
2026-01-08 10:00:43,373 - INFO - Procesado exitosamente: 859885B7-81DE-4E25-8AF8-FAE06ECA07FF ITCA DONACION.json
2026-01-08 10:00:43,375 - INFO - Procesado exitosamente: 859885B7-81DE-4E25-8AF8-FAE06ECA07FF.json
2026-01-08 10:00:43,377 - INFO - Procesado exitosamente: 86B872B3-7509-4495-9187-4279F27A1B2D.json
2026-01-08 10:00:43,379 - INFO - Procesado exitosamente: 86EFF862-3248-4FC5-B92D-16C67247A852.json
2026-01-08 10:00:43,381 - INFO - Procesado exitosamente: 87F967CE-45EF-4FAC-BC44-DF9B1EFA3404 REPSA.json
2026-01-08 10:00:43,383 - INFO - Procesado exitosamente: 888A968D-CE20-41EE-87F2-D6F70A9FB151.json
2026-01-08 10:00:43,386 - INFO - Procesado exitosamente: 889B95B5-3382-4C46-8E3F-801AA358EA71.json
2026-01-08 10:00:43,388 - INFO - Procesado exitosamente: 89C64ABE-40DD-4F27-81C1-DA1F9F514E87 IMGRAL.json
2026-01-08 10:00:43,389 - INFO - Procesado exitosamente: 8D46F6E5-F7AF-4397-AB92-2D871C559313.JSON
2026-01-08 10:00:43,392 - INFO - Procesado exitosamente: 8D4912C3-3972-1FE0-B3B2-C2ACA286BCB7.json
2026-01-08 10:00:43,394 - INFO - Procesado exitosamente: 8D963F4A-24DB-43CB-A4FC-B8B129B6152F.json
2026-01-08 10:00:43,396 - INFO - Procesado exitosamente: 8DC78825-4EEB-4B19-A099-952E1E16F23D IMGRAL.json
2026-01-08 10:00:43,399 - INFO - Procesado exitosamente: 92C691F5-44D5-4328-A370-7AAAEC9B8C29  SALNET.json
2026-01-08 10:00:43,401 - INFO - Procesado exitosamente: 9301546B-C938-45F7-82D3-4CDD78DCA561 SIEMENS.json
2026-01-08 10:00:43,403 - INFO - Procesado exitosamente: 933A63F8-FD8A-4595-97F4-93FFDEA88CE3.json
2026-01-08 10:00:43,404 - INFO - Procesado exitosamente: 939015D2-73A3-46CF-AB81-C509B70D8C8C IMGRAL.json
2026-01-08 10:00:43,407 - INFO - Procesado exitosamente: 9457B266-7408-448B-9B38-4F25FC1C9784 IMGRAL.json
2026-01-08 10:00:43,409 - INFO - Procesado exitosamente: 949E828F-D67A-4472-B14D-3DCF0DB40415 IMGRAL.json
2026-01-08 10:00:43,411 - INFO - Procesado exitosamente: 949E828F-D67A-4472-B14D-3DCF0DB40415.json
2026-01-08 10:00:43,413 - INFO - Procesado exitosamente: 95E6555D-DC2D-434B-99AA-2BA9FBE3D77E REPSA.json
2026-01-08 10:00:43,416 - INFO - Procesado exitosamente: 9642D72D-13E3-464C-B31E-82F58373A0EC IMGRAL.json
2026-01-08 10:00:43,417 - INFO - Procesado exitosamente: 99ABAD76-801B-49A7-998D-5B4AAE514B19.JSON
2026-01-08 10:00:43,419 - INFO - Procesado exitosamente: 9C12B13A-A617-4D21-A07C-084AE61789F1 IMGRAL.json
2026-01-08 10:00:43,420 - INFO - Procesado exitosamente: 9C12B13A-A617-4D21-A07C-084AE61789F1.json
2026-01-08 10:00:43,422 - INFO - Procesado exitosamente: 9C610C5D-92C9-4FE2-8C7F-578AC90854A9.json
2026-01-08 10:00:43,424 - INFO - Procesado exitosamente: 9CDA5E21-AD11-4286-BC85-054A7273DF5E REPSA.json
2026-01-08 10:00:43,425 - INFO - Procesado exitosamente: 9E8A3FDF-C3C2-4F79-9691-5A0BA29A2E13 BADISA JOSE RUBEN MORAN ESTRADA.json
2026-01-08 10:00:43,427 - INFO - Procesado exitosamente: A236E8C0-0A59-4756-8E9E-1A073B6D9E5B IMGRAL.json
2026-01-08 10:00:43,428 - INFO - Procesado exitosamente: A2E60598-E8B2-4B03-9040-D2920B32EE6B REPSA.json
2026-01-08 10:00:43,430 - INFO - Procesado exitosamente: A3D11227-70B9-4D40-81E5-8901ABF6A766.json
2026-01-08 10:00:43,431 - INFO - Procesado exitosamente: A46D4E64-4485-41B4-8248-152D2E98DD72.json
2026-01-08 10:00:43,434 - INFO - Procesado exitosamente: A4C1A9E6-F97B-438E-8A9E-8D1FB94E7905.JSON
2026-01-08 10:00:43,436 - INFO - Procesado exitosamente: A81ECC1B-8D16-485F-A859-EAE75E5F6750 SIEMENS.json
2026-01-08 10:00:43,439 - INFO - Procesado exitosamente: A91B7DF7-81AE-4934-9194-8B9FEC3046C5.json
2026-01-08 10:00:43,441 - INFO - Procesado exitosamente: ABF1227C-1FCA-43A4-817B-DB4D94FEAF04.json
2026-01-08 10:00:43,443 - INFO - Procesado exitosamente: ACE4AE8F-B68D-47A4-A051-B02280D46DA1 IMGRAL.json
2026-01-08 10:00:43,445 - INFO - Procesado exitosamente: AE39D60E-E09E-44BF-A208-294FF03723DB.JSON
2026-01-08 10:00:43,446 - INFO - Procesado exitosamente: AF03CD2B-9D09-4F97-80E8-7AB66E843F99.json
2026-01-08 10:00:43,449 - INFO - Procesado exitosamente: B048B404-7A75-4503-B491-A6EDFF789AD4.json
2026-01-08 10:00:43,451 - INFO - Procesado exitosamente: B2A00246-E155-4E29-8517-16733035EFE3 SIEMENS.json
2026-01-08 10:00:43,453 - INFO - Procesado exitosamente: B3001F00-894B-4CFE-8ED8-D458A70E4C7E IMGRAL.json
2026-01-08 10:00:43,455 - INFO - Procesado exitosamente: B52270FA-58B8-472D-AE09-355D447A5CF2.json
2026-01-08 10:00:43,457 - INFO - Procesado exitosamente: B73C67D4-F513-4199-8329-4B1062067E81.json
2026-01-08 10:00:43,459 - INFO - Procesado exitosamente: B81DCACE-B766-49BF-9628-4DF221F05922.json
2026-01-08 10:00:43,462 - INFO - Procesado exitosamente: BF2BA5D5-9582-42EC-99C8-42DB67284886.json
2026-01-08 10:00:43,464 - INFO - Procesado exitosamente: BFCC3EFC-4BDD-4A5E-AD2E-F50AD0D44631.json
2026-01-08 10:00:43,466 - INFO - Procesado exitosamente: C05AFC5D-3407-4668-8826-68D3B3C4683E REPSA.json
2026-01-08 10:00:43,468 - INFO - Procesado exitosamente: C05AFC5D-3407-4668-8826-68D3B3C4683E.json
2026-01-08 10:00:43,469 - INFO - Procesado exitosamente: C205B00E-A61F-476F-AEBE-81E97844A178.json
2026-01-08 10:00:43,471 - INFO - Procesado exitosamente: C30F2128-1BD2-4930-8B18-091AACD0A1E7 IMGRAL.json
2026-01-08 10:00:43,474 - INFO - Procesado exitosamente: C565FBB3-6E06-406F-959B-11A7087C7A4E IMGRAL.json
2026-01-08 10:00:43,475 - INFO - Procesado exitosamente: C565FBB3-6E06-406F-959B-11A7087C7A4E.json
2026-01-08 10:00:43,477 - INFO - Procesado exitosamente: C5D598D6-0748-4E1A-B57E-4B35189EBBF4.json
2026-01-08 10:00:43,479 - INFO - Procesado exitosamente: C6E2AB93-65FA-4E40-AC6E-59AE8CC63431.json
2026-01-08 10:00:43,481 - INFO - Procesado exitosamente: C74AEDD0-D036-4387-AFF1-7DC4367037C7 IMGRAL NOTA DE CREDITO.json
2026-01-08 10:00:43,483 - INFO - Procesado exitosamente: C9C5FFBC-0745-4C3D-9547-0C76FB9077A0 SIEMENS.json
2026-01-08 10:00:43,484 - INFO - Procesado exitosamente: CA105E91-D16E-40A5-BF95-76BF0E5A8C84.json
2026-01-08 10:00:43,486 - INFO - Procesado exitosamente: COMPRETENCION_1_JSON (2).json
2026-01-08 10:00:43,488 - INFO - Procesado exitosamente: COMPRETENCION_1_JSON (3).json
2026-01-08 10:00:43,490 - INFO - Procesado exitosamente: COMPRETENCION_1_JSON.json
2026-01-08 10:00:43,491 - INFO - Procesado exitosamente: COMPRETENCION_1_JSON_1.json
2026-01-08 10:00:43,494 - INFO - Procesado exitosamente: COMPROBANTE_DE_DONACION-0614-151177-002-0-707242D3-ECD0-4DF9-ACD3-67D6A3644044.json
2026-01-08 10:00:43,496 - INFO - Procesado exitosamente: Comprobante_Electronico-2B22166E-FC8D-49C7-A20E-D0814F17C2EC.json
2026-01-08 10:00:43,498 - INFO - Procesado exitosamente: Comprobante_Electronico-F554889F-6589-4F74-9F50-B1A91EC6254C.json
2026-01-08 10:00:43,499 - INFO - Procesado exitosamente: D019F1FB-6ADF-6E51-B52A-FC0A47959E6B PROVEEDORES INDUSTRIALES.json
2026-01-08 10:00:43,500 - INFO - Procesado exitosamente: D0E2BADC-ED8B-4105-AA7F-CA6C4CD2889F IMGRAL.json
2026-01-08 10:00:43,502 - INFO - Procesado exitosamente: D0E2BADC-ED8B-4105-AA7F-CA6C4CD2889F.json
2026-01-08 10:00:43,503 - INFO - Procesado exitosamente: D26CDDAC-A1D0-46D6-8BAD-1A27186D339E SIEMENS.json
2026-01-08 10:00:43,506 - INFO - Procesado exitosamente: D2BC3659-F9FF-4EF3-9164-7D3722DC1147 REPSA.json
2026-01-08 10:00:43,508 - INFO - Procesado exitosamente: D39DC43D-2750-460B-8EFF-ECAAB9CA66DC.json
2026-01-08 10:00:43,509 - INFO - Procesado exitosamente: D470AB26-351E-49E0-B4AE-FEB0B7EB231D.json
2026-01-08 10:00:43,511 - INFO - Procesado exitosamente: D5BBC88C-D583-41E9-918A-527CD9FD6FE9 SIEMENS.json
2026-01-08 10:00:43,513 - INFO - Procesado exitosamente: D6B39A84-23B5-407E-B820-B292D1D152A0.json
2026-01-08 10:00:43,515 - INFO - Procesado exitosamente: D6E11EFC-44CF-408B-8124-046F35964C90 BADISA JOSE RUBEN MORAN ESTRADA.json
2026-01-08 10:00:43,517 - INFO - Procesado exitosamente: D7CF868B-1AAB-4C43-B995-08E6375912AF REPSA.json
2026-01-08 10:00:43,518 - INFO - Procesado exitosamente: D9D08459-A210-4E50-B4D4-A15AF613CBD5.json
2026-01-08 10:00:43,520 - INFO - Procesado exitosamente: DA4D4B01-C7FA-4878-8DA7-A89B72DC29C6.json
2026-01-08 10:00:43,522 - INFO - Procesado exitosamente: DBCAF93A-4A86-4BD6-9E94-96789E7A21C5.json
2026-01-08 10:00:43,524 - INFO - Procesado exitosamente: DC6E1ED2-652F-4521-9F84-BFD9E6B93E35 SIEMENS.json
2026-01-08 10:00:43,526 - INFO - Procesado exitosamente: DC7C7B8F-1405-49F7-AA31-A4AAFBC87EBE.json
2026-01-08 10:00:43,528 - INFO - Procesado exitosamente: DF24FB74-7E2B-4EEC-9028-E5A0DD22021F.json
2026-01-08 10:00:43,531 - INFO - Procesado exitosamente: DFB76D9A-FF63-4296-89EA-6BB6FDBBAD35 SIEMENS.json
2026-01-08 10:00:43,533 - INFO - Procesado exitosamente: DOC-3-250000000002587 CAMARA DE COMERCIO.json
2026-01-08 10:00:43,535 - INFO - Procesado exitosamente: DTE-03-M001P001-000000000000377 - 37 CENTRAL DE RODAMIENTO, S.A. DE C.V.json
2026-01-08 10:00:43,538 - INFO - Procesado exitosamente: DTE-03-M001P001-000000000000377 - 37 SEGURIDAD E INVERSIONES.json
2026-01-08 10:00:43,540 - INFO - Procesado exitosamente: DTE-03-M001P001-000000000006881-2025-11-22 PROVEEDORA DE RODAMIENTOS.json
2026-01-08 10:00:43,542 - INFO - Procesado exitosamente: DTE-03-M001P001-000000000006881-2025-11-22.json
2026-01-08 10:00:43,545 - INFO - Procesado exitosamente: DTE-03-M001P001-000000000006945-2025-11-25 PROVEEDORA DE RODAMIENTOS.json
2026-01-08 10:00:43,547 - INFO - Procesado exitosamente: DTE-03-M001P001-000000000006945-2025-11-25.json
2026-01-08 10:00:43,549 - INFO - Procesado exitosamente: DTE-03-M001P001-000000000007047-2025-12-01 PROVEEDORA DE RODAMIENTOS.json
2026-01-08 10:00:43,552 - INFO - Procesado exitosamente: DTE-03-M001P001-000000000007047-2025-12-01.json
2026-01-08 10:00:43,554 - INFO - Procesado exitosamente: DTE-03-M001P001-000000000007067-2025-12-01 PROVEEDORA DE RODAMIENTOS.json
2026-01-08 10:00:43,556 - INFO - Procesado exitosamente: DTE-03-M001P001-000000000007097-2025-12-02 PROVEEDORA DE RODAMIENTOS.json
2026-01-08 10:00:43,559 - INFO - Procesado exitosamente: DTE-03-M001P001-000000000007097-2025-12-02.json
2026-01-08 10:00:43,561 - INFO - Procesado exitosamente: DTE-03-M001P001-000000000007114-2025-12-02 PROVEEDORA DE RODAMIENTOS.json
2026-01-08 10:00:43,564 - INFO - Procesado exitosamente: DTE-03-M001P001-000000000007114-2025-12-02.json
2026-01-08 10:00:43,565 - INFO - Procesado exitosamente: DTE-03-M001P001-000000000007131-2025-12-03 PROVEEDORA DE RODAMIENTOS.json
2026-01-08 10:00:43,567 - INFO - Procesado exitosamente: DTE-03-M001P001-000000000007131-2025-12-03.json
2026-01-08 10:00:43,569 - INFO - Procesado exitosamente: DTE-03-M001P001-000000000007136-2025-12-03 PROVEEDORA DE RODAMIENTOS.json
2026-01-08 10:00:43,570 - INFO - Procesado exitosamente: DTE-03-M001P001-000000000007136-2025-12-03.json
2026-01-08 10:00:43,573 - INFO - Procesado exitosamente: DTE-03-M001P001-000000000007159-2025-12-04 PROVEEDORA DE RODAMIENTOS.json
2026-01-08 10:00:43,574 - INFO - Procesado exitosamente: DTE-03-M001P001-000000000007159-2025-12-04.json
2026-01-08 10:00:43,577 - INFO - Procesado exitosamente: DTE-03-M001P001-000000000007160-2025-12-04 PROVEEDORA DE RODAMIENTOS.json
2026-01-08 10:00:43,579 - INFO - Procesado exitosamente: DTE-03-M001P001-000000000007160-2025-12-04.json
2026-01-08 10:00:43,581 - INFO - Procesado exitosamente: DTE-03-M001P001-000000000007163-2025-12-04 PROVEEDORA DE RODAMIENTOS.json
2026-01-08 10:00:43,583 - INFO - Procesado exitosamente: DTE-03-M001P001-000000000007163-2025-12-04.json
2026-01-08 10:00:43,585 - INFO - Procesado exitosamente: DTE-03-M001P001-000000000007182-2025-12-04 PROVEEDORA DE RODAMIENTOS.json
2026-01-08 10:00:43,588 - INFO - Procesado exitosamente: DTE-03-M001P001-000000000007182-2025-12-04.json
2026-01-08 10:00:43,590 - INFO - Procesado exitosamente: DTE-03-M001P001-000000000007199-2025-12-05 PROVEEDORA DE RODAMIENTOS.json
2026-01-08 10:00:43,591 - INFO - Procesado exitosamente: DTE-03-M001P001-000000000007199-2025-12-05.json
2026-01-08 10:00:43,594 - INFO - Procesado exitosamente: DTE-03-M001P001-000000000007257-2025-12-08 PROVEEDORA DE RODAMIENTOS.json
2026-01-08 10:00:43,596 - INFO - Procesado exitosamente: DTE-03-M001P001-000000000007257-2025-12-08.json
2026-01-08 10:00:43,598 - INFO - Procesado exitosamente: DTE-03-M001P001-000000000007266-2025-12-09 PROVEEDORA DE RODAMIENTOS.json
2026-01-08 10:00:43,600 - INFO - Procesado exitosamente: DTE-03-M001P001-000000000007266-2025-12-09.json
2026-01-08 10:00:43,603 - INFO - Procesado exitosamente: DTE-03-M001P001-000000000007295-2025-12-09 PROVEEDORA DE RODAMIENTOS.json
2026-01-08 10:00:43,605 - INFO - Procesado exitosamente: DTE-03-M001P001-000000000007295-2025-12-09.json
2026-01-08 10:00:43,608 - INFO - Procesado exitosamente: DTE-03-M001P001-000000000007302-2025-12-10 PROVEEDORA DE RODAMIENTOS.json
2026-01-08 10:00:43,610 - INFO - Procesado exitosamente: DTE-03-M001P001-000000000007302-2025-12-10.json
2026-01-08 10:00:43,612 - INFO - Procesado exitosamente: DTE-03-M001P001-000000000007326-2025-12-10 PROVEEDORA DE RODAMIENTOS.json
2026-01-08 10:00:43,614 - INFO - Procesado exitosamente: DTE-03-M001P001-000000000007326-2025-12-10.json
2026-01-08 10:00:43,616 - INFO - Procesado exitosamente: DTE-03-M001P001-000000000007349-2025-12-11 PROVEEDORA DE RODAMIENTOS.json
2026-01-08 10:00:43,618 - INFO - Procesado exitosamente: DTE-03-M001P001-000000000007349-2025-12-11.json
2026-01-08 10:00:43,620 - INFO - Procesado exitosamente: DTE-03-M001P001-000000000007350-2025-12-11 PROVEEDORA DE RODAMIENTOS.json
2026-01-08 10:00:43,623 - INFO - Procesado exitosamente: DTE-03-M001P001-000000000007350-2025-12-11.json
2026-01-08 10:00:43,625 - INFO - Procesado exitosamente: DTE-03-M001P001-000000000007398-2025-12-12 PROVEEDORA DE RODAMIENTOS.json
2026-01-08 10:00:43,627 - INFO - Procesado exitosamente: DTE-03-M001P001-000000000007424-2025-12-15 PROVEEDORA DE RODAMIENTOS.json
2026-01-08 10:00:43,630 - INFO - Procesado exitosamente: DTE-03-M001P001-000000000007483-2025-12-16 PROVEEDORA DE RODAMIENTOS.json
2026-01-08 10:00:43,632 - INFO - Procesado exitosamente: DTE-03-M001P001-000000000007483-2025-12-16.json
2026-01-08 10:00:43,636 - INFO - Procesado exitosamente: DTE-03-M001P001-000000000007495-2025-12-17 PROVEEDORA DE RODAMIENTOS.json
2026-01-08 10:00:43,640 - INFO - Procesado exitosamente: DTE-03-M001P001-000000000007495-2025-12-17.json
2026-01-08 10:00:43,644 - INFO - Procesado exitosamente: DTE-03-M001P001-000000000007530-2025-12-18 PROVEEDORA DE RODAMIENTOS.json
2026-01-08 10:00:43,647 - INFO - Procesado exitosamente: DTE-03-M001P001-000000000007551-2025-12-18 PROVEEDORA DE RODAMIENTOS.json
2026-01-08 10:00:43,651 - INFO - Procesado exitosamente: DTE-03-M001P001-000000000007595-2025-12-22 PROVEEDORA DE RODAMIENTOS.json
2026-01-08 10:00:43,655 - INFO - Procesado exitosamente: DTE-03-M001P001-000000000007616-2025-12-23 PROVEEDORA DE RODAMIENTOS.json
2026-01-08 10:00:43,659 - INFO - Procesado exitosamente: DTE-03-M001P001-000000000007617-2025-12-23 PROVEEDORA DE RODAMIENTOS.json
2026-01-08 10:00:43,663 - INFO - Procesado exitosamente: DTE-03-M001P001-000000000007635-2025-12-23 PROVEEDORA DE RODAMIENTOS.json
2026-01-08 10:00:43,666 - INFO - Procesado exitosamente: dte-03-m001p0010000000000055401.json
2026-01-08 10:00:43,672 - INFO - Procesado exitosamente: DTE-05-M001P001-000000000000134-2025-08-30 PROVEEDORA DE RODAMIENTOS NOTA DE CREDITO.json
2026-01-08 10:00:43,676 - INFO - Procesado exitosamente: DTE-05-M001P001-000000000000191-2025-11-25 PROVEEDORA DE RODAMIENTOS.json
2026-01-08 10:00:43,680 - INFO - Procesado exitosamente: DTE-05-M001P001-000000000000191-2025-11-25.json
2026-01-08 10:00:43,685 - INFO - Procesado exitosamente: DTE-05-M001P001-000000000000216-2025-12-22 PROVEEDORA DE RODAMIENTOS NOTA DE CREDITO.json
2026-01-08 10:00:43,689 - INFO - Procesado exitosamente: DTE-05-M001P001-000000000000217-2025-12-22 PROVEEDORA DE RODAMIENTOS NOTA DE CREDITO.json
2026-01-08 10:00:43,693 - INFO - Procesado exitosamente: DTE-07-M001P001-000000000000802_834D8746-25B5-4732-8190-7224DF226810.json
2026-01-08 10:00:43,697 - INFO - Procesado exitosamente: DTE-07-M001P001-000000000004701_3B4594F6-0426-4B60-993E-7ED951C0BAD1.json
2026-01-08 10:00:43,701 - INFO - Procesado exitosamente: DTE-07-M001P001-000000000004702_CC0997A7-3FBC-4900-BC44-C1F7377E1BDB.json
2026-01-08 10:00:43,704 - INFO - Procesado exitosamente: DTE-07-M001P001-000000000004703_0E4E23E4-6253-4761-B28F-90115F9D40D9.json
2026-01-08 10:00:43,707 - INFO - Procesado exitosamente: DTE-07-M001P001-000000000004704_53993390-CCA0-4527-9AF8-F3016F93CFB7.json
2026-01-08 10:00:43,712 - INFO - Procesado exitosamente: DTE-07-M001P001-000000000004735_FD8A1F21-5EB1-4BDC-A301-23872CFC7BDB.json
2026-01-08 10:00:43,716 - INFO - Procesado exitosamente: DTE-07-M001P001-000000000005630_6BB96BEE-BF95-4829-B75A-001B5623B6B3.json
2026-01-08 10:00:43,719 - INFO - Procesado exitosamente: DTE-07-M001P001-202500000001680.json
2026-01-08 10:00:43,723 - INFO - Procesado exitosamente: DTE-07-M001P010-000000000010170-2F1B8414-99C9-4277-B970-CB1C8B14B12C-10-11-2025 025523.json
2026-01-08 10:00:43,729 - INFO - Procesado exitosamente: DTE-07-M001P010-000000000010461-9D020BB0-D298-4819-83AC-BEE2E40939CB-18-11-2025 021735.json
2026-01-08 10:00:43,733 - INFO - Procesado exitosamente: DTE-07-M001P010-000000000010550-AEFC8F20-D47A-4EE3-AF07-A6AC06B88CF8-20-11-2025 024901.json
2026-01-08 10:00:43,736 - INFO - Procesado exitosamente: DTE-07-M001P010-000000000010707-27B0CB09-4F1C-4604-8E57-795B04E582B6-25-11-2025 101502.json
2026-01-08 10:00:43,741 - INFO - Procesado exitosamente: DTE-07-M001P010-000000000010770-29029575-E3E0-4DD9-BE43-5ABCA1C0F71A-26-11-2025 022548.json
2026-01-08 10:00:43,745 - INFO - Procesado exitosamente: DTE-07-M001P010-000000000010871-359910A9-A847-4F1C-88D2-A6CF961A9E52-28-11-2025 024944.json
2026-01-08 10:00:43,749 - INFO - Procesado exitosamente: DTE-07-S003P001-000000000000106_7DA3A730-70AB-4897-BB57-D55831A9A9FC.json
2026-01-08 10:00:43,752 - INFO - Procesado exitosamente: E147BD08-5F98-447C-BD1D-3BECC4294D47 IMGRAL.json
2026-01-08 10:00:43,757 - INFO - Procesado exitosamente: E194F27A-0B75-3250-8448-5267881123FE PROVEEDORES INDUSTRIALES.json
2026-01-08 10:00:43,763 - INFO - Procesado exitosamente: E50DB34B-E50B-4375-A726-ED8C36E49A3D.JSON
2026-01-08 10:00:43,767 - INFO - Procesado exitosamente: E5A7D023-74B9-4450-8811-24E05B47AED6 IMGRAL.json
2026-01-08 10:00:43,770 - INFO - Procesado exitosamente: E80D4731-4D33-4F20-A1AC-341C8A3DB2BE REPSA.json
2026-01-08 10:00:43,775 - INFO - Procesado exitosamente: E80D4731-4D33-4F20-A1AC-341C8A3DB2BE.json
2026-01-08 10:00:43,779 - INFO - Procesado exitosamente: E825DF31-144C-47F5-8488-A9EA6F963372 IMGRAL.json
2026-01-08 10:00:43,783 - INFO - Procesado exitosamente: EC2A892C-5336-49BE-832F-4D2656FA682E.json
2026-01-08 10:00:43,787 - INFO - Procesado exitosamente: EE8841FB-E9FB-4B1C-874D-C69AF5C00E58 IMGRAL.json
2026-01-08 10:00:43,791 - INFO - Procesado exitosamente: EE8841FB-E9FB-4B1C-874D-C69AF5C00E58.json
2026-01-08 10:00:43,796 - INFO - Procesado exitosamente: EFA27456-B005-4F04-A1FD-EB72617BC038.json
2026-01-08 10:00:43,798 - INFO - Procesado exitosamente: F2255930-012D-45D4-A878-C5BF8833F3AA SIEMENS.json
2026-01-08 10:00:43,801 - INFO - Procesado exitosamente: F2BAE404-16EE-7D52-8B51-89F04E775F64 PROVEEDORES INDUSTRIALES.json
2026-01-08 10:00:43,804 - INFO - Procesado exitosamente: F97AFD2B-C4DA-40AB-8C60-4CA7D773381B.JSON
2026-01-08 10:00:43,808 - INFO - Procesado exitosamente: F9EA6881-4E9A-40B9-B307-3C6213F4D3F8.json
2026-01-08 10:00:43,811 - INFO - Procesado exitosamente: factura-DTE-07-M001P001-000000000008439.json
2026-01-08 10:00:43,815 - INFO - Procesado exitosamente: FC71A4F2-606A-4C12-968B-1C3F3F13E0E1.json
2026-01-08 10:00:43,819 - INFO - Procesado exitosamente: FDFD466B-597B-4483-B341-C24123BC9ED9.json
2026-01-08 10:00:43,823 - INFO - Procesado exitosamente: FEDC4A8F-B432-4E43-98A3-69ED000269F7 REPSA.json
2026-01-08 10:00:43,827 - INFO - Procesado exitosamente: Retención No.4999.json
2026-01-08 10:15:52,931 - INFO - Procesado exitosamente: 0178483A-CC0C-406B-8D75-56A23E141CDF.json
2026-01-08 10:15:52,932 - INFO - Procesado exitosamente: 07014DF3-EE97-40A6-B5F2-92A08C8F2EC0 SIEMENS.json
2026-01-08 10:15:52,934 - INFO - Procesado exitosamente: 08BA07D0-F4CB-4AA9-8EF3-6FC2AB2F35C5 IMGRAL.json
2026-01-08 10:15:52,935 - INFO - Procesado exitosamente: 08C47A1E-489B-4747-96BF-BDBA13D427F9.json
2026-01-08 10:15:52,936 - INFO - Procesado exitosamente: 09816B84-1C5A-4DC6-8874-69F0F786B796 SIEMENS.json
2026-01-08 10:15:52,941 - INFO - Procesado exitosamente: 09C6487E-B719-434C-BBFE-CC60313942DB.json
2026-01-08 10:15:52,943 - INFO - Procesado exitosamente: 0B40C520-6B97-4E84-92DF-35A8D29EA4BA.json
2026-01-08 10:15:52,945 - INFO - Procesado exitosamente: 0FDD345F-42E8-4C0B-8836-A9F16BE9EE28 IMGRAL.json
2026-01-08 10:15:52,947 - INFO - Procesado exitosamente: 115BBDE7-2265-4FDD-8DA9-4D7FBCB8E58F.json
2026-01-08 10:15:52,949 - INFO - Procesado exitosamente: 13B5D334-13CE-48AD-AE24-7D8497D38E32.json
2026-01-08 10:15:52,950 - INFO - Procesado exitosamente: 15493B56-AD10-4116-8FB9-DD80F4572E2A REPSA.json
2026-01-08 10:15:52,951 - INFO - Procesado exitosamente: 158FC361-9DCA-47CE-B8AC-73BAFB60F8CF IMGRAL.json
2026-01-08 10:15:52,953 - INFO - Procesado exitosamente: 15F0FD55-2D8D-45AC-A065-C21F98126780.json
2026-01-08 10:15:52,955 - INFO - Procesado exitosamente: 195A102C-0ABF-45B8-949F-D74CBA15B177 IMGRAL.json
2026-01-08 10:15:52,957 - INFO - Procesado exitosamente: 1BF1D241-813E-4BBC-9FE0-2B56E2176DC3.json
2026-01-08 10:15:52,958 - INFO - Procesado exitosamente: 1C06FFA3-07CE-4F9A-94AF-6611F75A4EA7.json
2026-01-08 10:15:52,960 - INFO - Procesado exitosamente: 1F001ABE-6976-4E68-8816-5007EF3F1651.json
2026-01-08 10:15:52,961 - INFO - Procesado exitosamente: 1P001-00000000000647006141511770020.json
2026-01-08 10:15:52,963 - INFO - Procesado exitosamente: 1P001-00000000000647106141511770020.json
2026-01-08 10:15:52,965 - INFO - Procesado exitosamente: 1P001-00000000000647306141511770020.json
2026-01-08 10:15:52,967 - INFO - Procesado exitosamente: 1P001-00000000000651006141511770020.json
2026-01-08 10:15:52,968 - INFO - Procesado exitosamente: 1P001-00000000000651306141511770020.json
2026-01-08 10:15:52,970 - INFO - Procesado exitosamente: 1P001-00000000000724406141511770020.json
2026-01-08 10:15:52,971 - INFO - Procesado exitosamente: 23159F04-1D92-4864-8484-1B89FE2A21EB IMGRAL.json
2026-01-08 10:15:52,973 - INFO - Procesado exitosamente: 23159F04-1D92-4864-8484-1B89FE2A21EB.json
2026-01-08 10:15:52,974 - INFO - Procesado exitosamente: 243B9134-1B15-4645-AB77-045BFC25384D.json
2026-01-08 10:15:52,975 - INFO - Procesado exitosamente: 264724A6-8A93-4752-97A5-1AAC6AE3719B.json
2026-01-08 10:15:52,978 - INFO - Procesado exitosamente: 269A17A2-4029-4487-B494-F488358DDF5E.json
2026-01-08 10:15:52,979 - INFO - Procesado exitosamente: 27E379B7-1B83-4C64-ADC0-5C83806A597A.json
2026-01-08 10:15:52,981 - INFO - Procesado exitosamente: 283B5113-C01B-46D1-A890-CD00F9A8E2F8.json
2026-01-08 10:15:52,982 - INFO - Procesado exitosamente: 2A7845F5-10D0-4D23-9137-CDE526530AFE.json
2026-01-08 10:15:52,984 - INFO - Procesado exitosamente: 343D5D62-1544-407E-822D-099EFC5864D1 SIEMENS.json
2026-01-08 10:15:52,985 - INFO - Procesado exitosamente: 389D2801-2C0B-42D7-9CCB-DEA24161499E.json
2026-01-08 10:15:52,987 - INFO - Procesado exitosamente: 3908DBEA-9E7D-4107-BA82-6A46F5E20766 REPSA.json
2026-01-08 10:15:52,988 - INFO - Procesado exitosamente: 397F2380-4487-4AD8-879A-8B21608BC008.json
2026-01-08 10:15:52,991 - INFO - Procesado exitosamente: 3E8DF982-0938-4596-A636-EED7C6E5D4FF IMGRAL.json
2026-01-08 10:15:52,993 - INFO - Procesado exitosamente: 3EBE2A93-5BBC-4718-B4EB-229F66F9B22B IMGRAL.json
2026-01-08 10:15:52,994 - INFO - Procesado exitosamente: 3EBE2A93-5BBC-4718-B4EB-229F66F9B22B.json
2026-01-08 10:15:52,995 - INFO - Procesado exitosamente: 3F4AFD0B-F68C-43E8-A368-BC9F65362285 REPSA.json
2026-01-08 10:15:52,997 - INFO - Procesado exitosamente: 3F4AFD0B-F68C-43E8-A368-BC9F65362285.json
2026-01-08 10:15:52,998 - INFO - Procesado exitosamente: 3F66EE72-42CE-429A-ADD7-479231E99B71.json
2026-01-08 10:15:52,999 - INFO - Procesado exitosamente: 425190B5-FA26-44EA-B9D6-6FE1BD8E53C7 REPSA.json
2026-01-08 10:15:53,001 - INFO - Procesado exitosamente: 43043AD5-35CE-4FCF-E064-00144FF8838D.json
2026-01-08 10:15:53,002 - INFO - Procesado exitosamente: 43535047-9E86-17F6-E064-00144FF8838D.json
2026-01-08 10:15:53,004 - INFO - Procesado exitosamente: 4870733B-AA56-4B86-8E07-A3EC5E6877CB SIEMENS.json
2026-01-08 10:15:53,005 - INFO - Procesado exitosamente: 49848884-BBE4-45B7-9593-B8A7D73FE19D IMGRAL.json
2026-01-08 10:15:53,007 - INFO - Procesado exitosamente: 4CCA5A65-EE3E-4A27-B616-D84B7EF26AF6 REPSA.json
2026-01-08 10:15:53,009 - INFO - Procesado exitosamente: 4F3DC115-3B92-4484-830F-BC316CED7AE6.json
2026-01-08 10:15:53,010 - INFO - Procesado exitosamente: 4FBD4C42-D77B-4D1F-B866-F5DAFF522987 SIEMENS.json
2026-01-08 10:15:53,011 - INFO - Procesado exitosamente: 50500DA2-6BC8-4588-8F2A-36BF6F3D83A7.json
2026-01-08 10:15:53,013 - INFO - Procesado exitosamente: 5090C819-7014-4905-BBD1-D3D5914620E2 IMGRAL.json
2026-01-08 10:15:53,014 - INFO - Procesado exitosamente: 5261228E-5188-4F4C-8D03-B83CB26DFF85.json
2026-01-08 10:15:53,016 - INFO - Procesado exitosamente: 53DC06EA-7C2B-4831-98FE-396E98E639B2 SIEMENS.json
2026-01-08 10:15:53,017 - INFO - Procesado exitosamente: 5611D44A-3067-48DF-924C-FC3B8BDBFDE5 REPSA.json
2026-01-08 10:15:53,019 - INFO - Procesado exitosamente: 57409D26-3F13-4AD3-9D5B-B028F9B9DAB2 IMGRAL.json
2026-01-08 10:15:53,020 - INFO - Procesado exitosamente: 575F8071-3858-4219-B965-CBF86587FE97 IMGRAL.json
2026-01-08 10:15:53,022 - INFO - Procesado exitosamente: 5839E27F-5702-4CED-89E9-0A19DE35F6AC.json
2026-01-08 10:15:53,023 - INFO - Procesado exitosamente: 5CA054BA-ABEF-4FFC-A925-08DC297907AE IMGRAL.json
2026-01-08 10:15:53,025 - INFO - Procesado exitosamente: 5F6145CA-1AE2-2853-9D1C-5448063F4BB2 PROVEEDORES INDUSTRIALES.json
2026-01-08 10:15:53,027 - INFO - Procesado exitosamente: 5F6145CA-1AE2-2853-9D1C-5448063F4BB2.json
2026-01-08 10:15:53,028 - INFO - Procesado exitosamente: 61BAC9D8-963C-45F0-A1D5-BD9592B58518 SIEMENS.json
2026-01-08 10:15:53,030 - INFO - Procesado exitosamente: 61EDE671-97A2-412A-8392-8F6B44C904F2.json
2026-01-08 10:15:53,031 - INFO - Procesado exitosamente: 6224EF1E-CFB5-4FE7-9C6C-A9DCF836AB87.json
2026-01-08 10:15:53,033 - INFO - Procesado exitosamente: 6254DC64-2B31-440C-A6FA-EF8267CE475E.json
2026-01-08 10:15:53,035 - INFO - Procesado exitosamente: 63995E65-FA18-1FD0-AEB2-808000245862.json
2026-01-08 10:15:53,037 - INFO - Procesado exitosamente: 63995E65-FA18-1FD0-AEB2-828000245863.json
2026-01-08 10:15:53,038 - INFO - Procesado exitosamente: 63995E65-FA18-1FD0-B09C-A98000246506.json
2026-01-08 10:15:53,039 - INFO - Procesado exitosamente: 63995E65-FA18-1FD0-B09C-AE8000246507.json
2026-01-08 10:15:53,041 - INFO - Procesado exitosamente: 63995E65-FA18-1FD0-B09C-B28000246508.json
2026-01-08 10:15:53,043 - INFO - Procesado exitosamente: 63995E65-FA18-1FD0-B1B0-E68000246623.json
2026-01-08 10:15:53,044 - INFO - Procesado exitosamente: 63995E65-FA18-1FD0-B1B1-C68000246695.json
2026-01-08 10:15:53,045 - INFO - Procesado exitosamente: 63995E65-FA18-1FD0-B393-538000247174.json
2026-01-08 10:15:53,046 - INFO - Procesado exitosamente: 63995E65-FA18-1FD0-B393-568000247175.json
2026-01-08 10:15:53,048 - INFO - Procesado exitosamente: 63995E65-FA18-1FD0-B395-6B8000247295.json
2026-01-08 10:15:53,050 - INFO - Procesado exitosamente: 63995E65-FA18-1FD0-B395-6E8000247296.json
2026-01-08 10:15:53,051 - INFO - Procesado exitosamente: 63995E65-FA18-1FD0-B395-708000247297.json
2026-01-08 10:15:53,053 - INFO - Procesado exitosamente: 63995E65-FA18-1FD0-B395-738000247298.json
2026-01-08 10:15:53,054 - INFO - Procesado exitosamente: 63995E65-FA18-1FD0-B395-758000247299.json
2026-01-08 10:15:53,055 - INFO - Procesado exitosamente: 672D6737-AFC6-4935-B41C-445903423A39 INCAPROSA.json
2026-01-08 10:15:53,058 - INFO - Procesado exitosamente: 672D6737-AFC6-4935-B41C-445903423A39.json
2026-01-08 10:15:53,060 - INFO - Procesado exitosamente: 6B473887-EE07-45F0-B6D3-12DF19C9B934.json
2026-01-08 10:15:53,061 - INFO - Procesado exitosamente: 6F3EC5DD-FE11-4A56-ABF8-5052DDFAADDD.json
2026-01-08 10:15:53,063 - INFO - Procesado exitosamente: 70F448C6-F7DF-415F-A3FE-C737208057E8.json
2026-01-08 10:15:53,064 - INFO - Procesado exitosamente: 7146F7AD-C19D-4A89-90C4-BEFC70AE03CA.json
2026-01-08 10:15:53,065 - INFO - Procesado exitosamente: 71954747-81F4-4FBE-BF8F-4B8B171FECF1.json
2026-01-08 10:15:53,067 - INFO - Procesado exitosamente: 74545B64-192E-4E64-B9E7-DC66A64EDA7F SIEMENS.json
2026-01-08 10:15:53,068 - INFO - Procesado exitosamente: 745A167C-EB00-47D8-80A3-E212BAB7F4FD LA CASA DEL SOLDADOR.json
2026-01-08 10:15:53,070 - INFO - Procesado exitosamente: 74E12736-8380-4946-B853-8CDAE45ABDAC IMGRAL.json
2026-01-08 10:15:53,071 - INFO - Procesado exitosamente: 787928DA-ED91-4755-80D6-0E43EADA8BA0.json
2026-01-08 10:15:53,073 - INFO - Procesado exitosamente: 789FCA04-E38D-400C-8D17-9E8BE8CE6848 IMGRAL.json
2026-01-08 10:15:53,074 - INFO - Procesado exitosamente: 79157784-11AD-4903-B5F6-EB9A39E20377.json
2026-01-08 10:15:53,075 - INFO - Procesado exitosamente: 7A16FAE7-AF0D-4478-805F-70E3CF38014F SIEMENS.json
2026-01-08 10:15:53,076 - INFO - Procesado exitosamente: 7D41829A-DE48-4C50-9030-B192AF151C77.json
2026-01-08 10:15:53,079 - INFO - Procesado exitosamente: 7EBBD87D-E725-41A3-863B-BB276BA5C2EB IMGRAL.json
2026-01-08 10:15:53,080 - INFO - Procesado exitosamente: 7FB1075A-7732-4D82-9363-8550FF0EDD3B SIEMENS.json
2026-01-08 10:15:53,082 - INFO - Procesado exitosamente: 80A7EEC7-577E-4D91-8401-2689379D89C4.json
2026-01-08 10:15:53,083 - INFO - Procesado exitosamente: 81DF16F8-A1D4-4BE9-9449-A3239DEBC259 IMGRAL NOTA DE CREDITO.json
2026-01-08 10:15:53,084 - INFO - Procesado exitosamente: 83CF9CF3-7D3A-4352-B3BA-72BCA15BF460.json
2026-01-08 10:15:53,086 - INFO - Procesado exitosamente: 859885B7-81DE-4E25-8AF8-FAE06ECA07FF ITCA DONACION.json
2026-01-08 10:15:53,087 - INFO - Procesado exitosamente: 859885B7-81DE-4E25-8AF8-FAE06ECA07FF.json
2026-01-08 10:15:53,088 - INFO - Procesado exitosamente: 86B872B3-7509-4495-9187-4279F27A1B2D.json
2026-01-08 10:15:53,089 - INFO - Procesado exitosamente: 86EFF862-3248-4FC5-B92D-16C67247A852.json
2026-01-08 10:15:53,091 - INFO - Procesado exitosamente: 87F967CE-45EF-4FAC-BC44-DF9B1EFA3404 REPSA.json
2026-01-08 10:15:53,092 - INFO - Procesado exitosamente: 888A968D-CE20-41EE-87F2-D6F70A9FB151.json
2026-01-08 10:15:53,093 - INFO - Procesado exitosamente: 889B95B5-3382-4C46-8E3F-801AA358EA71.json
2026-01-08 10:15:53,095 - INFO - Procesado exitosamente: 89C64ABE-40DD-4F27-81C1-DA1F9F514E87 IMGRAL.json
2026-01-08 10:15:53,096 - INFO - Procesado exitosamente: 8D46F6E5-F7AF-4397-AB92-2D871C559313.JSON
2026-01-08 10:15:53,098 - INFO - Procesado exitosamente: 8D4912C3-3972-1FE0-B3B2-C2ACA286BCB7.json
2026-01-08 10:15:53,099 - INFO - Procesado exitosamente: 8D963F4A-24DB-43CB-A4FC-B8B129B6152F.json
2026-01-08 10:15:53,101 - INFO - Procesado exitosamente: 8DC78825-4EEB-4B19-A099-952E1E16F23D IMGRAL.json
2026-01-08 10:15:53,102 - INFO - Procesado exitosamente: 92C691F5-44D5-4328-A370-7AAAEC9B8C29  SALNET.json
2026-01-08 10:15:53,104 - INFO - Procesado exitosamente: 9301546B-C938-45F7-82D3-4CDD78DCA561 SIEMENS.json
2026-01-08 10:15:53,105 - INFO - Procesado exitosamente: 933A63F8-FD8A-4595-97F4-93FFDEA88CE3.json
2026-01-08 10:15:53,106 - INFO - Procesado exitosamente: 939015D2-73A3-46CF-AB81-C509B70D8C8C IMGRAL.json
2026-01-08 10:15:53,108 - INFO - Procesado exitosamente: 9457B266-7408-448B-9B38-4F25FC1C9784 IMGRAL.json
2026-01-08 10:15:53,109 - INFO - Procesado exitosamente: 949E828F-D67A-4472-B14D-3DCF0DB40415 IMGRAL.json
2026-01-08 10:15:53,112 - INFO - Procesado exitosamente: 949E828F-D67A-4472-B14D-3DCF0DB40415.json
2026-01-08 10:15:53,113 - INFO - Procesado exitosamente: 95E6555D-DC2D-434B-99AA-2BA9FBE3D77E REPSA.json
2026-01-08 10:15:53,115 - INFO - Procesado exitosamente: 9642D72D-13E3-464C-B31E-82F58373A0EC IMGRAL.json
2026-01-08 10:15:53,116 - INFO - Procesado exitosamente: 99ABAD76-801B-49A7-998D-5B4AAE514B19.JSON
2026-01-08 10:15:53,118 - INFO - Procesado exitosamente: 9C12B13A-A617-4D21-A07C-084AE61789F1 IMGRAL.json
2026-01-08 10:15:53,119 - INFO - Procesado exitosamente: 9C12B13A-A617-4D21-A07C-084AE61789F1.json
2026-01-08 10:15:53,120 - INFO - Procesado exitosamente: 9C610C5D-92C9-4FE2-8C7F-578AC90854A9.json
2026-01-08 10:15:53,122 - INFO - Procesado exitosamente: 9CDA5E21-AD11-4286-BC85-054A7273DF5E REPSA.json
2026-01-08 10:15:53,124 - INFO - Procesado exitosamente: 9E8A3FDF-C3C2-4F79-9691-5A0BA29A2E13 BADISA JOSE RUBEN MORAN ESTRADA.json
2026-01-08 10:15:53,125 - INFO - Procesado exitosamente: A236E8C0-0A59-4756-8E9E-1A073B6D9E5B IMGRAL.json
2026-01-08 10:15:53,127 - INFO - Procesado exitosamente: A2E60598-E8B2-4B03-9040-D2920B32EE6B REPSA.json
2026-01-08 10:15:53,129 - INFO - Procesado exitosamente: A3D11227-70B9-4D40-81E5-8901ABF6A766.json
2026-01-08 10:15:53,130 - INFO - Procesado exitosamente: A46D4E64-4485-41B4-8248-152D2E98DD72.json
2026-01-08 10:15:53,132 - INFO - Procesado exitosamente: A4C1A9E6-F97B-438E-8A9E-8D1FB94E7905.JSON
2026-01-08 10:15:53,133 - INFO - Procesado exitosamente: A81ECC1B-8D16-485F-A859-EAE75E5F6750 SIEMENS.json
2026-01-08 10:15:53,135 - INFO - Procesado exitosamente: A91B7DF7-81AE-4934-9194-8B9FEC3046C5.json
2026-01-08 10:15:53,136 - INFO - Procesado exitosamente: ABF1227C-1FCA-43A4-817B-DB4D94FEAF04.json
2026-01-08 10:15:53,138 - INFO - Procesado exitosamente: ACE4AE8F-B68D-47A4-A051-B02280D46DA1 IMGRAL.json
2026-01-08 10:15:53,139 - INFO - Procesado exitosamente: AE39D60E-E09E-44BF-A208-294FF03723DB.JSON
2026-01-08 10:15:53,142 - INFO - Procesado exitosamente: AF03CD2B-9D09-4F97-80E8-7AB66E843F99.json
2026-01-08 10:15:53,144 - INFO - Procesado exitosamente: B048B404-7A75-4503-B491-A6EDFF789AD4.json
2026-01-08 10:15:53,145 - INFO - Procesado exitosamente: B2A00246-E155-4E29-8517-16733035EFE3 SIEMENS.json
2026-01-08 10:15:53,147 - INFO - Procesado exitosamente: B3001F00-894B-4CFE-8ED8-D458A70E4C7E IMGRAL.json
2026-01-08 10:15:53,147 - INFO - Procesado exitosamente: B52270FA-58B8-472D-AE09-355D447A5CF2.json
2026-01-08 10:15:53,150 - INFO - Procesado exitosamente: B73C67D4-F513-4199-8329-4B1062067E81.json
2026-01-08 10:15:53,151 - INFO - Procesado exitosamente: B81DCACE-B766-49BF-9628-4DF221F05922.json
2026-01-08 10:15:53,152 - INFO - Procesado exitosamente: BF2BA5D5-9582-42EC-99C8-42DB67284886.json
2026-01-08 10:15:53,153 - INFO - Procesado exitosamente: BFCC3EFC-4BDD-4A5E-AD2E-F50AD0D44631.json
2026-01-08 10:15:53,156 - INFO - Procesado exitosamente: C05AFC5D-3407-4668-8826-68D3B3C4683E REPSA.json
2026-01-08 10:15:53,157 - INFO - Procesado exitosamente: C05AFC5D-3407-4668-8826-68D3B3C4683E.json
2026-01-08 10:15:53,158 - INFO - Procesado exitosamente: C205B00E-A61F-476F-AEBE-81E97844A178.json
2026-01-08 10:15:53,160 - INFO - Procesado exitosamente: C30F2128-1BD2-4930-8B18-091AACD0A1E7 IMGRAL.json
2026-01-08 10:15:53,162 - INFO - Procesado exitosamente: C565FBB3-6E06-406F-959B-11A7087C7A4E IMGRAL.json
2026-01-08 10:15:53,163 - INFO - Procesado exitosamente: C565FBB3-6E06-406F-959B-11A7087C7A4E.json
2026-01-08 10:15:53,165 - INFO - Procesado exitosamente: C5D598D6-0748-4E1A-B57E-4B35189EBBF4.json
2026-01-08 10:15:53,166 - INFO - Procesado exitosamente: C6E2AB93-65FA-4E40-AC6E-59AE8CC63431.json
2026-01-08 10:15:53,168 - INFO - Procesado exitosamente: C74AEDD0-D036-4387-AFF1-7DC4367037C7 IMGRAL NOTA DE CREDITO.json
2026-01-08 10:15:53,169 - INFO - Procesado exitosamente: C9C5FFBC-0745-4C3D-9547-0C76FB9077A0 SIEMENS.json
2026-01-08 10:15:53,171 - INFO - Procesado exitosamente: CA105E91-D16E-40A5-BF95-76BF0E5A8C84.json
2026-01-08 10:15:53,173 - INFO - Procesado exitosamente: COMPRETENCION_1_JSON (2).json
2026-01-08 10:15:53,175 - INFO - Procesado exitosamente: COMPRETENCION_1_JSON (3).json
2026-01-08 10:15:53,176 - INFO - Procesado exitosamente: COMPRETENCION_1_JSON.json
2026-01-08 10:15:53,177 - INFO - Procesado exitosamente: COMPRETENCION_1_JSON_1.json
2026-01-08 10:15:53,179 - INFO - Procesado exitosamente: COMPROBANTE_DE_DONACION-0614-151177-002-0-707242D3-ECD0-4DF9-ACD3-67D6A3644044.json
2026-01-08 10:15:53,181 - INFO - Procesado exitosamente: Comprobante_Electronico-2B22166E-FC8D-49C7-A20E-D0814F17C2EC.json
2026-01-08 10:15:53,182 - INFO - Procesado exitosamente: Comprobante_Electronico-F554889F-6589-4F74-9F50-B1A91EC6254C.json
2026-01-08 10:15:53,184 - INFO - Procesado exitosamente: D019F1FB-6ADF-6E51-B52A-FC0A47959E6B PROVEEDORES INDUSTRIALES.json
2026-01-08 10:15:53,186 - INFO - Procesado exitosamente: D0E2BADC-ED8B-4105-AA7F-CA6C4CD2889F IMGRAL.json
2026-01-08 10:15:53,187 - INFO - Procesado exitosamente: D0E2BADC-ED8B-4105-AA7F-CA6C4CD2889F.json
2026-01-08 10:15:53,189 - INFO - Procesado exitosamente: D26CDDAC-A1D0-46D6-8BAD-1A27186D339E SIEMENS.json
2026-01-08 10:15:53,192 - INFO - Procesado exitosamente: D2BC3659-F9FF-4EF3-9164-7D3722DC1147 REPSA.json
2026-01-08 10:15:53,194 - INFO - Procesado exitosamente: D39DC43D-2750-460B-8EFF-ECAAB9CA66DC.json
2026-01-08 10:15:53,197 - INFO - Procesado exitosamente: D470AB26-351E-49E0-B4AE-FEB0B7EB231D.json
2026-01-08 10:15:53,199 - INFO - Procesado exitosamente: D5BBC88C-D583-41E9-918A-527CD9FD6FE9 SIEMENS.json
2026-01-08 10:15:53,202 - INFO - Procesado exitosamente: D6B39A84-23B5-407E-B820-B292D1D152A0.json
2026-01-08 10:15:53,205 - INFO - Procesado exitosamente: D6E11EFC-44CF-408B-8124-046F35964C90 BADISA JOSE RUBEN MORAN ESTRADA.json
2026-01-08 10:15:53,208 - INFO - Procesado exitosamente: D7CF868B-1AAB-4C43-B995-08E6375912AF REPSA.json
2026-01-08 10:15:53,211 - INFO - Procesado exitosamente: D9D08459-A210-4E50-B4D4-A15AF613CBD5.json
2026-01-08 10:15:53,214 - INFO - Procesado exitosamente: DA4D4B01-C7FA-4878-8DA7-A89B72DC29C6.json
2026-01-08 10:15:53,216 - INFO - Procesado exitosamente: DBCAF93A-4A86-4BD6-9E94-96789E7A21C5.json
2026-01-08 10:15:53,219 - INFO - Procesado exitosamente: DC6E1ED2-652F-4521-9F84-BFD9E6B93E35 SIEMENS.json
2026-01-08 10:15:53,222 - INFO - Procesado exitosamente: DC7C7B8F-1405-49F7-AA31-A4AAFBC87EBE.json
2026-01-08 10:15:53,224 - INFO - Procesado exitosamente: DF24FB74-7E2B-4EEC-9028-E5A0DD22021F.json
2026-01-08 10:15:53,227 - INFO - Procesado exitosamente: DFB76D9A-FF63-4296-89EA-6BB6FDBBAD35 SIEMENS.json
2026-01-08 10:15:53,230 - INFO - Procesado exitosamente: DOC-3-250000000002587 CAMARA DE COMERCIO.json
2026-01-08 10:15:53,232 - INFO - Procesado exitosamente: DTE-03-M001P001-000000000000377 - 37 CENTRAL DE RODAMIENTO, S.A. DE C.V.json
2026-01-08 10:15:53,235 - INFO - Procesado exitosamente: DTE-03-M001P001-000000000000377 - 37 SEGURIDAD E INVERSIONES.json
2026-01-08 10:15:53,238 - INFO - Procesado exitosamente: DTE-03-M001P001-000000000006881-2025-11-22 PROVEEDORA DE RODAMIENTOS.json
2026-01-08 10:15:53,241 - INFO - Procesado exitosamente: DTE-03-M001P001-000000000006881-2025-11-22.json
2026-01-08 10:15:53,244 - INFO - Procesado exitosamente: DTE-03-M001P001-000000000006945-2025-11-25 PROVEEDORA DE RODAMIENTOS.json
2026-01-08 10:15:53,247 - INFO - Procesado exitosamente: DTE-03-M001P001-000000000006945-2025-11-25.json
2026-01-08 10:15:53,250 - INFO - Procesado exitosamente: DTE-03-M001P001-000000000007047-2025-12-01 PROVEEDORA DE RODAMIENTOS.json
2026-01-08 10:15:53,253 - INFO - Procesado exitosamente: DTE-03-M001P001-000000000007047-2025-12-01.json
2026-01-08 10:15:53,256 - INFO - Procesado exitosamente: DTE-03-M001P001-000000000007067-2025-12-01 PROVEEDORA DE RODAMIENTOS.json
2026-01-08 10:15:53,258 - INFO - Procesado exitosamente: DTE-03-M001P001-000000000007097-2025-12-02 PROVEEDORA DE RODAMIENTOS.json
2026-01-08 10:15:53,260 - INFO - Procesado exitosamente: DTE-03-M001P001-000000000007097-2025-12-02.json
2026-01-08 10:15:53,262 - INFO - Procesado exitosamente: DTE-03-M001P001-000000000007114-2025-12-02 PROVEEDORA DE RODAMIENTOS.json
2026-01-08 10:15:53,264 - INFO - Procesado exitosamente: DTE-03-M001P001-000000000007114-2025-12-02.json
2026-01-08 10:15:53,266 - INFO - Procesado exitosamente: DTE-03-M001P001-000000000007131-2025-12-03 PROVEEDORA DE RODAMIENTOS.json
2026-01-08 10:15:53,268 - INFO - Procesado exitosamente: DTE-03-M001P001-000000000007131-2025-12-03.json
2026-01-08 10:15:53,271 - INFO - Procesado exitosamente: DTE-03-M001P001-000000000007136-2025-12-03 PROVEEDORA DE RODAMIENTOS.json
2026-01-08 10:15:53,273 - INFO - Procesado exitosamente: DTE-03-M001P001-000000000007136-2025-12-03.json
2026-01-08 10:15:53,274 - INFO - Procesado exitosamente: DTE-03-M001P001-000000000007159-2025-12-04 PROVEEDORA DE RODAMIENTOS.json
2026-01-08 10:15:53,276 - INFO - Procesado exitosamente: DTE-03-M001P001-000000000007159-2025-12-04.json
2026-01-08 10:15:53,277 - INFO - Procesado exitosamente: DTE-03-M001P001-000000000007160-2025-12-04 PROVEEDORA DE RODAMIENTOS.json
2026-01-08 10:15:53,279 - INFO - Procesado exitosamente: DTE-03-M001P001-000000000007160-2025-12-04.json
2026-01-08 10:15:53,281 - INFO - Procesado exitosamente: DTE-03-M001P001-000000000007163-2025-12-04 PROVEEDORA DE RODAMIENTOS.json
2026-01-08 10:15:53,282 - INFO - Procesado exitosamente: DTE-03-M001P001-000000000007163-2025-12-04.json
2026-01-08 10:15:53,284 - INFO - Procesado exitosamente: DTE-03-M001P001-000000000007182-2025-12-04 PROVEEDORA DE RODAMIENTOS.json
2026-01-08 10:15:53,286 - INFO - Procesado exitosamente: DTE-03-M001P001-000000000007182-2025-12-04.json
2026-01-08 10:15:53,287 - INFO - Procesado exitosamente: DTE-03-M001P001-000000000007199-2025-12-05 PROVEEDORA DE RODAMIENTOS.json
2026-01-08 10:15:53,289 - INFO - Procesado exitosamente: DTE-03-M001P001-000000000007199-2025-12-05.json
2026-01-08 10:15:53,291 - INFO - Procesado exitosamente: DTE-03-M001P001-000000000007257-2025-12-08 PROVEEDORA DE RODAMIENTOS.json
2026-01-08 10:15:53,292 - INFO - Procesado exitosamente: DTE-03-M001P001-000000000007257-2025-12-08.json
2026-01-08 10:15:53,294 - INFO - Procesado exitosamente: DTE-03-M001P001-000000000007266-2025-12-09 PROVEEDORA DE RODAMIENTOS.json
2026-01-08 10:15:53,296 - INFO - Procesado exitosamente: DTE-03-M001P001-000000000007266-2025-12-09.json
2026-01-08 10:15:53,298 - INFO - Procesado exitosamente: DTE-03-M001P001-000000000007295-2025-12-09 PROVEEDORA DE RODAMIENTOS.json
2026-01-08 10:15:53,300 - INFO - Procesado exitosamente: DTE-03-M001P001-000000000007295-2025-12-09.json
2026-01-08 10:15:53,302 - INFO - Procesado exitosamente: DTE-03-M001P001-000000000007302-2025-12-10 PROVEEDORA DE RODAMIENTOS.json
2026-01-08 10:15:53,304 - INFO - Procesado exitosamente: DTE-03-M001P001-000000000007302-2025-12-10.json
2026-01-08 10:15:53,306 - INFO - Procesado exitosamente: DTE-03-M001P001-000000000007326-2025-12-10 PROVEEDORA DE RODAMIENTOS.json
2026-01-08 10:15:53,308 - INFO - Procesado exitosamente: DTE-03-M001P001-000000000007326-2025-12-10.json
2026-01-08 10:15:53,311 - INFO - Procesado exitosamente: DTE-03-M001P001-000000000007349-2025-12-11 PROVEEDORA DE RODAMIENTOS.json
2026-01-08 10:15:53,313 - INFO - Procesado exitosamente: DTE-03-M001P001-000000000007349-2025-12-11.json
2026-01-08 10:15:53,315 - INFO - Procesado exitosamente: DTE-03-M001P001-000000000007350-2025-12-11 PROVEEDORA DE RODAMIENTOS.json
2026-01-08 10:15:53,317 - INFO - Procesado exitosamente: DTE-03-M001P001-000000000007350-2025-12-11.json
2026-01-08 10:15:53,319 - INFO - Procesado exitosamente: DTE-03-M001P001-000000000007398-2025-12-12 PROVEEDORA DE RODAMIENTOS.json
2026-01-08 10:15:53,321 - INFO - Procesado exitosamente: DTE-03-M001P001-000000000007424-2025-12-15 PROVEEDORA DE RODAMIENTOS.json
2026-01-08 10:15:53,323 - INFO - Procesado exitosamente: DTE-03-M001P001-000000000007483-2025-12-16 PROVEEDORA DE RODAMIENTOS.json
2026-01-08 10:15:53,324 - INFO - Procesado exitosamente: DTE-03-M001P001-000000000007483-2025-12-16.json
2026-01-08 10:15:53,326 - INFO - Procesado exitosamente: DTE-03-M001P001-000000000007495-2025-12-17 PROVEEDORA DE RODAMIENTOS.json
2026-01-08 10:15:53,327 - INFO - Procesado exitosamente: DTE-03-M001P001-000000000007495-2025-12-17.json
2026-01-08 10:15:53,330 - INFO - Procesado exitosamente: DTE-03-M001P001-000000000007530-2025-12-18 PROVEEDORA DE RODAMIENTOS.json
2026-01-08 10:15:53,331 - INFO - Procesado exitosamente: DTE-03-M001P001-000000000007551-2025-12-18 PROVEEDORA DE RODAMIENTOS.json
2026-01-08 10:15:53,332 - INFO - Procesado exitosamente: DTE-03-M001P001-000000000007595-2025-12-22 PROVEEDORA DE RODAMIENTOS.json
2026-01-08 10:15:53,333 - INFO - Procesado exitosamente: DTE-03-M001P001-000000000007616-2025-12-23 PROVEEDORA DE RODAMIENTOS.json
2026-01-08 10:15:53,335 - INFO - Procesado exitosamente: DTE-03-M001P001-000000000007617-2025-12-23 PROVEEDORA DE RODAMIENTOS.json
2026-01-08 10:15:53,336 - INFO - Procesado exitosamente: DTE-03-M001P001-000000000007635-2025-12-23 PROVEEDORA DE RODAMIENTOS.json
2026-01-08 10:15:53,338 - INFO - Procesado exitosamente: dte-03-m001p0010000000000055401.json
2026-01-08 10:15:53,339 - INFO - Procesado exitosamente: DTE-05-M001P001-000000000000134-2025-08-30 PROVEEDORA DE RODAMIENTOS NOTA DE CREDITO.json
2026-01-08 10:15:53,342 - INFO - Procesado exitosamente: DTE-05-M001P001-000000000000191-2025-11-25 PROVEEDORA DE RODAMIENTOS.json
2026-01-08 10:15:53,344 - INFO - Procesado exitosamente: DTE-05-M001P001-000000000000191-2025-11-25.json
2026-01-08 10:15:53,345 - INFO - Procesado exitosamente: DTE-05-M001P001-000000000000216-2025-12-22 PROVEEDORA DE RODAMIENTOS NOTA DE CREDITO.json
2026-01-08 10:15:53,346 - INFO - Procesado exitosamente: DTE-05-M001P001-000000000000217-2025-12-22 PROVEEDORA DE RODAMIENTOS NOTA DE CREDITO.json
2026-01-08 10:15:53,349 - INFO - Procesado exitosamente: DTE-07-M001P001-000000000000802_834D8746-25B5-4732-8190-7224DF226810.json
2026-01-08 10:15:53,350 - INFO - Procesado exitosamente: DTE-07-M001P001-000000000004701_3B4594F6-0426-4B60-993E-7ED951C0BAD1.json
2026-01-08 10:15:53,352 - INFO - Procesado exitosamente: DTE-07-M001P001-000000000004702_CC0997A7-3FBC-4900-BC44-C1F7377E1BDB.json
2026-01-08 10:15:53,353 - INFO - Procesado exitosamente: DTE-07-M001P001-000000000004703_0E4E23E4-6253-4761-B28F-90115F9D40D9.json
2026-01-08 10:15:53,355 - INFO - Procesado exitosamente: DTE-07-M001P001-000000000004704_53993390-CCA0-4527-9AF8-F3016F93CFB7.json
2026-01-08 10:15:53,357 - INFO - Procesado exitosamente: DTE-07-M001P001-000000000004735_FD8A1F21-5EB1-4BDC-A301-23872CFC7BDB.json
2026-01-08 10:15:53,359 - INFO - Procesado exitosamente: DTE-07-M001P001-000000000005630_6BB96BEE-BF95-4829-B75A-001B5623B6B3.json
2026-01-08 10:15:53,361 - INFO - Procesado exitosamente: DTE-07-M001P001-202500000001680.json
2026-01-08 10:15:53,362 - INFO - Procesado exitosamente: DTE-07-M001P010-000000000010170-2F1B8414-99C9-4277-B970-CB1C8B14B12C-10-11-2025 025523.json
2026-01-08 10:15:53,364 - INFO - Procesado exitosamente: DTE-07-M001P010-000000000010461-9D020BB0-D298-4819-83AC-BEE2E40939CB-18-11-2025 021735.json
2026-01-08 10:15:53,365 - INFO - Procesado exitosamente: DTE-07-M001P010-000000000010550-AEFC8F20-D47A-4EE3-AF07-A6AC06B88CF8-20-11-2025 024901.json
2026-01-08 10:15:53,367 - INFO - Procesado exitosamente: DTE-07-M001P010-000000000010707-27B0CB09-4F1C-4604-8E57-795B04E582B6-25-11-2025 101502.json
2026-01-08 10:15:53,368 - INFO - Procesado exitosamente: DTE-07-M001P010-000000000010770-29029575-E3E0-4DD9-BE43-5ABCA1C0F71A-26-11-2025 022548.json
2026-01-08 10:15:53,370 - INFO - Procesado exitosamente: DTE-07-M001P010-000000000010871-359910A9-A847-4F1C-88D2-A6CF961A9E52-28-11-2025 024944.json
2026-01-08 10:15:53,371 - INFO - Procesado exitosamente: DTE-07-S003P001-000000000000106_7DA3A730-70AB-4897-BB57-D55831A9A9FC.json
2026-01-08 10:15:53,372 - INFO - Procesado exitosamente: E147BD08-5F98-447C-BD1D-3BECC4294D47 IMGRAL.json
2026-01-08 10:15:53,375 - INFO - Procesado exitosamente: E194F27A-0B75-3250-8448-5267881123FE PROVEEDORES INDUSTRIALES.json
2026-01-08 10:15:53,376 - INFO - Procesado exitosamente: E50DB34B-E50B-4375-A726-ED8C36E49A3D.JSON
2026-01-08 10:15:53,378 - INFO - Procesado exitosamente: E5A7D023-74B9-4450-8811-24E05B47AED6 IMGRAL.json
2026-01-08 10:15:53,379 - INFO - Procesado exitosamente: E80D4731-4D33-4F20-A1AC-341C8A3DB2BE REPSA.json
2026-01-08 10:15:53,382 - INFO - Procesado exitosamente: E80D4731-4D33-4F20-A1AC-341C8A3DB2BE.json
2026-01-08 10:15:53,384 - INFO - Procesado exitosamente: E825DF31-144C-47F5-8488-A9EA6F963372 IMGRAL.json
2026-01-08 10:15:53,385 - INFO - Procesado exitosamente: EC2A892C-5336-49BE-832F-4D2656FA682E.json
2026-01-08 10:15:53,387 - INFO - Procesado exitosamente: EE8841FB-E9FB-4B1C-874D-C69AF5C00E58 IMGRAL.json
2026-01-08 10:15:53,388 - INFO - Procesado exitosamente: EE8841FB-E9FB-4B1C-874D-C69AF5C00E58.json
2026-01-08 10:15:53,389 - INFO - Procesado exitosamente: EFA27456-B005-4F04-A1FD-EB72617BC038.json
2026-01-08 10:15:53,391 - INFO - Procesado exitosamente: F2255930-012D-45D4-A878-C5BF8833F3AA SIEMENS.json
2026-01-08 10:15:53,393 - INFO - Procesado exitosamente: F2BAE404-16EE-7D52-8B51-89F04E775F64 PROVEEDORES INDUSTRIALES.json
2026-01-08 10:15:53,394 - INFO - Procesado exitosamente: F97AFD2B-C4DA-40AB-8C60-4CA7D773381B.JSON
2026-01-08 10:15:53,396 - INFO - Procesado exitosamente: F9EA6881-4E9A-40B9-B307-3C6213F4D3F8.json
2026-01-08 10:15:53,398 - INFO - Procesado exitosamente: factura-DTE-07-M001P001-000000000008439.json
2026-01-08 10:15:53,400 - INFO - Procesado exitosamente: FC71A4F2-606A-4C12-968B-1C3F3F13E0E1.json
2026-01-08 10:15:53,402 - INFO - Procesado exitosamente: FDFD466B-597B-4483-B341-C24123BC9ED9.json
2026-01-08 10:15:53,403 - INFO - Procesado exitosamente: FEDC4A8F-B432-4E43-98A3-69ED000269F7 REPSA.json
2026-01-08 10:15:53,405 - INFO - Procesado exitosamente: Retención No.4999.json
2026-01-08 10:22:22,263 - INFO - Procesado exitosamente: 0178483A-CC0C-406B-8D75-56A23E141CDF.json
2026-01-08 10:22:22,265 - INFO - Procesado exitosamente: 07014DF3-EE97-40A6-B5F2-92A08C8F2EC0 SIEMENS.json
2026-01-08 10:22:22,267 - INFO - Procesado exitosamente: 08BA07D0-F4CB-4AA9-8EF3-6FC2AB2F35C5 IMGRAL.json
2026-01-08 10:22:22,271 - INFO - Procesado exitosamente: 08C47A1E-489B-4747-96BF-BDBA13D427F9.json
2026-01-08 10:22:22,272 - INFO - Procesado exitosamente: 09816B84-1C5A-4DC6-8874-69F0F786B796 SIEMENS.json
2026-01-08 10:22:22,274 - INFO - Procesado exitosamente: 09C6487E-B719-434C-BBFE-CC60313942DB.json
2026-01-08 10:22:22,276 - INFO - Procesado exitosamente: 0B40C520-6B97-4E84-92DF-35A8D29EA4BA.json
2026-01-08 10:22:22,279 - INFO - Procesado exitosamente: 0FDD345F-42E8-4C0B-8836-A9F16BE9EE28 IMGRAL.json
2026-01-08 10:22:22,281 - INFO - Procesado exitosamente: 115BBDE7-2265-4FDD-8DA9-4D7FBCB8E58F.json
2026-01-08 10:22:22,283 - INFO - Procesado exitosamente: 13B5D334-13CE-48AD-AE24-7D8497D38E32.json
2026-01-08 10:22:22,285 - INFO - Procesado exitosamente: 15493B56-AD10-4116-8FB9-DD80F4572E2A REPSA.json
2026-01-08 10:22:22,287 - INFO - Procesado exitosamente: 158FC361-9DCA-47CE-B8AC-73BAFB60F8CF IMGRAL.json
2026-01-08 10:22:22,289 - INFO - Procesado exitosamente: 15F0FD55-2D8D-45AC-A065-C21F98126780.json
2026-01-08 10:22:22,291 - INFO - Procesado exitosamente: 195A102C-0ABF-45B8-949F-D74CBA15B177 IMGRAL.json
2026-01-08 10:22:22,294 - INFO - Procesado exitosamente: 1BF1D241-813E-4BBC-9FE0-2B56E2176DC3.json
2026-01-08 10:22:22,296 - INFO - Procesado exitosamente: 1C06FFA3-07CE-4F9A-94AF-6611F75A4EA7.json
2026-01-08 10:22:22,300 - INFO - Procesado exitosamente: 1F001ABE-6976-4E68-8816-5007EF3F1651.json
2026-01-08 10:22:22,302 - INFO - Procesado exitosamente: 1P001-00000000000647006141511770020.json
2026-01-08 10:22:22,305 - INFO - Procesado exitosamente: 1P001-00000000000647106141511770020.json
2026-01-08 10:22:22,307 - INFO - Procesado exitosamente: 1P001-00000000000647306141511770020.json
2026-01-08 10:22:22,309 - INFO - Procesado exitosamente: 1P001-00000000000651006141511770020.json
2026-01-08 10:22:22,310 - INFO - Procesado exitosamente: 1P001-00000000000651306141511770020.json
2026-01-08 10:22:22,312 - INFO - Procesado exitosamente: 1P001-00000000000724406141511770020.json
2026-01-08 10:22:22,315 - INFO - Procesado exitosamente: 23159F04-1D92-4864-8484-1B89FE2A21EB IMGRAL.json
2026-01-08 10:22:22,316 - INFO - Procesado exitosamente: 23159F04-1D92-4864-8484-1B89FE2A21EB.json
2026-01-08 10:22:22,318 - INFO - Procesado exitosamente: 243B9134-1B15-4645-AB77-045BFC25384D.json
2026-01-08 10:22:22,320 - INFO - Procesado exitosamente: 264724A6-8A93-4752-97A5-1AAC6AE3719B.json
2026-01-08 10:22:22,321 - INFO - Procesado exitosamente: 269A17A2-4029-4487-B494-F488358DDF5E.json
2026-01-08 10:22:22,323 - INFO - Procesado exitosamente: 27E379B7-1B83-4C64-ADC0-5C83806A597A.json
2026-01-08 10:22:22,324 - INFO - Procesado exitosamente: 283B5113-C01B-46D1-A890-CD00F9A8E2F8.json
2026-01-08 10:22:22,325 - INFO - Procesado exitosamente: 2A7845F5-10D0-4D23-9137-CDE526530AFE.json
2026-01-08 10:22:22,327 - INFO - Procesado exitosamente: 343D5D62-1544-407E-822D-099EFC5864D1 SIEMENS.json
2026-01-08 10:22:22,329 - INFO - Procesado exitosamente: 389D2801-2C0B-42D7-9CCB-DEA24161499E.json
2026-01-08 10:22:22,330 - INFO - Procesado exitosamente: 3908DBEA-9E7D-4107-BA82-6A46F5E20766 REPSA.json
2026-01-08 10:22:22,331 - INFO - Procesado exitosamente: 397F2380-4487-4AD8-879A-8B21608BC008.json
2026-01-08 10:22:22,333 - INFO - Procesado exitosamente: 3E8DF982-0938-4596-A636-EED7C6E5D4FF IMGRAL.json
2026-01-08 10:22:22,334 - INFO - Procesado exitosamente: 3EBE2A93-5BBC-4718-B4EB-229F66F9B22B IMGRAL.json
2026-01-08 10:22:22,336 - INFO - Procesado exitosamente: 3EBE2A93-5BBC-4718-B4EB-229F66F9B22B.json
2026-01-08 10:22:22,338 - INFO - Procesado exitosamente: 3F4AFD0B-F68C-43E8-A368-BC9F65362285 REPSA.json
2026-01-08 10:22:22,339 - INFO - Procesado exitosamente: 3F4AFD0B-F68C-43E8-A368-BC9F65362285.json
2026-01-08 10:22:22,341 - INFO - Procesado exitosamente: 3F66EE72-42CE-429A-ADD7-479231E99B71.json
2026-01-08 10:22:22,342 - INFO - Procesado exitosamente: 425190B5-FA26-44EA-B9D6-6FE1BD8E53C7 REPSA.json
2026-01-08 10:22:22,343 - INFO - Procesado exitosamente: 43043AD5-35CE-4FCF-E064-00144FF8838D.json
2026-01-08 10:22:22,345 - INFO - Procesado exitosamente: 43535047-9E86-17F6-E064-00144FF8838D.json
2026-01-08 10:22:22,347 - INFO - Procesado exitosamente: 4870733B-AA56-4B86-8E07-A3EC5E6877CB SIEMENS.json
2026-01-08 10:22:22,348 - INFO - Procesado exitosamente: 49848884-BBE4-45B7-9593-B8A7D73FE19D IMGRAL.json
2026-01-08 10:22:22,352 - INFO - Procesado exitosamente: 4CCA5A65-EE3E-4A27-B616-D84B7EF26AF6 REPSA.json
2026-01-08 10:22:22,353 - INFO - Procesado exitosamente: 4F3DC115-3B92-4484-830F-BC316CED7AE6.json
2026-01-08 10:22:22,356 - INFO - Procesado exitosamente: 4FBD4C42-D77B-4D1F-B866-F5DAFF522987 SIEMENS.json
2026-01-08 10:22:22,358 - INFO - Procesado exitosamente: 50500DA2-6BC8-4588-8F2A-36BF6F3D83A7.json
2026-01-08 10:22:22,360 - INFO - Procesado exitosamente: 5090C819-7014-4905-BBD1-D3D5914620E2 IMGRAL.json
2026-01-08 10:22:22,362 - INFO - Procesado exitosamente: 5261228E-5188-4F4C-8D03-B83CB26DFF85.json
2026-01-08 10:22:22,363 - INFO - Procesado exitosamente: 53DC06EA-7C2B-4831-98FE-396E98E639B2 SIEMENS.json
2026-01-08 10:22:22,365 - INFO - Procesado exitosamente: 5611D44A-3067-48DF-924C-FC3B8BDBFDE5 REPSA.json
2026-01-08 10:22:22,367 - INFO - Procesado exitosamente: 57409D26-3F13-4AD3-9D5B-B028F9B9DAB2 IMGRAL.json
2026-01-08 10:22:22,369 - INFO - Procesado exitosamente: 575F8071-3858-4219-B965-CBF86587FE97 IMGRAL.json
2026-01-08 10:22:22,370 - INFO - Procesado exitosamente: 5839E27F-5702-4CED-89E9-0A19DE35F6AC.json
2026-01-08 10:22:22,372 - INFO - Procesado exitosamente: 5CA054BA-ABEF-4FFC-A925-08DC297907AE IMGRAL.json
2026-01-08 10:22:22,374 - INFO - Procesado exitosamente: 5F6145CA-1AE2-2853-9D1C-5448063F4BB2 PROVEEDORES INDUSTRIALES.json
2026-01-08 10:22:22,376 - INFO - Procesado exitosamente: 5F6145CA-1AE2-2853-9D1C-5448063F4BB2.json
2026-01-08 10:22:22,378 - INFO - Procesado exitosamente: 61BAC9D8-963C-45F0-A1D5-BD9592B58518 SIEMENS.json
2026-01-08 10:22:22,380 - INFO - Procesado exitosamente: 61EDE671-97A2-412A-8392-8F6B44C904F2.json
2026-01-08 10:22:22,383 - INFO - Procesado exitosamente: 6224EF1E-CFB5-4FE7-9C6C-A9DCF836AB87.json
2026-01-08 10:22:22,385 - INFO - Procesado exitosamente: 6254DC64-2B31-440C-A6FA-EF8267CE475E.json
2026-01-08 10:22:22,387 - INFO - Procesado exitosamente: 63995E65-FA18-1FD0-AEB2-808000245862.json
2026-01-08 10:22:22,388 - INFO - Procesado exitosamente: 63995E65-FA18-1FD0-AEB2-828000245863.json
2026-01-08 10:22:22,391 - INFO - Procesado exitosamente: 63995E65-FA18-1FD0-B09C-A98000246506.json
2026-01-08 10:22:22,393 - INFO - Procesado exitosamente: 63995E65-FA18-1FD0-B09C-AE8000246507.json
2026-01-08 10:22:22,395 - INFO - Procesado exitosamente: 63995E65-FA18-1FD0-B09C-B28000246508.json
2026-01-08 10:22:22,396 - INFO - Procesado exitosamente: 63995E65-FA18-1FD0-B1B0-E68000246623.json
2026-01-08 10:22:22,398 - INFO - Procesado exitosamente: 63995E65-FA18-1FD0-B1B1-C68000246695.json
2026-01-08 10:22:22,400 - INFO - Procesado exitosamente: 63995E65-FA18-1FD0-B393-538000247174.json
2026-01-08 10:22:22,401 - INFO - Procesado exitosamente: 63995E65-FA18-1FD0-B393-568000247175.json
2026-01-08 10:22:22,402 - INFO - Procesado exitosamente: 63995E65-FA18-1FD0-B395-6B8000247295.json
2026-01-08 10:22:22,404 - INFO - Procesado exitosamente: 63995E65-FA18-1FD0-B395-6E8000247296.json
2026-01-08 10:22:22,405 - INFO - Procesado exitosamente: 63995E65-FA18-1FD0-B395-708000247297.json
2026-01-08 10:22:22,408 - INFO - Procesado exitosamente: 63995E65-FA18-1FD0-B395-738000247298.json
2026-01-08 10:22:22,409 - INFO - Procesado exitosamente: 63995E65-FA18-1FD0-B395-758000247299.json
2026-01-08 10:22:22,411 - INFO - Procesado exitosamente: 672D6737-AFC6-4935-B41C-445903423A39 INCAPROSA.json
2026-01-08 10:22:22,412 - INFO - Procesado exitosamente: 672D6737-AFC6-4935-B41C-445903423A39.json
2026-01-08 10:22:22,413 - INFO - Procesado exitosamente: 6B473887-EE07-45F0-B6D3-12DF19C9B934.json
2026-01-08 10:22:22,415 - INFO - Procesado exitosamente: 6F3EC5DD-FE11-4A56-ABF8-5052DDFAADDD.json
2026-01-08 10:22:22,417 - INFO - Procesado exitosamente: 70F448C6-F7DF-415F-A3FE-C737208057E8.json
2026-01-08 10:22:22,419 - INFO - Procesado exitosamente: 7146F7AD-C19D-4A89-90C4-BEFC70AE03CA.json
2026-01-08 10:22:22,421 - INFO - Procesado exitosamente: 71954747-81F4-4FBE-BF8F-4B8B171FECF1.json
2026-01-08 10:22:22,423 - INFO - Procesado exitosamente: 74545B64-192E-4E64-B9E7-DC66A64EDA7F SIEMENS.json
2026-01-08 10:22:22,425 - INFO - Procesado exitosamente: 745A167C-EB00-47D8-80A3-E212BAB7F4FD LA CASA DEL SOLDADOR.json
2026-01-08 10:22:22,428 - INFO - Procesado exitosamente: 74E12736-8380-4946-B853-8CDAE45ABDAC IMGRAL.json
2026-01-08 10:22:22,430 - INFO - Procesado exitosamente: 787928DA-ED91-4755-80D6-0E43EADA8BA0.json
2026-01-08 10:22:22,432 - INFO - Procesado exitosamente: 789FCA04-E38D-400C-8D17-9E8BE8CE6848 IMGRAL.json
2026-01-08 10:22:22,434 - INFO - Procesado exitosamente: 79157784-11AD-4903-B5F6-EB9A39E20377.json
2026-01-08 10:22:22,435 - INFO - Procesado exitosamente: 7A16FAE7-AF0D-4478-805F-70E3CF38014F SIEMENS.json
2026-01-08 10:22:22,438 - INFO - Procesado exitosamente: 7D41829A-DE48-4C50-9030-B192AF151C77.json
2026-01-08 10:22:22,440 - INFO - Procesado exitosamente: 7EBBD87D-E725-41A3-863B-BB276BA5C2EB IMGRAL.json
2026-01-08 10:22:22,442 - INFO - Procesado exitosamente: 7FB1075A-7732-4D82-9363-8550FF0EDD3B SIEMENS.json
2026-01-08 10:22:22,445 - INFO - Procesado exitosamente: 80A7EEC7-577E-4D91-8401-2689379D89C4.json
2026-01-08 10:22:22,446 - INFO - Procesado exitosamente: 81DF16F8-A1D4-4BE9-9449-A3239DEBC259 IMGRAL NOTA DE CREDITO.json
2026-01-08 10:22:22,448 - INFO - Procesado exitosamente: 83CF9CF3-7D3A-4352-B3BA-72BCA15BF460.json
2026-01-08 10:22:22,450 - INFO - Procesado exitosamente: 859885B7-81DE-4E25-8AF8-FAE06ECA07FF ITCA DONACION.json
2026-01-08 10:22:22,452 - INFO - Procesado exitosamente: 859885B7-81DE-4E25-8AF8-FAE06ECA07FF.json
2026-01-08 10:22:22,454 - INFO - Procesado exitosamente: 86B872B3-7509-4495-9187-4279F27A1B2D.json
2026-01-08 10:22:22,456 - INFO - Procesado exitosamente: 86EFF862-3248-4FC5-B92D-16C67247A852.json
2026-01-08 10:22:22,458 - INFO - Procesado exitosamente: 87F967CE-45EF-4FAC-BC44-DF9B1EFA3404 REPSA.json
2026-01-08 10:22:22,460 - INFO - Procesado exitosamente: 888A968D-CE20-41EE-87F2-D6F70A9FB151.json
2026-01-08 10:22:22,462 - INFO - Procesado exitosamente: 889B95B5-3382-4C46-8E3F-801AA358EA71.json
2026-01-08 10:22:22,464 - INFO - Procesado exitosamente: 89C64ABE-40DD-4F27-81C1-DA1F9F514E87 IMGRAL.json
2026-01-08 10:22:22,466 - INFO - Procesado exitosamente: 8D46F6E5-F7AF-4397-AB92-2D871C559313.JSON
2026-01-08 10:22:22,467 - INFO - Procesado exitosamente: 8D4912C3-3972-1FE0-B3B2-C2ACA286BCB7.json
2026-01-08 10:22:22,470 - INFO - Procesado exitosamente: 8D963F4A-24DB-43CB-A4FC-B8B129B6152F.json
2026-01-08 10:22:22,472 - INFO - Procesado exitosamente: 8DC78825-4EEB-4B19-A099-952E1E16F23D IMGRAL.json
2026-01-08 10:22:22,474 - INFO - Procesado exitosamente: 92C691F5-44D5-4328-A370-7AAAEC9B8C29  SALNET.json
2026-01-08 10:22:22,476 - INFO - Procesado exitosamente: 9301546B-C938-45F7-82D3-4CDD78DCA561 SIEMENS.json
2026-01-08 10:22:22,477 - INFO - Procesado exitosamente: 933A63F8-FD8A-4595-97F4-93FFDEA88CE3.json
2026-01-08 10:22:22,480 - INFO - Procesado exitosamente: 939015D2-73A3-46CF-AB81-C509B70D8C8C IMGRAL.json
2026-01-08 10:22:22,482 - INFO - Procesado exitosamente: 9457B266-7408-448B-9B38-4F25FC1C9784 IMGRAL.json
2026-01-08 10:22:22,485 - INFO - Procesado exitosamente: 949E828F-D67A-4472-B14D-3DCF0DB40415 IMGRAL.json
2026-01-08 10:22:22,487 - INFO - Procesado exitosamente: 949E828F-D67A-4472-B14D-3DCF0DB40415.json
2026-01-08 10:22:22,488 - INFO - Procesado exitosamente: 95E6555D-DC2D-434B-99AA-2BA9FBE3D77E REPSA.json
2026-01-08 10:22:22,491 - INFO - Procesado exitosamente: 9642D72D-13E3-464C-B31E-82F58373A0EC IMGRAL.json
2026-01-08 10:22:22,492 - INFO - Procesado exitosamente: 99ABAD76-801B-49A7-998D-5B4AAE514B19.JSON
2026-01-08 10:22:22,495 - INFO - Procesado exitosamente: 9C12B13A-A617-4D21-A07C-084AE61789F1 IMGRAL.json
2026-01-08 10:22:22,497 - INFO - Procesado exitosamente: 9C12B13A-A617-4D21-A07C-084AE61789F1.json
2026-01-08 10:22:22,499 - INFO - Procesado exitosamente: 9C610C5D-92C9-4FE2-8C7F-578AC90854A9.json
2026-01-08 10:22:22,502 - INFO - Procesado exitosamente: 9CDA5E21-AD11-4286-BC85-054A7273DF5E REPSA.json
2026-01-08 10:22:22,503 - INFO - Procesado exitosamente: 9E8A3FDF-C3C2-4F79-9691-5A0BA29A2E13 BADISA JOSE RUBEN MORAN ESTRADA.json
2026-01-08 10:22:22,506 - INFO - Procesado exitosamente: A236E8C0-0A59-4756-8E9E-1A073B6D9E5B IMGRAL.json
2026-01-08 10:22:22,507 - INFO - Procesado exitosamente: A2E60598-E8B2-4B03-9040-D2920B32EE6B REPSA.json
2026-01-08 10:22:22,509 - INFO - Procesado exitosamente: A3D11227-70B9-4D40-81E5-8901ABF6A766.json
2026-01-08 10:22:22,512 - INFO - Procesado exitosamente: A46D4E64-4485-41B4-8248-152D2E98DD72.json
2026-01-08 10:22:22,513 - INFO - Procesado exitosamente: A4C1A9E6-F97B-438E-8A9E-8D1FB94E7905.JSON
2026-01-08 10:22:22,515 - INFO - Procesado exitosamente: A81ECC1B-8D16-485F-A859-EAE75E5F6750 SIEMENS.json
2026-01-08 10:22:22,518 - INFO - Procesado exitosamente: A91B7DF7-81AE-4934-9194-8B9FEC3046C5.json
2026-01-08 10:22:22,519 - INFO - Procesado exitosamente: ABF1227C-1FCA-43A4-817B-DB4D94FEAF04.json
2026-01-08 10:22:22,522 - INFO - Procesado exitosamente: ACE4AE8F-B68D-47A4-A051-B02280D46DA1 IMGRAL.json
2026-01-08 10:22:22,523 - INFO - Procesado exitosamente: AE39D60E-E09E-44BF-A208-294FF03723DB.JSON
2026-01-08 10:22:22,526 - INFO - Procesado exitosamente: AF03CD2B-9D09-4F97-80E8-7AB66E843F99.json
2026-01-08 10:22:22,528 - INFO - Procesado exitosamente: B048B404-7A75-4503-B491-A6EDFF789AD4.json
2026-01-08 10:22:22,530 - INFO - Procesado exitosamente: B2A00246-E155-4E29-8517-16733035EFE3 SIEMENS.json
2026-01-08 10:22:22,532 - INFO - Procesado exitosamente: B3001F00-894B-4CFE-8ED8-D458A70E4C7E IMGRAL.json
2026-01-08 10:22:22,534 - INFO - Procesado exitosamente: B52270FA-58B8-472D-AE09-355D447A5CF2.json
2026-01-08 10:22:22,535 - INFO - Procesado exitosamente: B73C67D4-F513-4199-8329-4B1062067E81.json
2026-01-08 10:22:22,537 - INFO - Procesado exitosamente: B81DCACE-B766-49BF-9628-4DF221F05922.json
2026-01-08 10:22:22,539 - INFO - Procesado exitosamente: BF2BA5D5-9582-42EC-99C8-42DB67284886.json
2026-01-08 10:22:22,542 - INFO - Procesado exitosamente: BFCC3EFC-4BDD-4A5E-AD2E-F50AD0D44631.json
2026-01-08 10:22:22,544 - INFO - Procesado exitosamente: C05AFC5D-3407-4668-8826-68D3B3C4683E REPSA.json
2026-01-08 10:22:22,546 - INFO - Procesado exitosamente: C05AFC5D-3407-4668-8826-68D3B3C4683E.json
2026-01-08 10:22:22,547 - INFO - Procesado exitosamente: C205B00E-A61F-476F-AEBE-81E97844A178.json
2026-01-08 10:22:22,550 - INFO - Procesado exitosamente: C30F2128-1BD2-4930-8B18-091AACD0A1E7 IMGRAL.json
2026-01-08 10:22:22,551 - INFO - Procesado exitosamente: C565FBB3-6E06-406F-959B-11A7087C7A4E IMGRAL.json
2026-01-08 10:22:22,553 - INFO - Procesado exitosamente: C565FBB3-6E06-406F-959B-11A7087C7A4E.json
2026-01-08 10:22:22,555 - INFO - Procesado exitosamente: C5D598D6-0748-4E1A-B57E-4B35189EBBF4.json
2026-01-08 10:22:22,557 - INFO - Procesado exitosamente: C6E2AB93-65FA-4E40-AC6E-59AE8CC63431.json
2026-01-08 10:22:22,558 - INFO - Procesado exitosamente: C74AEDD0-D036-4387-AFF1-7DC4367037C7 IMGRAL NOTA DE CREDITO.json
2026-01-08 10:22:22,559 - INFO - Procesado exitosamente: C9C5FFBC-0745-4C3D-9547-0C76FB9077A0 SIEMENS.json
2026-01-08 10:22:22,561 - INFO - Procesado exitosamente: CA105E91-D16E-40A5-BF95-76BF0E5A8C84.json
2026-01-08 10:22:22,563 - INFO - Procesado exitosamente: COMPRETENCION_1_JSON (2).json
2026-01-08 10:22:22,565 - INFO - Procesado exitosamente: COMPRETENCION_1_JSON (3).json
2026-01-08 10:22:22,566 - INFO - Procesado exitosamente: COMPRETENCION_1_JSON.json
2026-01-08 10:22:22,569 - INFO - Procesado exitosamente: COMPRETENCION_1_JSON_1.json
2026-01-08 10:22:22,570 - INFO - Procesado exitosamente: COMPROBANTE_DE_DONACION-0614-151177-002-0-707242D3-ECD0-4DF9-ACD3-67D6A3644044.json
2026-01-08 10:22:22,572 - INFO - Procesado exitosamente: Comprobante_Electronico-2B22166E-FC8D-49C7-A20E-D0814F17C2EC.json
2026-01-08 10:22:22,575 - INFO - Procesado exitosamente: Comprobante_Electronico-F554889F-6589-4F74-9F50-B1A91EC6254C.json
2026-01-08 10:22:22,576 - INFO - Procesado exitosamente: D019F1FB-6ADF-6E51-B52A-FC0A47959E6B PROVEEDORES INDUSTRIALES.json
2026-01-08 10:22:22,578 - INFO - Procesado exitosamente: D0E2BADC-ED8B-4105-AA7F-CA6C4CD2889F IMGRAL.json
2026-01-08 10:22:22,580 - INFO - Procesado exitosamente: D0E2BADC-ED8B-4105-AA7F-CA6C4CD2889F.json
2026-01-08 10:22:22,583 - INFO - Procesado exitosamente: D26CDDAC-A1D0-46D6-8BAD-1A27186D339E SIEMENS.json
2026-01-08 10:22:22,585 - INFO - Procesado exitosamente: D2BC3659-F9FF-4EF3-9164-7D3722DC1147 REPSA.json
2026-01-08 10:22:22,586 - INFO - Procesado exitosamente: D39DC43D-2750-460B-8EFF-ECAAB9CA66DC.json
2026-01-08 10:22:22,588 - INFO - Procesado exitosamente: D470AB26-351E-49E0-B4AE-FEB0B7EB231D.json
2026-01-08 10:22:22,589 - INFO - Procesado exitosamente: D5BBC88C-D583-41E9-918A-527CD9FD6FE9 SIEMENS.json
2026-01-08 10:22:22,591 - INFO - Procesado exitosamente: D6B39A84-23B5-407E-B820-B292D1D152A0.json
2026-01-08 10:22:22,593 - INFO - Procesado exitosamente: D6E11EFC-44CF-408B-8124-046F35964C90 BADISA JOSE RUBEN MORAN ESTRADA.json
2026-01-08 10:22:22,594 - INFO - Procesado exitosamente: D7CF868B-1AAB-4C43-B995-08E6375912AF REPSA.json
2026-01-08 10:22:22,595 - INFO - Procesado exitosamente: D9D08459-A210-4E50-B4D4-A15AF613CBD5.json
2026-01-08 10:22:22,597 - INFO - Procesado exitosamente: DA4D4B01-C7FA-4878-8DA7-A89B72DC29C6.json
2026-01-08 10:22:22,599 - INFO - Procesado exitosamente: DBCAF93A-4A86-4BD6-9E94-96789E7A21C5.json
2026-01-08 10:22:22,601 - INFO - Procesado exitosamente: DC6E1ED2-652F-4521-9F84-BFD9E6B93E35 SIEMENS.json
2026-01-08 10:22:22,604 - INFO - Procesado exitosamente: DC7C7B8F-1405-49F7-AA31-A4AAFBC87EBE.json
2026-01-08 10:22:22,605 - INFO - Procesado exitosamente: DF24FB74-7E2B-4EEC-9028-E5A0DD22021F.json
2026-01-08 10:22:22,607 - INFO - Procesado exitosamente: DFB76D9A-FF63-4296-89EA-6BB6FDBBAD35 SIEMENS.json
2026-01-08 10:22:22,608 - INFO - Procesado exitosamente: DOC-3-250000000002587 CAMARA DE COMERCIO.json
2026-01-08 10:22:22,610 - INFO - Procesado exitosamente: DTE-03-M001P001-000000000000377 - 37 CENTRAL DE RODAMIENTO, S.A. DE C.V.json
2026-01-08 10:22:22,611 - INFO - Procesado exitosamente: DTE-03-M001P001-000000000000377 - 37 SEGURIDAD E INVERSIONES.json
2026-01-08 10:22:22,612 - INFO - Procesado exitosamente: DTE-03-M001P001-000000000006881-2025-11-22 PROVEEDORA DE RODAMIENTOS.json
2026-01-08 10:22:22,615 - INFO - Procesado exitosamente: DTE-03-M001P001-000000000006881-2025-11-22.json
2026-01-08 10:22:22,617 - INFO - Procesado exitosamente: DTE-03-M001P001-000000000006945-2025-11-25 PROVEEDORA DE RODAMIENTOS.json
2026-01-08 10:22:22,619 - INFO - Procesado exitosamente: DTE-03-M001P001-000000000006945-2025-11-25.json
2026-01-08 10:22:22,621 - INFO - Procesado exitosamente: DTE-03-M001P001-000000000007047-2025-12-01 PROVEEDORA DE RODAMIENTOS.json
2026-01-08 10:22:22,622 - INFO - Procesado exitosamente: DTE-03-M001P001-000000000007047-2025-12-01.json
2026-01-08 10:22:22,624 - INFO - Procesado exitosamente: DTE-03-M001P001-000000000007067-2025-12-01 PROVEEDORA DE RODAMIENTOS.json
2026-01-08 10:22:22,625 - INFO - Procesado exitosamente: DTE-03-M001P001-000000000007097-2025-12-02 PROVEEDORA DE RODAMIENTOS.json
2026-01-08 10:22:22,627 - INFO - Procesado exitosamente: DTE-03-M001P001-000000000007097-2025-12-02.json
2026-01-08 10:22:22,628 - INFO - Procesado exitosamente: DTE-03-M001P001-000000000007114-2025-12-02 PROVEEDORA DE RODAMIENTOS.json
2026-01-08 10:22:22,630 - INFO - Procesado exitosamente: DTE-03-M001P001-000000000007114-2025-12-02.json
2026-01-08 10:22:22,632 - INFO - Procesado exitosamente: DTE-03-M001P001-000000000007131-2025-12-03 PROVEEDORA DE RODAMIENTOS.json
2026-01-08 10:22:22,633 - INFO - Procesado exitosamente: DTE-03-M001P001-000000000007131-2025-12-03.json
2026-01-08 10:22:22,635 - INFO - Procesado exitosamente: DTE-03-M001P001-000000000007136-2025-12-03 PROVEEDORA DE RODAMIENTOS.json
2026-01-08 10:22:22,637 - INFO - Procesado exitosamente: DTE-03-M001P001-000000000007136-2025-12-03.json
2026-01-08 10:22:22,638 - INFO - Procesado exitosamente: DTE-03-M001P001-000000000007159-2025-12-04 PROVEEDORA DE RODAMIENTOS.json
2026-01-08 10:22:22,640 - INFO - Procesado exitosamente: DTE-03-M001P001-000000000007159-2025-12-04.json
2026-01-08 10:22:22,641 - INFO - Procesado exitosamente: DTE-03-M001P001-000000000007160-2025-12-04 PROVEEDORA DE RODAMIENTOS.json
2026-01-08 10:22:22,643 - INFO - Procesado exitosamente: DTE-03-M001P001-000000000007160-2025-12-04.json
2026-01-08 10:22:22,645 - INFO - Procesado exitosamente: DTE-03-M001P001-000000000007163-2025-12-04 PROVEEDORA DE RODAMIENTOS.json
2026-01-08 10:22:22,646 - INFO - Procesado exitosamente: DTE-03-M001P001-000000000007163-2025-12-04.json
2026-01-08 10:22:22,647 - INFO - Procesado exitosamente: DTE-03-M001P001-000000000007182-2025-12-04 PROVEEDORA DE RODAMIENTOS.json
2026-01-08 10:22:22,649 - INFO - Procesado exitosamente: DTE-03-M001P001-000000000007182-2025-12-04.json
2026-01-08 10:22:22,650 - INFO - Procesado exitosamente: DTE-03-M001P001-000000000007199-2025-12-05 PROVEEDORA DE RODAMIENTOS.json
2026-01-08 10:22:22,652 - INFO - Procesado exitosamente: DTE-03-M001P001-000000000007199-2025-12-05.json
2026-01-08 10:22:22,654 - INFO - Procesado exitosamente: DTE-03-M001P001-000000000007257-2025-12-08 PROVEEDORA DE RODAMIENTOS.json
2026-01-08 10:22:22,655 - INFO - Procesado exitosamente: DTE-03-M001P001-000000000007257-2025-12-08.json
2026-01-08 10:22:22,657 - INFO - Procesado exitosamente: DTE-03-M001P001-000000000007266-2025-12-09 PROVEEDORA DE RODAMIENTOS.json
2026-01-08 10:22:22,658 - INFO - Procesado exitosamente: DTE-03-M001P001-000000000007266-2025-12-09.json
2026-01-08 10:22:22,660 - INFO - Procesado exitosamente: DTE-03-M001P001-000000000007295-2025-12-09 PROVEEDORA DE RODAMIENTOS.json
2026-01-08 10:22:22,661 - INFO - Procesado exitosamente: DTE-03-M001P001-000000000007295-2025-12-09.json
2026-01-08 10:22:22,663 - INFO - Procesado exitosamente: DTE-03-M001P001-000000000007302-2025-12-10 PROVEEDORA DE RODAMIENTOS.json
2026-01-08 10:22:22,665 - INFO - Procesado exitosamente: DTE-03-M001P001-000000000007302-2025-12-10.json
2026-01-08 10:22:22,666 - INFO - Procesado exitosamente: DTE-03-M001P001-000000000007326-2025-12-10 PROVEEDORA DE RODAMIENTOS.json
2026-01-08 10:22:22,668 - INFO - Procesado exitosamente: DTE-03-M001P001-000000000007326-2025-12-10.json
2026-01-08 10:22:22,670 - INFO - Procesado exitosamente: DTE-03-M001P001-000000000007349-2025-12-11 PROVEEDORA DE RODAMIENTOS.json
2026-01-08 10:22:22,672 - INFO - Procesado exitosamente: DTE-03-M001P001-000000000007349-2025-12-11.json
2026-01-08 10:22:22,673 - INFO - Procesado exitosamente: DTE-03-M001P001-000000000007350-2025-12-11 PROVEEDORA DE RODAMIENTOS.json
2026-01-08 10:22:22,676 - INFO - Procesado exitosamente: DTE-03-M001P001-000000000007350-2025-12-11.json
2026-01-08 10:22:22,677 - INFO - Procesado exitosamente: DTE-03-M001P001-000000000007398-2025-12-12 PROVEEDORA DE RODAMIENTOS.json
2026-01-08 10:22:22,680 - INFO - Procesado exitosamente: DTE-03-M001P001-000000000007424-2025-12-15 PROVEEDORA DE RODAMIENTOS.json
2026-01-08 10:22:22,681 - INFO - Procesado exitosamente: DTE-03-M001P001-000000000007483-2025-12-16 PROVEEDORA DE RODAMIENTOS.json
2026-01-08 10:22:22,683 - INFO - Procesado exitosamente: DTE-03-M001P001-000000000007483-2025-12-16.json
2026-01-08 10:22:22,685 - INFO - Procesado exitosamente: DTE-03-M001P001-000000000007495-2025-12-17 PROVEEDORA DE RODAMIENTOS.json
2026-01-08 10:22:22,687 - INFO - Procesado exitosamente: DTE-03-M001P001-000000000007495-2025-12-17.json
2026-01-08 10:22:22,689 - INFO - Procesado exitosamente: DTE-03-M001P001-000000000007530-2025-12-18 PROVEEDORA DE RODAMIENTOS.json
2026-01-08 10:22:22,691 - INFO - Procesado exitosamente: DTE-03-M001P001-000000000007551-2025-12-18 PROVEEDORA DE RODAMIENTOS.json
2026-01-08 10:22:22,693 - INFO - Procesado exitosamente: DTE-03-M001P001-000000000007595-2025-12-22 PROVEEDORA DE RODAMIENTOS.json
2026-01-08 10:22:22,695 - INFO - Procesado exitosamente: DTE-03-M001P001-000000000007616-2025-12-23 PROVEEDORA DE RODAMIENTOS.json
2026-01-08 10:22:22,696 - INFO - Procesado exitosamente: DTE-03-M001P001-000000000007617-2025-12-23 PROVEEDORA DE RODAMIENTOS.json
2026-01-08 10:22:22,698 - INFO - Procesado exitosamente: DTE-03-M001P001-000000000007635-2025-12-23 PROVEEDORA DE RODAMIENTOS.json
2026-01-08 10:22:22,699 - INFO - Procesado exitosamente: dte-03-m001p0010000000000055401.json
2026-01-08 10:22:22,701 - INFO - Procesado exitosamente: DTE-05-M001P001-000000000000134-2025-08-30 PROVEEDORA DE RODAMIENTOS NOTA DE CREDITO.json
2026-01-08 10:22:22,702 - INFO - Procesado exitosamente: DTE-05-M001P001-000000000000191-2025-11-25 PROVEEDORA DE RODAMIENTOS.json
2026-01-08 10:22:22,704 - INFO - Procesado exitosamente: DTE-05-M001P001-000000000000191-2025-11-25.json
2026-01-08 10:22:22,705 - INFO - Procesado exitosamente: DTE-05-M001P001-000000000000216-2025-12-22 PROVEEDORA DE RODAMIENTOS NOTA DE CREDITO.json
2026-01-08 10:22:22,708 - INFO - Procesado exitosamente: DTE-05-M001P001-000000000000217-2025-12-22 PROVEEDORA DE RODAMIENTOS NOTA DE CREDITO.json
2026-01-08 10:22:22,710 - INFO - Procesado exitosamente: DTE-07-M001P001-000000000000802_834D8746-25B5-4732-8190-7224DF226810.json
2026-01-08 10:22:22,711 - INFO - Procesado exitosamente: DTE-07-M001P001-000000000004701_3B4594F6-0426-4B60-993E-7ED951C0BAD1.json
2026-01-08 10:22:22,714 - INFO - Procesado exitosamente: DTE-07-M001P001-000000000004702_CC0997A7-3FBC-4900-BC44-C1F7377E1BDB.json
2026-01-08 10:22:22,716 - INFO - Procesado exitosamente: DTE-07-M001P001-000000000004703_0E4E23E4-6253-4761-B28F-90115F9D40D9.json
2026-01-08 10:22:22,719 - INFO - Procesado exitosamente: DTE-07-M001P001-000000000004704_53993390-CCA0-4527-9AF8-F3016F93CFB7.json
2026-01-08 10:22:22,721 - INFO - Procesado exitosamente: DTE-07-M001P001-000000000004735_FD8A1F21-5EB1-4BDC-A301-23872CFC7BDB.json
2026-01-08 10:22:22,722 - INFO - Procesado exitosamente: DTE-07-M001P001-000000000005630_6BB96BEE-BF95-4829-B75A-001B5623B6B3.json
2026-01-08 10:22:22,724 - INFO - Procesado exitosamente: DTE-07-M001P001-202500000001680.json
2026-01-08 10:22:22,727 - INFO - Procesado exitosamente: DTE-07-M001P010-000000000010170-2F1B8414-99C9-4277-B970-CB1C8B14B12C-10-11-2025 025523.json
2026-01-08 10:22:22,729 - INFO - Procesado exitosamente: DTE-07-M001P010-000000000010461-9D020BB0-D298-4819-83AC-BEE2E40939CB-18-11-2025 021735.json
2026-01-08 10:22:22,731 - INFO - Procesado exitosamente: DTE-07-M001P010-000000000010550-AEFC8F20-D47A-4EE3-AF07-A6AC06B88CF8-20-11-2025 024901.json
2026-01-08 10:22:22,732 - INFO - Procesado exitosamente: DTE-07-M001P010-000000000010707-27B0CB09-4F1C-4604-8E57-795B04E582B6-25-11-2025 101502.json
2026-01-08 10:22:22,735 - INFO - Procesado exitosamente: DTE-07-M001P010-000000000010770-29029575-E3E0-4DD9-BE43-5ABCA1C0F71A-26-11-2025 022548.json
2026-01-08 10:22:22,736 - INFO - Procesado exitosamente: DTE-07-M001P010-000000000010871-359910A9-A847-4F1C-88D2-A6CF961A9E52-28-11-2025 024944.json
2026-01-08 10:22:22,738 - INFO - Procesado exitosamente: DTE-07-S003P001-000000000000106_7DA3A730-70AB-4897-BB57-D55831A9A9FC.json
2026-01-08 10:22:22,740 - INFO - Procesado exitosamente: E147BD08-5F98-447C-BD1D-3BECC4294D47 IMGRAL.json
2026-01-08 10:22:22,743 - INFO - Procesado exitosamente: E194F27A-0B75-3250-8448-5267881123FE PROVEEDORES INDUSTRIALES.json
2026-01-08 10:22:22,745 - INFO - Procesado exitosamente: E50DB34B-E50B-4375-A726-ED8C36E49A3D.JSON
2026-01-08 10:22:22,747 - INFO - Procesado exitosamente: E5A7D023-74B9-4450-8811-24E05B47AED6 IMGRAL.json
2026-01-08 10:22:22,750 - INFO - Procesado exitosamente: E80D4731-4D33-4F20-A1AC-341C8A3DB2BE REPSA.json
2026-01-08 10:22:22,751 - INFO - Procesado exitosamente: E80D4731-4D33-4F20-A1AC-341C8A3DB2BE.json
2026-01-08 10:22:22,753 - INFO - Procesado exitosamente: E825DF31-144C-47F5-8488-A9EA6F963372 IMGRAL.json
2026-01-08 10:22:22,754 - INFO - Procesado exitosamente: EC2A892C-5336-49BE-832F-4D2656FA682E.json
2026-01-08 10:22:22,757 - INFO - Procesado exitosamente: EE8841FB-E9FB-4B1C-874D-C69AF5C00E58 IMGRAL.json
2026-01-08 10:22:22,759 - INFO - Procesado exitosamente: EE8841FB-E9FB-4B1C-874D-C69AF5C00E58.json
2026-01-08 10:22:22,762 - INFO - Procesado exitosamente: EFA27456-B005-4F04-A1FD-EB72617BC038.json
2026-01-08 10:22:22,764 - INFO - Procesado exitosamente: F2255930-012D-45D4-A878-C5BF8833F3AA SIEMENS.json
2026-01-08 10:22:22,766 - INFO - Procesado exitosamente: F2BAE404-16EE-7D52-8B51-89F04E775F64 PROVEEDORES INDUSTRIALES.json
2026-01-08 10:22:22,769 - INFO - Procesado exitosamente: F97AFD2B-C4DA-40AB-8C60-4CA7D773381B.JSON
2026-01-08 10:22:22,771 - INFO - Procesado exitosamente: F9EA6881-4E9A-40B9-B307-3C6213F4D3F8.json
2026-01-08 10:22:22,774 - INFO - Procesado exitosamente: factura-DTE-07-M001P001-000000000008439.json
2026-01-08 10:22:22,776 - INFO - Procesado exitosamente: FC71A4F2-606A-4C12-968B-1C3F3F13E0E1.json
2026-01-08 10:22:22,778 - INFO - Procesado exitosamente: FDFD466B-597B-4483-B341-C24123BC9ED9.json
2026-01-08 10:22:22,781 - INFO - Procesado exitosamente: FEDC4A8F-B432-4E43-98A3-69ED000269F7 REPSA.json
2026-01-08 10:22:22,782 - INFO - Procesado exitosamente: Retención No.4999.json
