2025-12-16 10:41:49,969 - INFO - Procesado exitosamente: 0178483A-CC0C-406B-8D75-56A23E141CDF.json
2025-12-16 10:41:49,969 - INFO - Procesado exitosamente: 08C47A1E-489B-4747-96BF-BDBA13D427F9.json
2025-12-16 10:41:49,969 - INFO - Procesado exitosamente: 09C6487E-B719-434C-BBFE-CC60313942DB.json
2025-12-16 10:41:49,969 - INFO - Procesado exitosamente: 115BBDE7-2265-4FDD-8DA9-4D7FBCB8E58F.json
2025-12-16 10:41:49,969 - INFO - Procesado exitosamente: 13B5D334-13CE-48AD-AE24-7D8497D38E32.json
2025-12-16 10:41:49,969 - INFO - Procesado exitosamente: 15F0FD55-2D8D-45AC-A065-C21F98126780.json
2025-12-16 10:41:49,969 - INFO - Procesado exitosamente: 1BF1D241-813E-4BBC-9FE0-2B56E2176DC3.json
2025-12-16 10:41:49,969 - INFO - Procesado exitosamente: 1C06FFA3-07CE-4F9A-94AF-6611F75A4EA7.json
2025-12-16 10:41:49,969 - INFO - Procesado exitosamente: 1F001ABE-6976-4E68-8816-5007EF3F1651.json
2025-12-16 10:41:49,977 - INFO - Procesado exitosamente: 1P001-00000000000647006141511770020.json
2025-12-16 10:41:49,977 - INFO - Procesado exitosamente: 1P001-00000000000647106141511770020.json
2025-12-16 10:41:49,977 - INFO - Procesado exitosamente: 1P001-00000000000647306141511770020.json
2025-12-16 10:41:49,977 - INFO - Procesado exitosamente: 1P001-00000000000651006141511770020.json
2025-12-16 10:41:49,977 - INFO - Procesado exitosamente: 1P001-00000000000651306141511770020.json
2025-12-16 10:41:49,977 - INFO - Procesado exitosamente: 1P001-00000000000724406141511770020.json
2025-12-16 10:41:49,977 - INFO - Procesado exitosamente: 264724A6-8A93-4752-97A5-1AAC6AE3719B.json
2025-12-16 10:41:49,977 - INFO - Procesado exitosamente: 269A17A2-4029-4487-B494-F488358DDF5E.json
2025-12-16 10:41:49,977 - INFO - Procesado exitosamente: 27E379B7-1B83-4C64-ADC0-5C83806A597A.json
2025-12-16 10:41:49,977 - INFO - Procesado exitosamente: 283B5113-C01B-46D1-A890-CD00F9A8E2F8.json
2025-12-16 10:41:49,977 - INFO - Procesado exitosamente: 2A7845F5-10D0-4D23-9137-CDE526530AFE.json
2025-12-16 10:41:49,977 - INFO - Procesado exitosamente: 397F2380-4487-4AD8-879A-8B21608BC008.json
2025-12-16 10:41:49,977 - INFO - Procesado exitosamente: 3F66EE72-42CE-429A-ADD7-479231E99B71.json
2025-12-16 10:41:49,977 - INFO - Procesado exitosamente: 43043AD5-35CE-4FCF-E064-00144FF8838D.json
2025-12-16 10:41:49,977 - INFO - Procesado exitosamente: 43535047-9E86-17F6-E064-00144FF8838D.json
2025-12-16 10:41:49,977 - INFO - Procesado exitosamente: 4F3DC115-3B92-4484-830F-BC316CED7AE6.json
2025-12-16 10:41:49,977 - INFO - Procesado exitosamente: 50500DA2-6BC8-4588-8F2A-36BF6F3D83A7.json
2025-12-16 10:41:49,977 - INFO - Procesado exitosamente: 5261228E-5188-4F4C-8D03-B83CB26DFF85.json
2025-12-16 10:41:49,977 - WARNING - Encoding utf-8 el archivo 61EDE671-97A2-412A-8392-8F6B44C904F2.json entró por latin-1
2025-12-16 10:41:49,977 - INFO - Procesado exitosamente: 61EDE671-97A2-412A-8392-8F6B44C904F2.json
2025-12-16 10:41:49,977 - INFO - Procesado exitosamente: 63995E65-FA18-1FD0-AEB2-808000245862.json
2025-12-16 10:41:49,977 - INFO - Procesado exitosamente: 63995E65-FA18-1FD0-AEB2-828000245863.json
2025-12-16 10:41:49,977 - INFO - Procesado exitosamente: 63995E65-FA18-1FD0-B09C-A98000246506.json
2025-12-16 10:41:49,977 - INFO - Procesado exitosamente: 63995E65-FA18-1FD0-B09C-AE8000246507.json
2025-12-16 10:41:49,977 - INFO - Procesado exitosamente: 63995E65-FA18-1FD0-B09C-B28000246508.json
2025-12-16 10:41:49,977 - INFO - Procesado exitosamente: 63995E65-FA18-1FD0-B1B0-E68000246623.json
2025-12-16 10:41:49,977 - INFO - Procesado exitosamente: 63995E65-FA18-1FD0-B1B1-C68000246695.json
2025-12-16 10:41:49,977 - INFO - Procesado exitosamente: 63995E65-FA18-1FD0-B393-538000247174.json
2025-12-16 10:41:49,977 - INFO - Procesado exitosamente: 63995E65-FA18-1FD0-B393-568000247175.json
2025-12-16 10:41:49,977 - INFO - Procesado exitosamente: 63995E65-FA18-1FD0-B395-6B8000247295.json
2025-12-16 10:41:49,977 - INFO - Procesado exitosamente: 63995E65-FA18-1FD0-B395-6E8000247296.json
2025-12-16 10:41:49,977 - INFO - Procesado exitosamente: 63995E65-FA18-1FD0-B395-708000247297.json
2025-12-16 10:41:49,977 - INFO - Procesado exitosamente: 63995E65-FA18-1FD0-B395-738000247298.json
2025-12-16 10:41:49,977 - INFO - Procesado exitosamente: 63995E65-FA18-1FD0-B395-758000247299.json
2025-12-16 10:41:49,977 - WARNING - Encoding utf-8 el archivo 6B473887-EE07-45F0-B6D3-12DF19C9B934.json entró por latin-1
2025-12-16 10:41:49,977 - INFO - Procesado exitosamente: 6B473887-EE07-45F0-B6D3-12DF19C9B934.json
2025-12-16 10:41:49,977 - INFO - Procesado exitosamente: 6F3EC5DD-FE11-4A56-ABF8-5052DDFAADDD.json
2025-12-16 10:41:49,977 - WARNING - Encoding utf-8 el archivo 70F448C6-F7DF-415F-A3FE-C737208057E8.json entró por latin-1
2025-12-16 10:41:49,977 - INFO - Procesado exitosamente: 70F448C6-F7DF-415F-A3FE-C737208057E8.json
2025-12-16 10:41:49,977 - WARNING - Encoding utf-8 el archivo 7146F7AD-C19D-4A89-90C4-BEFC70AE03CA.json entró por latin-1
2025-12-16 10:41:49,977 - INFO - Procesado exitosamente: 7146F7AD-C19D-4A89-90C4-BEFC70AE03CA.json
2025-12-16 10:41:49,977 - INFO - Procesado exitosamente: 71954747-81F4-4FBE-BF8F-4B8B171FECF1.json
2025-12-16 10:41:49,977 - INFO - Procesado exitosamente: 79157784-11AD-4903-B5F6-EB9A39E20377.json
2025-12-16 10:41:49,993 - INFO - Procesado exitosamente: 7D41829A-DE48-4C50-9030-B192AF151C77.json
2025-12-16 10:41:49,993 - INFO - Procesado exitosamente: 80A7EEC7-577E-4D91-8401-2689379D89C4.json
2025-12-16 10:41:49,993 - INFO - Procesado exitosamente: 83CF9CF3-7D3A-4352-B3BA-72BCA15BF460.json
2025-12-16 10:41:49,993 - INFO - Procesado exitosamente: 86B872B3-7509-4495-9187-4279F27A1B2D.json
2025-12-16 10:41:49,993 - INFO - Procesado exitosamente: 86EFF862-3248-4FC5-B92D-16C67247A852.json
2025-12-16 10:41:49,993 - INFO - Procesado exitosamente: 888A968D-CE20-41EE-87F2-D6F70A9FB151.json
2025-12-16 10:41:49,993 - WARNING - Encoding utf-8 el archivo 889B95B5-3382-4C46-8E3F-801AA358EA71.json entró por latin-1
2025-12-16 10:41:49,993 - INFO - Procesado exitosamente: 889B95B5-3382-4C46-8E3F-801AA358EA71.json
2025-12-16 10:41:49,993 - INFO - Procesado exitosamente: 8D4912C3-3972-1FE0-B3B2-C2ACA286BCB7.json
2025-12-16 10:41:49,996 - INFO - Procesado exitosamente: 8D963F4A-24DB-43CB-A4FC-B8B129B6152F.json
2025-12-16 10:41:49,996 - INFO - Procesado exitosamente: 9C610C5D-92C9-4FE2-8C7F-578AC90854A9.json
2025-12-16 10:41:49,996 - INFO - Procesado exitosamente: A3D11227-70B9-4D40-81E5-8901ABF6A766.json
2025-12-16 10:41:49,996 - INFO - Procesado exitosamente: A46D4E64-4485-41B4-8248-152D2E98DD72.json
2025-12-16 10:41:49,996 - WARNING - Encoding utf-8 el archivo A91B7DF7-81AE-4934-9194-8B9FEC3046C5.json entró por latin-1
2025-12-16 10:41:49,996 - INFO - Procesado exitosamente: A91B7DF7-81AE-4934-9194-8B9FEC3046C5.json
2025-12-16 10:41:49,996 - INFO - Procesado exitosamente: ABF1227C-1FCA-43A4-817B-DB4D94FEAF04.json
2025-12-16 10:41:49,996 - INFO - Procesado exitosamente: AF03CD2B-9D09-4F97-80E8-7AB66E843F99.json
2025-12-16 10:41:49,996 - WARNING - Encoding utf-8 el archivo B048B404-7A75-4503-B491-A6EDFF789AD4.json entró por latin-1
2025-12-16 10:41:49,999 - INFO - Procesado exitosamente: B048B404-7A75-4503-B491-A6EDFF789AD4.json
2025-12-16 10:41:49,999 - INFO - Procesado exitosamente: B52270FA-58B8-472D-AE09-355D447A5CF2.json
2025-12-16 10:41:49,999 - INFO - Procesado exitosamente: B73C67D4-F513-4199-8329-4B1062067E81.json
2025-12-16 10:41:49,999 - WARNING - Encoding utf-8 el archivo BF2BA5D5-9582-42EC-99C8-42DB67284886.json entró por latin-1
2025-12-16 10:41:49,999 - INFO - Procesado exitosamente: BF2BA5D5-9582-42EC-99C8-42DB67284886.json
2025-12-16 10:41:49,999 - WARNING - Encoding utf-8 el archivo BFCC3EFC-4BDD-4A5E-AD2E-F50AD0D44631.json entró por latin-1
2025-12-16 10:41:49,999 - INFO - Procesado exitosamente: BFCC3EFC-4BDD-4A5E-AD2E-F50AD0D44631.json
2025-12-16 10:41:49,999 - INFO - Procesado exitosamente: C205B00E-A61F-476F-AEBE-81E97844A178.json
2025-12-16 10:41:49,999 - INFO - Procesado exitosamente: C5D598D6-0748-4E1A-B57E-4B35189EBBF4.json
2025-12-16 10:41:49,999 - INFO - Procesado exitosamente: C6E2AB93-65FA-4E40-AC6E-59AE8CC63431.json
2025-12-16 10:41:49,999 - INFO - Procesado exitosamente: CA105E91-D16E-40A5-BF95-76BF0E5A8C84.json
2025-12-16 10:41:49,999 - WARNING - Encoding utf-8 el archivo COMPRETENCION_1_JSON (2).json entró por latin-1
2025-12-16 10:41:49,999 - INFO - Procesado exitosamente: COMPRETENCION_1_JSON (2).json
2025-12-16 10:41:49,999 - WARNING - Encoding utf-8 el archivo COMPRETENCION_1_JSON (3).json entró por latin-1
2025-12-16 10:41:49,999 - INFO - Procesado exitosamente: COMPRETENCION_1_JSON (3).json
2025-12-16 10:41:49,999 - WARNING - Encoding utf-8 el archivo COMPRETENCION_1_JSON.json entró por latin-1
2025-12-16 10:41:49,999 - INFO - Procesado exitosamente: COMPRETENCION_1_JSON.json
2025-12-16 10:41:49,999 - WARNING - Encoding utf-8 el archivo COMPRETENCION_1_JSON_1.json entró por latin-1
2025-12-16 10:41:49,999 - INFO - Procesado exitosamente: COMPRETENCION_1_JSON_1.json
2025-12-16 10:41:49,999 - INFO - Procesado exitosamente: Comprobante_Electronico-2B22166E-FC8D-49C7-A20E-D0814F17C2EC.json
2025-12-16 10:41:49,999 - INFO - Procesado exitosamente: Comprobante_Electronico-F554889F-6589-4F74-9F50-B1A91EC6254C.json
2025-12-16 10:41:49,999 - INFO - Procesado exitosamente: D39DC43D-2750-460B-8EFF-ECAAB9CA66DC.json
2025-12-16 10:41:49,999 - WARNING - Encoding utf-8 el archivo D470AB26-351E-49E0-B4AE-FEB0B7EB231D.json entró por latin-1
2025-12-16 10:41:49,999 - INFO - Procesado exitosamente: D470AB26-351E-49E0-B4AE-FEB0B7EB231D.json
2025-12-16 10:41:49,999 - INFO - Procesado exitosamente: D6B39A84-23B5-407E-B820-B292D1D152A0.json
2025-12-16 10:41:49,999 - INFO - Procesado exitosamente: D9D08459-A210-4E50-B4D4-A15AF613CBD5.json
2025-12-16 10:41:49,999 - INFO - Procesado exitosamente: DA4D4B01-C7FA-4878-8DA7-A89B72DC29C6.json
2025-12-16 10:41:50,008 - INFO - Procesado exitosamente: DC7C7B8F-1405-49F7-AA31-A4AAFBC87EBE.json
2025-12-16 10:41:50,008 - INFO - Procesado exitosamente: DTE-07-M001P001-000000000000802_834D8746-25B5-4732-8190-7224DF226810.json
2025-12-16 10:41:50,008 - INFO - Procesado exitosamente: DTE-07-M001P001-000000000004701_3B4594F6-0426-4B60-993E-7ED951C0BAD1.json
2025-12-16 10:41:50,010 - INFO - Procesado exitosamente: DTE-07-M001P001-000000000004702_CC0997A7-3FBC-4900-BC44-C1F7377E1BDB.json
2025-12-16 10:41:50,010 - INFO - Procesado exitosamente: DTE-07-M001P001-000000000004703_0E4E23E4-6253-4761-B28F-90115F9D40D9.json
2025-12-16 10:41:50,010 - INFO - Procesado exitosamente: DTE-07-M001P001-000000000004704_53993390-CCA0-4527-9AF8-F3016F93CFB7.json
2025-12-16 10:41:50,010 - INFO - Procesado exitosamente: DTE-07-M001P001-000000000004735_FD8A1F21-5EB1-4BDC-A301-23872CFC7BDB.json
2025-12-16 10:41:50,010 - INFO - Procesado exitosamente: DTE-07-M001P001-000000000005630_6BB96BEE-BF95-4829-B75A-001B5623B6B3.json
2025-12-16 10:41:50,010 - ERROR - El archivo DTE-07-M001P001-202500000001680.json no es un JSON válido o está vacío.
2025-12-16 10:41:50,010 - INFO - Procesado exitosamente: DTE-07-M001P010-000000000010170-2F1B8414-99C9-4277-B970-CB1C8B14B12C-10-11-2025 025523.json
2025-12-16 10:41:50,010 - INFO - Procesado exitosamente: DTE-07-M001P010-000000000010461-9D020BB0-D298-4819-83AC-BEE2E40939CB-18-11-2025 021735.json
2025-12-16 10:41:50,010 - INFO - Procesado exitosamente: DTE-07-M001P010-000000000010550-AEFC8F20-D47A-4EE3-AF07-A6AC06B88CF8-20-11-2025 024901.json
2025-12-16 10:41:50,010 - INFO - Procesado exitosamente: DTE-07-M001P010-000000000010707-27B0CB09-4F1C-4604-8E57-795B04E582B6-25-11-2025 101502.json
2025-12-16 10:41:50,010 - INFO - Procesado exitosamente: DTE-07-M001P010-000000000010770-29029575-E3E0-4DD9-BE43-5ABCA1C0F71A-26-11-2025 022548.json
2025-12-16 10:41:50,010 - INFO - Procesado exitosamente: DTE-07-M001P010-000000000010871-359910A9-A847-4F1C-88D2-A6CF961A9E52-28-11-2025 024944.json
2025-12-16 10:41:50,010 - INFO - Procesado exitosamente: DTE-07-S003P001-000000000000106_7DA3A730-70AB-4897-BB57-D55831A9A9FC.json
2025-12-16 10:41:50,010 - INFO - Procesado exitosamente: EC2A892C-5336-49BE-832F-4D2656FA682E.json
2025-12-16 10:41:50,010 - INFO - Procesado exitosamente: EFA27456-B005-4F04-A1FD-EB72617BC038.json
2025-12-16 10:41:50,010 - INFO - Procesado exitosamente: F9EA6881-4E9A-40B9-B307-3C6213F4D3F8.json
2025-12-16 10:41:50,010 - WARNING - Encoding utf-8 el archivo factura-DTE-07-M001P001-000000000008439.json entró por latin-1
2025-12-16 10:41:50,010 - INFO - Procesado exitosamente: factura-DTE-07-M001P001-000000000008439.json
2025-12-16 10:41:50,010 - INFO - Procesado exitosamente: FC71A4F2-606A-4C12-968B-1C3F3F13E0E1.json
2025-12-16 10:41:50,010 - INFO - Procesado exitosamente: FDFD466B-597B-4483-B341-C24123BC9ED9.json
2025-12-16 10:41:50,010 - INFO - Procesado exitosamente: Retención No.4999.json
2025-12-16 10:48:09,103 - INFO - Procesado exitosamente: 0178483A-CC0C-406B-8D75-56A23E141CDF.json
2025-12-16 10:48:09,103 - INFO - Procesado exitosamente: 08C47A1E-489B-4747-96BF-BDBA13D427F9.json
2025-12-16 10:48:09,103 - INFO - Procesado exitosamente: 09C6487E-B719-434C-BBFE-CC60313942DB.json
2025-12-16 10:48:09,103 - INFO - Procesado exitosamente: 115BBDE7-2265-4FDD-8DA9-4D7FBCB8E58F.json
2025-12-16 10:48:09,103 - INFO - Procesado exitosamente: 13B5D334-13CE-48AD-AE24-7D8497D38E32.json
2025-12-16 10:48:09,103 - INFO - Procesado exitosamente: 15F0FD55-2D8D-45AC-A065-C21F98126780.json
2025-12-16 10:48:09,103 - INFO - Procesado exitosamente: 1BF1D241-813E-4BBC-9FE0-2B56E2176DC3.json
2025-12-16 10:48:09,116 - INFO - Procesado exitosamente: 1C06FFA3-07CE-4F9A-94AF-6611F75A4EA7.json
2025-12-16 10:48:09,117 - INFO - Procesado exitosamente: 1F001ABE-6976-4E68-8816-5007EF3F1651.json
2025-12-16 10:48:09,117 - INFO - Procesado exitosamente: 1P001-00000000000647006141511770020.json
2025-12-16 10:48:09,117 - INFO - Procesado exitosamente: 1P001-00000000000647106141511770020.json
2025-12-16 10:48:09,117 - INFO - Procesado exitosamente: 1P001-00000000000647306141511770020.json
2025-12-16 10:48:09,117 - INFO - Procesado exitosamente: 1P001-00000000000651006141511770020.json
2025-12-16 10:48:09,117 - INFO - Procesado exitosamente: 1P001-00000000000651306141511770020.json
2025-12-16 10:48:09,117 - INFO - Procesado exitosamente: 1P001-00000000000724406141511770020.json
2025-12-16 10:48:09,117 - INFO - Procesado exitosamente: 264724A6-8A93-4752-97A5-1AAC6AE3719B.json
2025-12-16 10:48:09,117 - INFO - Procesado exitosamente: 269A17A2-4029-4487-B494-F488358DDF5E.json
2025-12-16 10:48:09,117 - INFO - Procesado exitosamente: 27E379B7-1B83-4C64-ADC0-5C83806A597A.json
2025-12-16 10:48:09,117 - INFO - Procesado exitosamente: 283B5113-C01B-46D1-A890-CD00F9A8E2F8.json
2025-12-16 10:48:09,117 - INFO - Procesado exitosamente: 2A7845F5-10D0-4D23-9137-CDE526530AFE.json
2025-12-16 10:48:09,117 - INFO - Procesado exitosamente: 397F2380-4487-4AD8-879A-8B21608BC008.json
2025-12-16 10:48:09,117 - INFO - Procesado exitosamente: 3F66EE72-42CE-429A-ADD7-479231E99B71.json
2025-12-16 10:48:09,117 - INFO - Procesado exitosamente: 43043AD5-35CE-4FCF-E064-00144FF8838D.json
2025-12-16 10:48:09,117 - INFO - Procesado exitosamente: 43535047-9E86-17F6-E064-00144FF8838D.json
2025-12-16 10:48:09,117 - INFO - Procesado exitosamente: 4F3DC115-3B92-4484-830F-BC316CED7AE6.json
2025-12-16 10:48:09,117 - INFO - Procesado exitosamente: 50500DA2-6BC8-4588-8F2A-36BF6F3D83A7.json
2025-12-16 10:48:09,117 - INFO - Procesado exitosamente: 5261228E-5188-4F4C-8D03-B83CB26DFF85.json
2025-12-16 10:48:09,125 - WARNING - Encoding utf-8 el archivo 61EDE671-97A2-412A-8392-8F6B44C904F2.json entró por latin-1
2025-12-16 10:48:09,127 - INFO - Procesado exitosamente: 61EDE671-97A2-412A-8392-8F6B44C904F2.json
2025-12-16 10:48:09,127 - INFO - Procesado exitosamente: 63995E65-FA18-1FD0-AEB2-808000245862.json
2025-12-16 10:48:09,127 - INFO - Procesado exitosamente: 63995E65-FA18-1FD0-AEB2-828000245863.json
2025-12-16 10:48:09,127 - INFO - Procesado exitosamente: 63995E65-FA18-1FD0-B09C-A98000246506.json
2025-12-16 10:48:09,127 - INFO - Procesado exitosamente: 63995E65-FA18-1FD0-B09C-AE8000246507.json
2025-12-16 10:48:09,127 - INFO - Procesado exitosamente: 63995E65-FA18-1FD0-B09C-B28000246508.json
2025-12-16 10:48:09,131 - INFO - Procesado exitosamente: 63995E65-FA18-1FD0-B1B0-E68000246623.json
2025-12-16 10:48:09,131 - INFO - Procesado exitosamente: 63995E65-FA18-1FD0-B1B1-C68000246695.json
2025-12-16 10:48:09,131 - INFO - Procesado exitosamente: 63995E65-FA18-1FD0-B393-538000247174.json
2025-12-16 10:48:09,131 - INFO - Procesado exitosamente: 63995E65-FA18-1FD0-B393-568000247175.json
2025-12-16 10:48:09,133 - INFO - Procesado exitosamente: 63995E65-FA18-1FD0-B395-6B8000247295.json
2025-12-16 10:48:09,134 - INFO - Procesado exitosamente: 63995E65-FA18-1FD0-B395-6E8000247296.json
2025-12-16 10:48:09,134 - INFO - Procesado exitosamente: 63995E65-FA18-1FD0-B395-708000247297.json
2025-12-16 10:48:09,134 - INFO - Procesado exitosamente: 63995E65-FA18-1FD0-B395-738000247298.json
2025-12-16 10:48:09,136 - INFO - Procesado exitosamente: 63995E65-FA18-1FD0-B395-758000247299.json
2025-12-16 10:48:09,136 - WARNING - Encoding utf-8 el archivo 6B473887-EE07-45F0-B6D3-12DF19C9B934.json entró por latin-1
2025-12-16 10:48:09,136 - INFO - Procesado exitosamente: 6B473887-EE07-45F0-B6D3-12DF19C9B934.json
2025-12-16 10:48:09,136 - INFO - Procesado exitosamente: 6F3EC5DD-FE11-4A56-ABF8-5052DDFAADDD.json
2025-12-16 10:48:09,136 - WARNING - Encoding utf-8 el archivo 70F448C6-F7DF-415F-A3FE-C737208057E8.json entró por latin-1
2025-12-16 10:48:09,136 - INFO - Procesado exitosamente: 70F448C6-F7DF-415F-A3FE-C737208057E8.json
2025-12-16 10:48:09,138 - WARNING - Encoding utf-8 el archivo 7146F7AD-C19D-4A89-90C4-BEFC70AE03CA.json entró por latin-1
2025-12-16 10:48:09,138 - INFO - Procesado exitosamente: 7146F7AD-C19D-4A89-90C4-BEFC70AE03CA.json
2025-12-16 10:48:09,140 - INFO - Procesado exitosamente: 71954747-81F4-4FBE-BF8F-4B8B171FECF1.json
2025-12-16 10:48:09,140 - INFO - Procesado exitosamente: 79157784-11AD-4903-B5F6-EB9A39E20377.json
2025-12-16 10:48:09,141 - INFO - Procesado exitosamente: 7D41829A-DE48-4C50-9030-B192AF151C77.json
2025-12-16 10:48:09,142 - INFO - Procesado exitosamente: 80A7EEC7-577E-4D91-8401-2689379D89C4.json
2025-12-16 10:48:09,142 - INFO - Procesado exitosamente: 83CF9CF3-7D3A-4352-B3BA-72BCA15BF460.json
2025-12-16 10:48:09,142 - INFO - Procesado exitosamente: 86B872B3-7509-4495-9187-4279F27A1B2D.json
2025-12-16 10:48:09,144 - INFO - Procesado exitosamente: 86EFF862-3248-4FC5-B92D-16C67247A852.json
2025-12-16 10:48:09,144 - INFO - Procesado exitosamente: 888A968D-CE20-41EE-87F2-D6F70A9FB151.json
2025-12-16 10:48:09,144 - WARNING - Encoding utf-8 el archivo 889B95B5-3382-4C46-8E3F-801AA358EA71.json entró por latin-1
2025-12-16 10:48:09,145 - INFO - Procesado exitosamente: 889B95B5-3382-4C46-8E3F-801AA358EA71.json
2025-12-16 10:48:09,145 - INFO - Procesado exitosamente: 8D4912C3-3972-1FE0-B3B2-C2ACA286BCB7.json
2025-12-16 10:48:09,145 - INFO - Procesado exitosamente: 8D963F4A-24DB-43CB-A4FC-B8B129B6152F.json
2025-12-16 10:48:09,145 - INFO - Procesado exitosamente: 9C610C5D-92C9-4FE2-8C7F-578AC90854A9.json
2025-12-16 10:48:09,145 - INFO - Procesado exitosamente: A3D11227-70B9-4D40-81E5-8901ABF6A766.json
2025-12-16 10:48:09,145 - INFO - Procesado exitosamente: A46D4E64-4485-41B4-8248-152D2E98DD72.json
2025-12-16 10:48:09,145 - WARNING - Encoding utf-8 el archivo A91B7DF7-81AE-4934-9194-8B9FEC3046C5.json entró por latin-1
2025-12-16 10:48:09,145 - INFO - Procesado exitosamente: A91B7DF7-81AE-4934-9194-8B9FEC3046C5.json
2025-12-16 10:48:09,145 - INFO - Procesado exitosamente: ABF1227C-1FCA-43A4-817B-DB4D94FEAF04.json
2025-12-16 10:48:09,150 - INFO - Procesado exitosamente: AF03CD2B-9D09-4F97-80E8-7AB66E843F99.json
2025-12-16 10:48:09,150 - WARNING - Encoding utf-8 el archivo B048B404-7A75-4503-B491-A6EDFF789AD4.json entró por latin-1
2025-12-16 10:48:09,151 - INFO - Procesado exitosamente: B048B404-7A75-4503-B491-A6EDFF789AD4.json
2025-12-16 10:48:09,151 - INFO - Procesado exitosamente: B52270FA-58B8-472D-AE09-355D447A5CF2.json
2025-12-16 10:48:09,152 - INFO - Procesado exitosamente: B73C67D4-F513-4199-8329-4B1062067E81.json
2025-12-16 10:48:09,152 - WARNING - Encoding utf-8 el archivo BF2BA5D5-9582-42EC-99C8-42DB67284886.json entró por latin-1
2025-12-16 10:48:09,153 - INFO - Procesado exitosamente: BF2BA5D5-9582-42EC-99C8-42DB67284886.json
2025-12-16 10:48:09,153 - WARNING - Encoding utf-8 el archivo BFCC3EFC-4BDD-4A5E-AD2E-F50AD0D44631.json entró por latin-1
2025-12-16 10:48:09,154 - INFO - Procesado exitosamente: BFCC3EFC-4BDD-4A5E-AD2E-F50AD0D44631.json
2025-12-16 10:48:09,154 - INFO - Procesado exitosamente: C205B00E-A61F-476F-AEBE-81E97844A178.json
2025-12-16 10:48:09,155 - INFO - Procesado exitosamente: C5D598D6-0748-4E1A-B57E-4B35189EBBF4.json
2025-12-16 10:48:09,155 - INFO - Procesado exitosamente: C6E2AB93-65FA-4E40-AC6E-59AE8CC63431.json
2025-12-16 10:48:09,156 - INFO - Procesado exitosamente: CA105E91-D16E-40A5-BF95-76BF0E5A8C84.json
2025-12-16 10:48:09,156 - WARNING - Encoding utf-8 el archivo COMPRETENCION_1_JSON (2).json entró por latin-1
2025-12-16 10:48:09,156 - INFO - Procesado exitosamente: COMPRETENCION_1_JSON (2).json
2025-12-16 10:48:09,157 - WARNING - Encoding utf-8 el archivo COMPRETENCION_1_JSON (3).json entró por latin-1
2025-12-16 10:48:09,157 - INFO - Procesado exitosamente: COMPRETENCION_1_JSON (3).json
2025-12-16 10:48:09,157 - WARNING - Encoding utf-8 el archivo COMPRETENCION_1_JSON.json entró por latin-1
2025-12-16 10:48:09,157 - INFO - Procesado exitosamente: COMPRETENCION_1_JSON.json
2025-12-16 10:48:09,159 - WARNING - Encoding utf-8 el archivo COMPRETENCION_1_JSON_1.json entró por latin-1
2025-12-16 10:48:09,159 - INFO - Procesado exitosamente: COMPRETENCION_1_JSON_1.json
2025-12-16 10:48:09,159 - INFO - Procesado exitosamente: Comprobante_Electronico-2B22166E-FC8D-49C7-A20E-D0814F17C2EC.json
2025-12-16 10:48:09,160 - INFO - Procesado exitosamente: Comprobante_Electronico-F554889F-6589-4F74-9F50-B1A91EC6254C.json
2025-12-16 10:48:09,160 - INFO - Procesado exitosamente: D39DC43D-2750-460B-8EFF-ECAAB9CA66DC.json
2025-12-16 10:48:09,161 - WARNING - Encoding utf-8 el archivo D470AB26-351E-49E0-B4AE-FEB0B7EB231D.json entró por latin-1
2025-12-16 10:48:09,161 - INFO - Procesado exitosamente: D470AB26-351E-49E0-B4AE-FEB0B7EB231D.json
2025-12-16 10:48:09,161 - INFO - Procesado exitosamente: D6B39A84-23B5-407E-B820-B292D1D152A0.json
2025-12-16 10:48:09,162 - INFO - Procesado exitosamente: D9D08459-A210-4E50-B4D4-A15AF613CBD5.json
2025-12-16 10:48:09,162 - INFO - Procesado exitosamente: DA4D4B01-C7FA-4878-8DA7-A89B72DC29C6.json
2025-12-16 10:48:09,164 - INFO - Procesado exitosamente: DC7C7B8F-1405-49F7-AA31-A4AAFBC87EBE.json
2025-12-16 10:48:09,164 - INFO - Procesado exitosamente: DTE-07-M001P001-000000000000802_834D8746-25B5-4732-8190-7224DF226810.json
2025-12-16 10:48:09,165 - INFO - Procesado exitosamente: DTE-07-M001P001-000000000004701_3B4594F6-0426-4B60-993E-7ED951C0BAD1.json
2025-12-16 10:48:09,165 - INFO - Procesado exitosamente: DTE-07-M001P001-000000000004702_CC0997A7-3FBC-4900-BC44-C1F7377E1BDB.json
2025-12-16 10:48:09,166 - INFO - Procesado exitosamente: DTE-07-M001P001-000000000004703_0E4E23E4-6253-4761-B28F-90115F9D40D9.json
2025-12-16 10:48:09,166 - INFO - Procesado exitosamente: DTE-07-M001P001-000000000004704_53993390-CCA0-4527-9AF8-F3016F93CFB7.json
2025-12-16 10:48:09,166 - INFO - Procesado exitosamente: DTE-07-M001P001-000000000004735_FD8A1F21-5EB1-4BDC-A301-23872CFC7BDB.json
2025-12-16 10:48:09,166 - INFO - Procesado exitosamente: DTE-07-M001P001-000000000005630_6BB96BEE-BF95-4829-B75A-001B5623B6B3.json
2025-12-16 10:48:09,168 - ERROR - El archivo DTE-07-M001P001-202500000001680.json no es un JSON válido o está vacío.
2025-12-16 10:48:09,168 - INFO - Procesado exitosamente: DTE-07-M001P010-000000000010170-2F1B8414-99C9-4277-B970-CB1C8B14B12C-10-11-2025 025523.json
2025-12-16 10:48:09,168 - INFO - Procesado exitosamente: DTE-07-M001P010-000000000010461-9D020BB0-D298-4819-83AC-BEE2E40939CB-18-11-2025 021735.json
2025-12-16 10:48:09,169 - INFO - Procesado exitosamente: DTE-07-M001P010-000000000010550-AEFC8F20-D47A-4EE3-AF07-A6AC06B88CF8-20-11-2025 024901.json
2025-12-16 10:48:09,169 - INFO - Procesado exitosamente: DTE-07-M001P010-000000000010707-27B0CB09-4F1C-4604-8E57-795B04E582B6-25-11-2025 101502.json
2025-12-16 10:48:09,170 - INFO - Procesado exitosamente: DTE-07-M001P010-000000000010770-29029575-E3E0-4DD9-BE43-5ABCA1C0F71A-26-11-2025 022548.json
2025-12-16 10:48:09,170 - INFO - Procesado exitosamente: DTE-07-M001P010-000000000010871-359910A9-A847-4F1C-88D2-A6CF961A9E52-28-11-2025 024944.json
2025-12-16 10:48:09,170 - INFO - Procesado exitosamente: DTE-07-S003P001-000000000000106_7DA3A730-70AB-4897-BB57-D55831A9A9FC.json
2025-12-16 10:48:09,171 - INFO - Procesado exitosamente: EC2A892C-5336-49BE-832F-4D2656FA682E.json
2025-12-16 10:48:09,171 - INFO - Procesado exitosamente: EFA27456-B005-4F04-A1FD-EB72617BC038.json
2025-12-16 10:48:09,171 - INFO - Procesado exitosamente: F9EA6881-4E9A-40B9-B307-3C6213F4D3F8.json
2025-12-16 10:48:09,173 - WARNING - Encoding utf-8 el archivo factura-DTE-07-M001P001-000000000008439.json entró por latin-1
2025-12-16 10:48:09,173 - INFO - Procesado exitosamente: factura-DTE-07-M001P001-000000000008439.json
2025-12-16 10:48:09,173 - INFO - Procesado exitosamente: FC71A4F2-606A-4C12-968B-1C3F3F13E0E1.json
2025-12-16 10:48:09,173 - INFO - Procesado exitosamente: FDFD466B-597B-4483-B341-C24123BC9ED9.json
2025-12-16 10:48:09,173 - INFO - Procesado exitosamente: Retención No.4999.json
2025-12-16 11:12:30,061 - INFO - Procesado exitosamente: 0178483A-CC0C-406B-8D75-56A23E141CDF.json
2025-12-16 11:12:30,063 - INFO - Procesado exitosamente: 08C47A1E-489B-4747-96BF-BDBA13D427F9.json
2025-12-16 11:12:30,063 - INFO - Procesado exitosamente: 09C6487E-B719-434C-BBFE-CC60313942DB.json
2025-12-16 11:12:30,064 - INFO - Procesado exitosamente: 115BBDE7-2265-4FDD-8DA9-4D7FBCB8E58F.json
2025-12-16 11:12:30,064 - INFO - Procesado exitosamente: 13B5D334-13CE-48AD-AE24-7D8497D38E32.json
2025-12-16 11:12:30,064 - INFO - Procesado exitosamente: 15F0FD55-2D8D-45AC-A065-C21F98126780.json
2025-12-16 11:12:30,064 - INFO - Procesado exitosamente: 1BF1D241-813E-4BBC-9FE0-2B56E2176DC3.json
2025-12-16 11:12:30,064 - INFO - Procesado exitosamente: 1C06FFA3-07CE-4F9A-94AF-6611F75A4EA7.json
2025-12-16 11:12:30,064 - INFO - Procesado exitosamente: 1F001ABE-6976-4E68-8816-5007EF3F1651.json
2025-12-16 11:12:30,064 - INFO - Procesado exitosamente: 1P001-00000000000647006141511770020.json
2025-12-16 11:12:30,064 - INFO - Procesado exitosamente: 1P001-00000000000647106141511770020.json
2025-12-16 11:12:30,064 - INFO - Procesado exitosamente: 1P001-00000000000647306141511770020.json
2025-12-16 11:12:30,064 - INFO - Procesado exitosamente: 1P001-00000000000651006141511770020.json
2025-12-16 11:12:30,069 - INFO - Procesado exitosamente: 1P001-00000000000651306141511770020.json
2025-12-16 11:12:30,069 - INFO - Procesado exitosamente: 1P001-00000000000724406141511770020.json
2025-12-16 11:12:30,069 - INFO - Procesado exitosamente: 264724A6-8A93-4752-97A5-1AAC6AE3719B.json
2025-12-16 11:12:30,069 - INFO - Procesado exitosamente: 269A17A2-4029-4487-B494-F488358DDF5E.json
2025-12-16 11:12:30,069 - INFO - Procesado exitosamente: 27E379B7-1B83-4C64-ADC0-5C83806A597A.json
2025-12-16 11:12:30,069 - INFO - Procesado exitosamente: 283B5113-C01B-46D1-A890-CD00F9A8E2F8.json
2025-12-16 11:12:30,069 - INFO - Procesado exitosamente: 2A7845F5-10D0-4D23-9137-CDE526530AFE.json
2025-12-16 11:12:30,072 - INFO - Procesado exitosamente: 397F2380-4487-4AD8-879A-8B21608BC008.json
2025-12-16 11:12:30,072 - INFO - Procesado exitosamente: 3F66EE72-42CE-429A-ADD7-479231E99B71.json
2025-12-16 11:12:30,073 - INFO - Procesado exitosamente: 43043AD5-35CE-4FCF-E064-00144FF8838D.json
2025-12-16 11:12:30,075 - INFO - Procesado exitosamente: 43535047-9E86-17F6-E064-00144FF8838D.json
2025-12-16 11:12:30,076 - INFO - Procesado exitosamente: 4F3DC115-3B92-4484-830F-BC316CED7AE6.json
2025-12-16 11:12:30,076 - INFO - Procesado exitosamente: 50500DA2-6BC8-4588-8F2A-36BF6F3D83A7.json
2025-12-16 11:12:30,077 - INFO - Procesado exitosamente: 5261228E-5188-4F4C-8D03-B83CB26DFF85.json
2025-12-16 11:12:30,078 - WARNING - Encoding utf-8 el archivo 61EDE671-97A2-412A-8392-8F6B44C904F2.json entró por latin-1
2025-12-16 11:12:30,079 - INFO - Procesado exitosamente: 61EDE671-97A2-412A-8392-8F6B44C904F2.json
2025-12-16 11:12:30,079 - INFO - Procesado exitosamente: 63995E65-FA18-1FD0-AEB2-808000245862.json
2025-12-16 11:12:30,080 - INFO - Procesado exitosamente: 63995E65-FA18-1FD0-AEB2-828000245863.json
2025-12-16 11:12:30,080 - INFO - Procesado exitosamente: 63995E65-FA18-1FD0-B09C-A98000246506.json
2025-12-16 11:12:30,080 - INFO - Procesado exitosamente: 63995E65-FA18-1FD0-B09C-AE8000246507.json
2025-12-16 11:12:30,081 - INFO - Procesado exitosamente: 63995E65-FA18-1FD0-B09C-B28000246508.json
2025-12-16 11:12:30,081 - INFO - Procesado exitosamente: 63995E65-FA18-1FD0-B1B0-E68000246623.json
2025-12-16 11:12:30,081 - INFO - Procesado exitosamente: 63995E65-FA18-1FD0-B1B1-C68000246695.json
2025-12-16 11:12:30,082 - INFO - Procesado exitosamente: 63995E65-FA18-1FD0-B393-538000247174.json
2025-12-16 11:12:30,082 - INFO - Procesado exitosamente: 63995E65-FA18-1FD0-B393-568000247175.json
2025-12-16 11:12:30,083 - INFO - Procesado exitosamente: 63995E65-FA18-1FD0-B395-6B8000247295.json
2025-12-16 11:12:30,083 - INFO - Procesado exitosamente: 63995E65-FA18-1FD0-B395-6E8000247296.json
2025-12-16 11:12:30,083 - INFO - Procesado exitosamente: 63995E65-FA18-1FD0-B395-708000247297.json
2025-12-16 11:12:30,084 - INFO - Procesado exitosamente: 63995E65-FA18-1FD0-B395-738000247298.json
2025-12-16 11:12:30,084 - INFO - Procesado exitosamente: 63995E65-FA18-1FD0-B395-758000247299.json
2025-12-16 11:12:30,084 - WARNING - Encoding utf-8 el archivo 6B473887-EE07-45F0-B6D3-12DF19C9B934.json entró por latin-1
2025-12-16 11:12:30,085 - INFO - Procesado exitosamente: 6B473887-EE07-45F0-B6D3-12DF19C9B934.json
2025-12-16 11:12:30,085 - INFO - Procesado exitosamente: 6F3EC5DD-FE11-4A56-ABF8-5052DDFAADDD.json
2025-12-16 11:12:30,085 - WARNING - Encoding utf-8 el archivo 70F448C6-F7DF-415F-A3FE-C737208057E8.json entró por latin-1
2025-12-16 11:12:30,086 - INFO - Procesado exitosamente: 70F448C6-F7DF-415F-A3FE-C737208057E8.json
2025-12-16 11:12:30,086 - WARNING - Encoding utf-8 el archivo 7146F7AD-C19D-4A89-90C4-BEFC70AE03CA.json entró por latin-1
2025-12-16 11:12:30,086 - INFO - Procesado exitosamente: 7146F7AD-C19D-4A89-90C4-BEFC70AE03CA.json
2025-12-16 11:12:30,087 - INFO - Procesado exitosamente: 71954747-81F4-4FBE-BF8F-4B8B171FECF1.json
2025-12-16 11:12:30,087 - INFO - Procesado exitosamente: 79157784-11AD-4903-B5F6-EB9A39E20377.json
2025-12-16 11:12:30,087 - INFO - Procesado exitosamente: 7D41829A-DE48-4C50-9030-B192AF151C77.json
2025-12-16 11:12:30,088 - INFO - Procesado exitosamente: 80A7EEC7-577E-4D91-8401-2689379D89C4.json
2025-12-16 11:12:30,089 - INFO - Procesado exitosamente: 83CF9CF3-7D3A-4352-B3BA-72BCA15BF460.json
2025-12-16 11:12:30,089 - INFO - Procesado exitosamente: 86B872B3-7509-4495-9187-4279F27A1B2D.json
2025-12-16 11:12:30,090 - INFO - Procesado exitosamente: 86EFF862-3248-4FC5-B92D-16C67247A852.json
2025-12-16 11:12:30,091 - INFO - Procesado exitosamente: 888A968D-CE20-41EE-87F2-D6F70A9FB151.json
2025-12-16 11:12:30,091 - WARNING - Encoding utf-8 el archivo 889B95B5-3382-4C46-8E3F-801AA358EA71.json entró por latin-1
2025-12-16 11:12:30,091 - INFO - Procesado exitosamente: 889B95B5-3382-4C46-8E3F-801AA358EA71.json
2025-12-16 11:12:30,092 - INFO - Procesado exitosamente: 8D4912C3-3972-1FE0-B3B2-C2ACA286BCB7.json
2025-12-16 11:12:30,092 - INFO - Procesado exitosamente: 8D963F4A-24DB-43CB-A4FC-B8B129B6152F.json
2025-12-16 11:12:30,093 - INFO - Procesado exitosamente: 9C610C5D-92C9-4FE2-8C7F-578AC90854A9.json
2025-12-16 11:12:30,093 - INFO - Procesado exitosamente: A3D11227-70B9-4D40-81E5-8901ABF6A766.json
2025-12-16 11:12:30,093 - INFO - Procesado exitosamente: A46D4E64-4485-41B4-8248-152D2E98DD72.json
2025-12-16 11:12:30,094 - WARNING - Encoding utf-8 el archivo A91B7DF7-81AE-4934-9194-8B9FEC3046C5.json entró por latin-1
2025-12-16 11:12:30,094 - INFO - Procesado exitosamente: A91B7DF7-81AE-4934-9194-8B9FEC3046C5.json
2025-12-16 11:12:30,095 - INFO - Procesado exitosamente: ABF1227C-1FCA-43A4-817B-DB4D94FEAF04.json
2025-12-16 11:12:30,095 - INFO - Procesado exitosamente: AF03CD2B-9D09-4F97-80E8-7AB66E843F99.json
2025-12-16 11:12:30,095 - WARNING - Encoding utf-8 el archivo B048B404-7A75-4503-B491-A6EDFF789AD4.json entró por latin-1
2025-12-16 11:12:30,096 - INFO - Procesado exitosamente: B048B404-7A75-4503-B491-A6EDFF789AD4.json
2025-12-16 11:12:30,096 - INFO - Procesado exitosamente: B52270FA-58B8-472D-AE09-355D447A5CF2.json
2025-12-16 11:12:30,096 - INFO - Procesado exitosamente: B73C67D4-F513-4199-8329-4B1062067E81.json
2025-12-16 11:12:30,097 - WARNING - Encoding utf-8 el archivo BF2BA5D5-9582-42EC-99C8-42DB67284886.json entró por latin-1
2025-12-16 11:12:30,097 - INFO - Procesado exitosamente: BF2BA5D5-9582-42EC-99C8-42DB67284886.json
2025-12-16 11:12:30,097 - WARNING - Encoding utf-8 el archivo BFCC3EFC-4BDD-4A5E-AD2E-F50AD0D44631.json entró por latin-1
2025-12-16 11:12:30,097 - INFO - Procesado exitosamente: BFCC3EFC-4BDD-4A5E-AD2E-F50AD0D44631.json
2025-12-16 11:12:30,098 - INFO - Procesado exitosamente: C205B00E-A61F-476F-AEBE-81E97844A178.json
2025-12-16 11:12:30,098 - INFO - Procesado exitosamente: C5D598D6-0748-4E1A-B57E-4B35189EBBF4.json
2025-12-16 11:12:30,099 - INFO - Procesado exitosamente: C6E2AB93-65FA-4E40-AC6E-59AE8CC63431.json
2025-12-16 11:12:30,099 - INFO - Procesado exitosamente: CA105E91-D16E-40A5-BF95-76BF0E5A8C84.json
2025-12-16 11:12:30,099 - INFO - Procesado exitosamente: COMPRETENCION_1_JSON (2).json
2025-12-16 11:12:30,100 - WARNING - Encoding utf-8 el archivo COMPRETENCION_1_JSON (3).json entró por latin-1
2025-12-16 11:12:30,100 - INFO - Procesado exitosamente: COMPRETENCION_1_JSON (3).json
2025-12-16 11:12:30,100 - WARNING - Encoding utf-8 el archivo COMPRETENCION_1_JSON.json entró por latin-1
2025-12-16 11:12:30,101 - INFO - Procesado exitosamente: COMPRETENCION_1_JSON.json
2025-12-16 11:12:30,101 - WARNING - Encoding utf-8 el archivo COMPRETENCION_1_JSON_1.json entró por latin-1
2025-12-16 11:12:30,101 - INFO - Procesado exitosamente: COMPRETENCION_1_JSON_1.json
2025-12-16 11:12:30,101 - INFO - Procesado exitosamente: Comprobante_Electronico-2B22166E-FC8D-49C7-A20E-D0814F17C2EC.json
2025-12-16 11:12:30,102 - INFO - Procesado exitosamente: Comprobante_Electronico-F554889F-6589-4F74-9F50-B1A91EC6254C.json
2025-12-16 11:12:30,103 - INFO - Procesado exitosamente: D39DC43D-2750-460B-8EFF-ECAAB9CA66DC.json
2025-12-16 11:12:30,103 - WARNING - Encoding utf-8 el archivo D470AB26-351E-49E0-B4AE-FEB0B7EB231D.json entró por latin-1
2025-12-16 11:12:30,103 - INFO - Procesado exitosamente: D470AB26-351E-49E0-B4AE-FEB0B7EB231D.json
2025-12-16 11:12:30,104 - INFO - Procesado exitosamente: D6B39A84-23B5-407E-B820-B292D1D152A0.json
2025-12-16 11:12:30,104 - INFO - Procesado exitosamente: D9D08459-A210-4E50-B4D4-A15AF613CBD5.json
2025-12-16 11:12:30,105 - INFO - Procesado exitosamente: DA4D4B01-C7FA-4878-8DA7-A89B72DC29C6.json
2025-12-16 11:12:30,105 - INFO - Procesado exitosamente: DC7C7B8F-1405-49F7-AA31-A4AAFBC87EBE.json
2025-12-16 11:12:30,107 - INFO - Procesado exitosamente: DTE-07-M001P001-000000000000802_834D8746-25B5-4732-8190-7224DF226810.json
2025-12-16 11:12:30,107 - INFO - Procesado exitosamente: DTE-07-M001P001-000000000004701_3B4594F6-0426-4B60-993E-7ED951C0BAD1.json
2025-12-16 11:12:30,107 - INFO - Procesado exitosamente: DTE-07-M001P001-000000000004702_CC0997A7-3FBC-4900-BC44-C1F7377E1BDB.json
2025-12-16 11:12:30,107 - INFO - Procesado exitosamente: DTE-07-M001P001-000000000004703_0E4E23E4-6253-4761-B28F-90115F9D40D9.json
2025-12-16 11:12:30,107 - INFO - Procesado exitosamente: DTE-07-M001P001-000000000004704_53993390-CCA0-4527-9AF8-F3016F93CFB7.json
2025-12-16 11:12:30,107 - INFO - Procesado exitosamente: DTE-07-M001P001-000000000004735_FD8A1F21-5EB1-4BDC-A301-23872CFC7BDB.json
2025-12-16 11:12:30,107 - INFO - Procesado exitosamente: DTE-07-M001P001-000000000005630_6BB96BEE-BF95-4829-B75A-001B5623B6B3.json
2025-12-16 11:12:30,107 - ERROR - El archivo DTE-07-M001P001-202500000001680.json no es un JSON válido o está vacío.
2025-12-16 11:12:30,107 - INFO - Procesado exitosamente: DTE-07-M001P010-000000000010170-2F1B8414-99C9-4277-B970-CB1C8B14B12C-10-11-2025 025523.json
2025-12-16 11:12:30,107 - INFO - Procesado exitosamente: DTE-07-M001P010-000000000010461-9D020BB0-D298-4819-83AC-BEE2E40939CB-18-11-2025 021735.json
2025-12-16 11:12:30,112 - INFO - Procesado exitosamente: DTE-07-M001P010-000000000010550-AEFC8F20-D47A-4EE3-AF07-A6AC06B88CF8-20-11-2025 024901.json
2025-12-16 11:12:30,112 - INFO - Procesado exitosamente: DTE-07-M001P010-000000000010707-27B0CB09-4F1C-4604-8E57-795B04E582B6-25-11-2025 101502.json
2025-12-16 11:12:30,112 - INFO - Procesado exitosamente: DTE-07-M001P010-000000000010770-29029575-E3E0-4DD9-BE43-5ABCA1C0F71A-26-11-2025 022548.json
2025-12-16 11:12:30,112 - INFO - Procesado exitosamente: DTE-07-M001P010-000000000010871-359910A9-A847-4F1C-88D2-A6CF961A9E52-28-11-2025 024944.json
2025-12-16 11:12:30,112 - INFO - Procesado exitosamente: DTE-07-S003P001-000000000000106_7DA3A730-70AB-4897-BB57-D55831A9A9FC.json
2025-12-16 11:12:30,112 - INFO - Procesado exitosamente: EC2A892C-5336-49BE-832F-4D2656FA682E.json
2025-12-16 11:12:30,112 - INFO - Procesado exitosamente: EFA27456-B005-4F04-A1FD-EB72617BC038.json
2025-12-16 11:12:30,112 - INFO - Procesado exitosamente: F9EA6881-4E9A-40B9-B307-3C6213F4D3F8.json
2025-12-16 11:12:30,112 - WARNING - Encoding utf-8 el archivo factura-DTE-07-M001P001-000000000008439.json entró por latin-1
2025-12-16 11:12:30,112 - INFO - Procesado exitosamente: factura-DTE-07-M001P001-000000000008439.json
2025-12-16 11:12:30,112 - INFO - Procesado exitosamente: FC71A4F2-606A-4C12-968B-1C3F3F13E0E1.json
2025-12-16 11:12:30,112 - INFO - Procesado exitosamente: FDFD466B-597B-4483-B341-C24123BC9ED9.json
2025-12-16 11:12:30,112 - INFO - Procesado exitosamente: Retención No.4999.json
2025-12-16 11:12:55,090 - INFO - Procesado exitosamente: 0178483A-CC0C-406B-8D75-56A23E141CDF.json
2025-12-16 11:12:55,090 - INFO - Procesado exitosamente: 08C47A1E-489B-4747-96BF-BDBA13D427F9.json
2025-12-16 11:12:55,091 - INFO - Procesado exitosamente: 09C6487E-B719-434C-BBFE-CC60313942DB.json
2025-12-16 11:12:55,091 - INFO - Procesado exitosamente: 115BBDE7-2265-4FDD-8DA9-4D7FBCB8E58F.json
2025-12-16 11:12:55,092 - INFO - Procesado exitosamente: 13B5D334-13CE-48AD-AE24-7D8497D38E32.json
2025-12-16 11:12:55,092 - INFO - Procesado exitosamente: 15F0FD55-2D8D-45AC-A065-C21F98126780.json
2025-12-16 11:12:55,092 - INFO - Procesado exitosamente: 1BF1D241-813E-4BBC-9FE0-2B56E2176DC3.json
2025-12-16 11:12:55,093 - INFO - Procesado exitosamente: 1C06FFA3-07CE-4F9A-94AF-6611F75A4EA7.json
2025-12-16 11:12:55,094 - INFO - Procesado exitosamente: 1F001ABE-6976-4E68-8816-5007EF3F1651.json
2025-12-16 11:12:55,094 - INFO - Procesado exitosamente: 1P001-00000000000647006141511770020.json
2025-12-16 11:12:55,094 - INFO - Procesado exitosamente: 1P001-00000000000647106141511770020.json
2025-12-16 11:12:55,095 - INFO - Procesado exitosamente: 1P001-00000000000647306141511770020.json
2025-12-16 11:12:55,095 - INFO - Procesado exitosamente: 1P001-00000000000651006141511770020.json
2025-12-16 11:12:55,095 - INFO - Procesado exitosamente: 1P001-00000000000651306141511770020.json
2025-12-16 11:12:55,096 - INFO - Procesado exitosamente: 1P001-00000000000724406141511770020.json
2025-12-16 11:12:55,096 - INFO - Procesado exitosamente: 264724A6-8A93-4752-97A5-1AAC6AE3719B.json
2025-12-16 11:12:55,096 - INFO - Procesado exitosamente: 269A17A2-4029-4487-B494-F488358DDF5E.json
2025-12-16 11:12:55,097 - INFO - Procesado exitosamente: 27E379B7-1B83-4C64-ADC0-5C83806A597A.json
2025-12-16 11:12:55,097 - INFO - Procesado exitosamente: 283B5113-C01B-46D1-A890-CD00F9A8E2F8.json
2025-12-16 11:12:55,098 - INFO - Procesado exitosamente: 2A7845F5-10D0-4D23-9137-CDE526530AFE.json
2025-12-16 11:12:55,098 - INFO - Procesado exitosamente: 397F2380-4487-4AD8-879A-8B21608BC008.json
2025-12-16 11:12:55,098 - INFO - Procesado exitosamente: 3F66EE72-42CE-429A-ADD7-479231E99B71.json
2025-12-16 11:12:55,099 - INFO - Procesado exitosamente: 43043AD5-35CE-4FCF-E064-00144FF8838D.json
2025-12-16 11:12:55,099 - INFO - Procesado exitosamente: 43535047-9E86-17F6-E064-00144FF8838D.json
2025-12-16 11:12:55,099 - INFO - Procesado exitosamente: 4F3DC115-3B92-4484-830F-BC316CED7AE6.json
2025-12-16 11:12:55,100 - INFO - Procesado exitosamente: 50500DA2-6BC8-4588-8F2A-36BF6F3D83A7.json
2025-12-16 11:12:55,101 - INFO - Procesado exitosamente: 5261228E-5188-4F4C-8D03-B83CB26DFF85.json
2025-12-16 11:12:55,102 - WARNING - Encoding utf-8 el archivo 61EDE671-97A2-412A-8392-8F6B44C904F2.json entró por latin-1
2025-12-16 11:12:55,104 - INFO - Procesado exitosamente: 61EDE671-97A2-412A-8392-8F6B44C904F2.json
2025-12-16 11:12:55,104 - INFO - Procesado exitosamente: 63995E65-FA18-1FD0-AEB2-808000245862.json
2025-12-16 11:12:55,105 - INFO - Procesado exitosamente: 63995E65-FA18-1FD0-AEB2-828000245863.json
2025-12-16 11:12:55,105 - INFO - Procesado exitosamente: 63995E65-FA18-1FD0-B09C-A98000246506.json
2025-12-16 11:12:55,106 - INFO - Procesado exitosamente: 63995E65-FA18-1FD0-B09C-AE8000246507.json
2025-12-16 11:12:55,106 - INFO - Procesado exitosamente: 63995E65-FA18-1FD0-B09C-B28000246508.json
2025-12-16 11:12:55,106 - INFO - Procesado exitosamente: 63995E65-FA18-1FD0-B1B0-E68000246623.json
2025-12-16 11:12:55,106 - INFO - Procesado exitosamente: 63995E65-FA18-1FD0-B1B1-C68000246695.json
2025-12-16 11:12:55,106 - INFO - Procesado exitosamente: 63995E65-FA18-1FD0-B393-538000247174.json
2025-12-16 11:12:55,108 - INFO - Procesado exitosamente: 63995E65-FA18-1FD0-B393-568000247175.json
2025-12-16 11:12:55,108 - INFO - Procesado exitosamente: 63995E65-FA18-1FD0-B395-6B8000247295.json
2025-12-16 11:12:55,108 - INFO - Procesado exitosamente: 63995E65-FA18-1FD0-B395-6E8000247296.json
2025-12-16 11:12:55,108 - INFO - Procesado exitosamente: 63995E65-FA18-1FD0-B395-708000247297.json
2025-12-16 11:12:55,109 - INFO - Procesado exitosamente: 63995E65-FA18-1FD0-B395-738000247298.json
2025-12-16 11:12:55,109 - INFO - Procesado exitosamente: 63995E65-FA18-1FD0-B395-758000247299.json
2025-12-16 11:12:55,110 - WARNING - Encoding utf-8 el archivo 6B473887-EE07-45F0-B6D3-12DF19C9B934.json entró por latin-1
2025-12-16 11:12:55,110 - INFO - Procesado exitosamente: 6B473887-EE07-45F0-B6D3-12DF19C9B934.json
2025-12-16 11:12:55,110 - INFO - Procesado exitosamente: 6F3EC5DD-FE11-4A56-ABF8-5052DDFAADDD.json
2025-12-16 11:12:55,111 - WARNING - Encoding utf-8 el archivo 70F448C6-F7DF-415F-A3FE-C737208057E8.json entró por latin-1
2025-12-16 11:12:55,111 - INFO - Procesado exitosamente: 70F448C6-F7DF-415F-A3FE-C737208057E8.json
2025-12-16 11:12:55,111 - WARNING - Encoding utf-8 el archivo 7146F7AD-C19D-4A89-90C4-BEFC70AE03CA.json entró por latin-1
2025-12-16 11:12:55,111 - INFO - Procesado exitosamente: 7146F7AD-C19D-4A89-90C4-BEFC70AE03CA.json
2025-12-16 11:12:55,112 - INFO - Procesado exitosamente: 71954747-81F4-4FBE-BF8F-4B8B171FECF1.json
2025-12-16 11:12:55,112 - INFO - Procesado exitosamente: 79157784-11AD-4903-B5F6-EB9A39E20377.json
2025-12-16 11:12:55,112 - INFO - Procesado exitosamente: 7D41829A-DE48-4C50-9030-B192AF151C77.json
2025-12-16 11:12:55,113 - INFO - Procesado exitosamente: 80A7EEC7-577E-4D91-8401-2689379D89C4.json
2025-12-16 11:12:55,113 - INFO - Procesado exitosamente: 83CF9CF3-7D3A-4352-B3BA-72BCA15BF460.json
2025-12-16 11:12:55,113 - INFO - Procesado exitosamente: 86B872B3-7509-4495-9187-4279F27A1B2D.json
2025-12-16 11:12:55,114 - INFO - Procesado exitosamente: 86EFF862-3248-4FC5-B92D-16C67247A852.json
2025-12-16 11:12:55,114 - INFO - Procesado exitosamente: 888A968D-CE20-41EE-87F2-D6F70A9FB151.json
2025-12-16 11:12:55,114 - WARNING - Encoding utf-8 el archivo 889B95B5-3382-4C46-8E3F-801AA358EA71.json entró por latin-1
2025-12-16 11:12:55,115 - INFO - Procesado exitosamente: 889B95B5-3382-4C46-8E3F-801AA358EA71.json
2025-12-16 11:12:55,115 - INFO - Procesado exitosamente: 8D4912C3-3972-1FE0-B3B2-C2ACA286BCB7.json
2025-12-16 11:12:55,115 - INFO - Procesado exitosamente: 8D963F4A-24DB-43CB-A4FC-B8B129B6152F.json
2025-12-16 11:12:55,116 - INFO - Procesado exitosamente: 9C610C5D-92C9-4FE2-8C7F-578AC90854A9.json
2025-12-16 11:12:55,118 - INFO - Procesado exitosamente: A3D11227-70B9-4D40-81E5-8901ABF6A766.json
2025-12-16 11:12:55,119 - INFO - Procesado exitosamente: A46D4E64-4485-41B4-8248-152D2E98DD72.json
2025-12-16 11:12:55,120 - WARNING - Encoding utf-8 el archivo A91B7DF7-81AE-4934-9194-8B9FEC3046C5.json entró por latin-1
2025-12-16 11:12:55,120 - INFO - Procesado exitosamente: A91B7DF7-81AE-4934-9194-8B9FEC3046C5.json
2025-12-16 11:12:55,120 - INFO - Procesado exitosamente: ABF1227C-1FCA-43A4-817B-DB4D94FEAF04.json
2025-12-16 11:12:55,120 - INFO - Procesado exitosamente: AF03CD2B-9D09-4F97-80E8-7AB66E843F99.json
2025-12-16 11:12:55,121 - WARNING - Encoding utf-8 el archivo B048B404-7A75-4503-B491-A6EDFF789AD4.json entró por latin-1
2025-12-16 11:12:55,121 - INFO - Procesado exitosamente: B048B404-7A75-4503-B491-A6EDFF789AD4.json
2025-12-16 11:12:55,121 - INFO - Procesado exitosamente: B52270FA-58B8-472D-AE09-355D447A5CF2.json
2025-12-16 11:12:55,122 - INFO - Procesado exitosamente: B73C67D4-F513-4199-8329-4B1062067E81.json
2025-12-16 11:12:55,122 - WARNING - Encoding utf-8 el archivo BF2BA5D5-9582-42EC-99C8-42DB67284886.json entró por latin-1
2025-12-16 11:12:55,123 - INFO - Procesado exitosamente: BF2BA5D5-9582-42EC-99C8-42DB67284886.json
2025-12-16 11:12:55,123 - WARNING - Encoding utf-8 el archivo BFCC3EFC-4BDD-4A5E-AD2E-F50AD0D44631.json entró por latin-1
2025-12-16 11:12:55,123 - INFO - Procesado exitosamente: BFCC3EFC-4BDD-4A5E-AD2E-F50AD0D44631.json
2025-12-16 11:12:55,124 - INFO - Procesado exitosamente: C205B00E-A61F-476F-AEBE-81E97844A178.json
2025-12-16 11:12:55,124 - INFO - Procesado exitosamente: C5D598D6-0748-4E1A-B57E-4B35189EBBF4.json
2025-12-16 11:12:55,125 - INFO - Procesado exitosamente: C6E2AB93-65FA-4E40-AC6E-59AE8CC63431.json
2025-12-16 11:12:55,126 - INFO - Procesado exitosamente: CA105E91-D16E-40A5-BF95-76BF0E5A8C84.json
2025-12-16 11:12:55,126 - INFO - Procesado exitosamente: COMPRETENCION_1_JSON (2).json
2025-12-16 11:12:55,127 - WARNING - Encoding utf-8 el archivo COMPRETENCION_1_JSON (3).json entró por latin-1
2025-12-16 11:12:55,127 - INFO - Procesado exitosamente: COMPRETENCION_1_JSON (3).json
2025-12-16 11:12:55,127 - WARNING - Encoding utf-8 el archivo COMPRETENCION_1_JSON.json entró por latin-1
2025-12-16 11:12:55,127 - INFO - Procesado exitosamente: COMPRETENCION_1_JSON.json
2025-12-16 11:12:55,128 - WARNING - Encoding utf-8 el archivo COMPRETENCION_1_JSON_1.json entró por latin-1
2025-12-16 11:12:55,128 - INFO - Procesado exitosamente: COMPRETENCION_1_JSON_1.json
2025-12-16 11:12:55,128 - INFO - Procesado exitosamente: Comprobante_Electronico-2B22166E-FC8D-49C7-A20E-D0814F17C2EC.json
2025-12-16 11:12:55,129 - INFO - Procesado exitosamente: Comprobante_Electronico-F554889F-6589-4F74-9F50-B1A91EC6254C.json
2025-12-16 11:12:55,129 - INFO - Procesado exitosamente: D39DC43D-2750-460B-8EFF-ECAAB9CA66DC.json
2025-12-16 11:12:55,129 - WARNING - Encoding utf-8 el archivo D470AB26-351E-49E0-B4AE-FEB0B7EB231D.json entró por latin-1
2025-12-16 11:12:55,130 - INFO - Procesado exitosamente: D470AB26-351E-49E0-B4AE-FEB0B7EB231D.json
2025-12-16 11:12:55,130 - INFO - Procesado exitosamente: D6B39A84-23B5-407E-B820-B292D1D152A0.json
2025-12-16 11:12:55,131 - INFO - Procesado exitosamente: D9D08459-A210-4E50-B4D4-A15AF613CBD5.json
2025-12-16 11:12:55,131 - INFO - Procesado exitosamente: DA4D4B01-C7FA-4878-8DA7-A89B72DC29C6.json
2025-12-16 11:12:55,131 - INFO - Procesado exitosamente: DC7C7B8F-1405-49F7-AA31-A4AAFBC87EBE.json
2025-12-16 11:12:55,132 - INFO - Procesado exitosamente: DTE-07-M001P001-000000000000802_834D8746-25B5-4732-8190-7224DF226810.json
2025-12-16 11:12:55,132 - INFO - Procesado exitosamente: DTE-07-M001P001-000000000004701_3B4594F6-0426-4B60-993E-7ED951C0BAD1.json
2025-12-16 11:12:55,133 - INFO - Procesado exitosamente: DTE-07-M001P001-000000000004702_CC0997A7-3FBC-4900-BC44-C1F7377E1BDB.json
2025-12-16 11:12:55,133 - INFO - Procesado exitosamente: DTE-07-M001P001-000000000004703_0E4E23E4-6253-4761-B28F-90115F9D40D9.json
2025-12-16 11:12:55,133 - INFO - Procesado exitosamente: DTE-07-M001P001-000000000004704_53993390-CCA0-4527-9AF8-F3016F93CFB7.json
2025-12-16 11:12:55,134 - INFO - Procesado exitosamente: DTE-07-M001P001-000000000004735_FD8A1F21-5EB1-4BDC-A301-23872CFC7BDB.json
2025-12-16 11:12:55,135 - INFO - Procesado exitosamente: DTE-07-M001P001-000000000005630_6BB96BEE-BF95-4829-B75A-001B5623B6B3.json
2025-12-16 11:12:55,136 - ERROR - El archivo DTE-07-M001P001-202500000001680.json no es un JSON válido o está vacío.
2025-12-16 11:12:55,137 - INFO - Procesado exitosamente: DTE-07-M001P010-000000000010170-2F1B8414-99C9-4277-B970-CB1C8B14B12C-10-11-2025 025523.json
2025-12-16 11:12:55,137 - INFO - Procesado exitosamente: DTE-07-M001P010-000000000010461-9D020BB0-D298-4819-83AC-BEE2E40939CB-18-11-2025 021735.json
2025-12-16 11:12:55,137 - INFO - Procesado exitosamente: DTE-07-M001P010-000000000010550-AEFC8F20-D47A-4EE3-AF07-A6AC06B88CF8-20-11-2025 024901.json
2025-12-16 11:12:55,138 - INFO - Procesado exitosamente: DTE-07-M001P010-000000000010707-27B0CB09-4F1C-4604-8E57-795B04E582B6-25-11-2025 101502.json
2025-12-16 11:12:55,138 - INFO - Procesado exitosamente: DTE-07-M001P010-000000000010770-29029575-E3E0-4DD9-BE43-5ABCA1C0F71A-26-11-2025 022548.json
2025-12-16 11:12:55,138 - INFO - Procesado exitosamente: DTE-07-M001P010-000000000010871-359910A9-A847-4F1C-88D2-A6CF961A9E52-28-11-2025 024944.json
2025-12-16 11:12:55,139 - INFO - Procesado exitosamente: DTE-07-S003P001-000000000000106_7DA3A730-70AB-4897-BB57-D55831A9A9FC.json
2025-12-16 11:12:55,139 - INFO - Procesado exitosamente: EC2A892C-5336-49BE-832F-4D2656FA682E.json
2025-12-16 11:12:55,140 - INFO - Procesado exitosamente: EFA27456-B005-4F04-A1FD-EB72617BC038.json
2025-12-16 11:12:55,140 - INFO - Procesado exitosamente: F9EA6881-4E9A-40B9-B307-3C6213F4D3F8.json
2025-12-16 11:12:55,140 - WARNING - Encoding utf-8 el archivo factura-DTE-07-M001P001-000000000008439.json entró por latin-1
2025-12-16 11:12:55,141 - INFO - Procesado exitosamente: factura-DTE-07-M001P001-000000000008439.json
2025-12-16 11:12:55,141 - INFO - Procesado exitosamente: FC71A4F2-606A-4C12-968B-1C3F3F13E0E1.json
2025-12-16 11:12:55,142 - INFO - Procesado exitosamente: FDFD466B-597B-4483-B341-C24123BC9ED9.json
2025-12-16 11:12:55,142 - INFO - Procesado exitosamente: Retención No.4999.json
2025-12-16 11:21:29,483 - INFO - Procesado exitosamente: 0178483A-CC0C-406B-8D75-56A23E141CDF.json
2025-12-16 11:21:29,483 - INFO - Procesado exitosamente: 08C47A1E-489B-4747-96BF-BDBA13D427F9.json
2025-12-16 11:21:29,483 - INFO - Procesado exitosamente: 09C6487E-B719-434C-BBFE-CC60313942DB.json
2025-12-16 11:21:29,483 - INFO - Procesado exitosamente: 115BBDE7-2265-4FDD-8DA9-4D7FBCB8E58F.json
2025-12-16 11:21:29,483 - INFO - Procesado exitosamente: 13B5D334-13CE-48AD-AE24-7D8497D38E32.json
2025-12-16 11:21:29,483 - INFO - Procesado exitosamente: 15F0FD55-2D8D-45AC-A065-C21F98126780.json
2025-12-16 11:21:29,495 - INFO - Procesado exitosamente: 1BF1D241-813E-4BBC-9FE0-2B56E2176DC3.json
2025-12-16 11:21:29,496 - INFO - Procesado exitosamente: 1C06FFA3-07CE-4F9A-94AF-6611F75A4EA7.json
2025-12-16 11:21:29,497 - INFO - Procesado exitosamente: 1F001ABE-6976-4E68-8816-5007EF3F1651.json
2025-12-16 11:21:29,498 - INFO - Procesado exitosamente: 1P001-00000000000647006141511770020.json
2025-12-16 11:21:29,499 - INFO - Procesado exitosamente: 1P001-00000000000647106141511770020.json
2025-12-16 11:21:29,499 - INFO - Procesado exitosamente: 1P001-00000000000647306141511770020.json
2025-12-16 11:21:29,499 - INFO - Procesado exitosamente: 1P001-00000000000651006141511770020.json
2025-12-16 11:21:29,499 - INFO - Procesado exitosamente: 1P001-00000000000651306141511770020.json
2025-12-16 11:21:29,499 - INFO - Procesado exitosamente: 1P001-00000000000724406141511770020.json
2025-12-16 11:21:29,499 - INFO - Procesado exitosamente: 264724A6-8A93-4752-97A5-1AAC6AE3719B.json
2025-12-16 11:21:29,499 - INFO - Procesado exitosamente: 269A17A2-4029-4487-B494-F488358DDF5E.json
2025-12-16 11:21:29,499 - INFO - Procesado exitosamente: 27E379B7-1B83-4C64-ADC0-5C83806A597A.json
2025-12-16 11:21:29,499 - INFO - Procesado exitosamente: 283B5113-C01B-46D1-A890-CD00F9A8E2F8.json
2025-12-16 11:21:29,499 - INFO - Procesado exitosamente: 2A7845F5-10D0-4D23-9137-CDE526530AFE.json
2025-12-16 11:21:29,499 - INFO - Procesado exitosamente: 397F2380-4487-4AD8-879A-8B21608BC008.json
2025-12-16 11:21:29,499 - INFO - Procesado exitosamente: 3F66EE72-42CE-429A-ADD7-479231E99B71.json
2025-12-16 11:21:29,499 - INFO - Procesado exitosamente: 43043AD5-35CE-4FCF-E064-00144FF8838D.json
2025-12-16 11:21:29,505 - INFO - Procesado exitosamente: 43535047-9E86-17F6-E064-00144FF8838D.json
2025-12-16 11:21:29,505 - INFO - Procesado exitosamente: 4F3DC115-3B92-4484-830F-BC316CED7AE6.json
2025-12-16 11:21:29,505 - INFO - Procesado exitosamente: 50500DA2-6BC8-4588-8F2A-36BF6F3D83A7.json
2025-12-16 11:21:29,505 - INFO - Procesado exitosamente: 5261228E-5188-4F4C-8D03-B83CB26DFF85.json
2025-12-16 11:21:29,505 - WARNING - Encoding utf-8 el archivo 61EDE671-97A2-412A-8392-8F6B44C904F2.json entró por latin-1
2025-12-16 11:21:29,505 - INFO - Procesado exitosamente: 61EDE671-97A2-412A-8392-8F6B44C904F2.json
2025-12-16 11:21:29,505 - INFO - Procesado exitosamente: 63995E65-FA18-1FD0-AEB2-808000245862.json
2025-12-16 11:21:29,505 - INFO - Procesado exitosamente: 63995E65-FA18-1FD0-AEB2-828000245863.json
2025-12-16 11:21:29,509 - INFO - Procesado exitosamente: 63995E65-FA18-1FD0-B09C-A98000246506.json
2025-12-16 11:21:29,510 - INFO - Procesado exitosamente: 63995E65-FA18-1FD0-B09C-AE8000246507.json
2025-12-16 11:21:29,510 - INFO - Procesado exitosamente: 63995E65-FA18-1FD0-B09C-B28000246508.json
2025-12-16 11:21:29,511 - INFO - Procesado exitosamente: 63995E65-FA18-1FD0-B1B0-E68000246623.json
2025-12-16 11:21:29,511 - INFO - Procesado exitosamente: 63995E65-FA18-1FD0-B1B1-C68000246695.json
2025-12-16 11:21:29,511 - INFO - Procesado exitosamente: 63995E65-FA18-1FD0-B393-538000247174.json
2025-12-16 11:21:29,513 - INFO - Procesado exitosamente: 63995E65-FA18-1FD0-B393-568000247175.json
2025-12-16 11:21:29,513 - INFO - Procesado exitosamente: 63995E65-FA18-1FD0-B395-6B8000247295.json
2025-12-16 11:21:29,514 - INFO - Procesado exitosamente: 63995E65-FA18-1FD0-B395-6E8000247296.json
2025-12-16 11:21:29,514 - INFO - Procesado exitosamente: 63995E65-FA18-1FD0-B395-708000247297.json
2025-12-16 11:21:29,515 - INFO - Procesado exitosamente: 63995E65-FA18-1FD0-B395-738000247298.json
2025-12-16 11:21:29,516 - INFO - Procesado exitosamente: 63995E65-FA18-1FD0-B395-758000247299.json
2025-12-16 11:21:29,517 - WARNING - Encoding utf-8 el archivo 6B473887-EE07-45F0-B6D3-12DF19C9B934.json entró por latin-1
2025-12-16 11:21:29,518 - INFO - Procesado exitosamente: 6B473887-EE07-45F0-B6D3-12DF19C9B934.json
2025-12-16 11:21:29,519 - INFO - Procesado exitosamente: 6F3EC5DD-FE11-4A56-ABF8-5052DDFAADDD.json
2025-12-16 11:21:29,519 - WARNING - Encoding utf-8 el archivo 70F448C6-F7DF-415F-A3FE-C737208057E8.json entró por latin-1
2025-12-16 11:21:29,520 - INFO - Procesado exitosamente: 70F448C6-F7DF-415F-A3FE-C737208057E8.json
2025-12-16 11:21:29,520 - WARNING - Encoding utf-8 el archivo 7146F7AD-C19D-4A89-90C4-BEFC70AE03CA.json entró por latin-1
2025-12-16 11:21:29,520 - INFO - Procesado exitosamente: 7146F7AD-C19D-4A89-90C4-BEFC70AE03CA.json
2025-12-16 11:21:29,520 - INFO - Procesado exitosamente: 71954747-81F4-4FBE-BF8F-4B8B171FECF1.json
2025-12-16 11:21:29,520 - INFO - Procesado exitosamente: 79157784-11AD-4903-B5F6-EB9A39E20377.json
2025-12-16 11:21:29,520 - INFO - Procesado exitosamente: 7D41829A-DE48-4C50-9030-B192AF151C77.json
2025-12-16 11:21:29,520 - INFO - Procesado exitosamente: 80A7EEC7-577E-4D91-8401-2689379D89C4.json
2025-12-16 11:21:29,520 - INFO - Procesado exitosamente: 83CF9CF3-7D3A-4352-B3BA-72BCA15BF460.json
2025-12-16 11:21:29,520 - INFO - Procesado exitosamente: 86B872B3-7509-4495-9187-4279F27A1B2D.json
2025-12-16 11:21:29,520 - INFO - Procesado exitosamente: 86EFF862-3248-4FC5-B92D-16C67247A852.json
2025-12-16 11:21:29,520 - INFO - Procesado exitosamente: 888A968D-CE20-41EE-87F2-D6F70A9FB151.json
2025-12-16 11:21:29,520 - WARNING - Encoding utf-8 el archivo 889B95B5-3382-4C46-8E3F-801AA358EA71.json entró por latin-1
2025-12-16 11:21:29,520 - INFO - Procesado exitosamente: 889B95B5-3382-4C46-8E3F-801AA358EA71.json
2025-12-16 11:21:29,520 - INFO - Procesado exitosamente: 8D4912C3-3972-1FE0-B3B2-C2ACA286BCB7.json
2025-12-16 11:21:29,520 - INFO - Procesado exitosamente: 8D963F4A-24DB-43CB-A4FC-B8B129B6152F.json
2025-12-16 11:21:29,527 - INFO - Procesado exitosamente: 9C610C5D-92C9-4FE2-8C7F-578AC90854A9.json
2025-12-16 11:21:29,527 - INFO - Procesado exitosamente: A3D11227-70B9-4D40-81E5-8901ABF6A766.json
2025-12-16 11:21:29,531 - INFO - Procesado exitosamente: A46D4E64-4485-41B4-8248-152D2E98DD72.json
2025-12-16 11:21:29,533 - WARNING - Encoding utf-8 el archivo A91B7DF7-81AE-4934-9194-8B9FEC3046C5.json entró por latin-1
2025-12-16 11:21:29,533 - INFO - Procesado exitosamente: A91B7DF7-81AE-4934-9194-8B9FEC3046C5.json
2025-12-16 11:21:29,533 - INFO - Procesado exitosamente: ABF1227C-1FCA-43A4-817B-DB4D94FEAF04.json
2025-12-16 11:21:29,533 - INFO - Procesado exitosamente: AF03CD2B-9D09-4F97-80E8-7AB66E843F99.json
2025-12-16 11:21:29,533 - WARNING - Encoding utf-8 el archivo B048B404-7A75-4503-B491-A6EDFF789AD4.json entró por latin-1
2025-12-16 11:21:29,533 - INFO - Procesado exitosamente: B048B404-7A75-4503-B491-A6EDFF789AD4.json
2025-12-16 11:21:29,533 - INFO - Procesado exitosamente: B52270FA-58B8-472D-AE09-355D447A5CF2.json
2025-12-16 11:21:29,537 - INFO - Procesado exitosamente: B73C67D4-F513-4199-8329-4B1062067E81.json
2025-12-16 11:21:29,537 - WARNING - Encoding utf-8 el archivo BF2BA5D5-9582-42EC-99C8-42DB67284886.json entró por latin-1
2025-12-16 11:21:29,537 - INFO - Procesado exitosamente: BF2BA5D5-9582-42EC-99C8-42DB67284886.json
2025-12-16 11:21:29,537 - WARNING - Encoding utf-8 el archivo BFCC3EFC-4BDD-4A5E-AD2E-F50AD0D44631.json entró por latin-1
2025-12-16 11:21:29,537 - INFO - Procesado exitosamente: BFCC3EFC-4BDD-4A5E-AD2E-F50AD0D44631.json
2025-12-16 11:21:29,539 - INFO - Procesado exitosamente: C205B00E-A61F-476F-AEBE-81E97844A178.json
2025-12-16 11:21:29,539 - INFO - Procesado exitosamente: C5D598D6-0748-4E1A-B57E-4B35189EBBF4.json
2025-12-16 11:21:29,539 - INFO - Procesado exitosamente: C6E2AB93-65FA-4E40-AC6E-59AE8CC63431.json
2025-12-16 11:21:29,539 - INFO - Procesado exitosamente: CA105E91-D16E-40A5-BF95-76BF0E5A8C84.json
2025-12-16 11:21:29,539 - INFO - Procesado exitosamente: COMPRETENCION_1_JSON (2).json
2025-12-16 11:21:29,541 - WARNING - Encoding utf-8 el archivo COMPRETENCION_1_JSON (3).json entró por latin-1
2025-12-16 11:21:29,541 - INFO - Procesado exitosamente: COMPRETENCION_1_JSON (3).json
2025-12-16 11:21:29,541 - WARNING - Encoding utf-8 el archivo COMPRETENCION_1_JSON.json entró por latin-1
2025-12-16 11:21:29,541 - INFO - Procesado exitosamente: COMPRETENCION_1_JSON.json
2025-12-16 11:21:29,541 - WARNING - Encoding utf-8 el archivo COMPRETENCION_1_JSON_1.json entró por latin-1
2025-12-16 11:21:29,543 - INFO - Procesado exitosamente: COMPRETENCION_1_JSON_1.json
2025-12-16 11:21:29,543 - INFO - Procesado exitosamente: Comprobante_Electronico-2B22166E-FC8D-49C7-A20E-D0814F17C2EC.json
2025-12-16 11:21:29,545 - INFO - Procesado exitosamente: Comprobante_Electronico-F554889F-6589-4F74-9F50-B1A91EC6254C.json
2025-12-16 11:21:29,546 - INFO - Procesado exitosamente: D39DC43D-2750-460B-8EFF-ECAAB9CA66DC.json
2025-12-16 11:21:29,547 - WARNING - Encoding utf-8 el archivo D470AB26-351E-49E0-B4AE-FEB0B7EB231D.json entró por latin-1
2025-12-16 11:21:29,547 - INFO - Procesado exitosamente: D470AB26-351E-49E0-B4AE-FEB0B7EB231D.json
2025-12-16 11:21:29,547 - INFO - Procesado exitosamente: D6B39A84-23B5-407E-B820-B292D1D152A0.json
2025-12-16 11:21:29,547 - INFO - Procesado exitosamente: D9D08459-A210-4E50-B4D4-A15AF613CBD5.json
2025-12-16 11:21:29,547 - INFO - Procesado exitosamente: DA4D4B01-C7FA-4878-8DA7-A89B72DC29C6.json
2025-12-16 11:21:29,547 - INFO - Procesado exitosamente: DC7C7B8F-1405-49F7-AA31-A4AAFBC87EBE.json
2025-12-16 11:21:29,547 - INFO - Procesado exitosamente: DTE-07-M001P001-000000000000802_834D8746-25B5-4732-8190-7224DF226810.json
2025-12-16 11:21:29,547 - INFO - Procesado exitosamente: DTE-07-M001P001-000000000004701_3B4594F6-0426-4B60-993E-7ED951C0BAD1.json
2025-12-16 11:21:29,547 - INFO - Procesado exitosamente: DTE-07-M001P001-000000000004702_CC0997A7-3FBC-4900-BC44-C1F7377E1BDB.json
2025-12-16 11:21:29,547 - INFO - Procesado exitosamente: DTE-07-M001P001-000000000004703_0E4E23E4-6253-4761-B28F-90115F9D40D9.json
2025-12-16 11:21:29,547 - INFO - Procesado exitosamente: DTE-07-M001P001-000000000004704_53993390-CCA0-4527-9AF8-F3016F93CFB7.json
2025-12-16 11:21:29,547 - INFO - Procesado exitosamente: DTE-07-M001P001-000000000004735_FD8A1F21-5EB1-4BDC-A301-23872CFC7BDB.json
2025-12-16 11:21:29,547 - INFO - Procesado exitosamente: DTE-07-M001P001-000000000005630_6BB96BEE-BF95-4829-B75A-001B5623B6B3.json
2025-12-16 11:21:29,547 - ERROR - El archivo DTE-07-M001P001-202500000001680.json no es un JSON válido o está vacío.
2025-12-16 11:21:29,547 - INFO - Procesado exitosamente: DTE-07-M001P010-000000000010170-2F1B8414-99C9-4277-B970-CB1C8B14B12C-10-11-2025 025523.json
2025-12-16 11:21:29,547 - INFO - Procesado exitosamente: DTE-07-M001P010-000000000010461-9D020BB0-D298-4819-83AC-BEE2E40939CB-18-11-2025 021735.json
2025-12-16 11:21:29,547 - INFO - Procesado exitosamente: DTE-07-M001P010-000000000010550-AEFC8F20-D47A-4EE3-AF07-A6AC06B88CF8-20-11-2025 024901.json
2025-12-16 11:21:29,547 - INFO - Procesado exitosamente: DTE-07-M001P010-000000000010707-27B0CB09-4F1C-4604-8E57-795B04E582B6-25-11-2025 101502.json
2025-12-16 11:21:29,547 - INFO - Procesado exitosamente: DTE-07-M001P010-000000000010770-29029575-E3E0-4DD9-BE43-5ABCA1C0F71A-26-11-2025 022548.json
2025-12-16 11:21:29,547 - INFO - Procesado exitosamente: DTE-07-M001P010-000000000010871-359910A9-A847-4F1C-88D2-A6CF961A9E52-28-11-2025 024944.json
2025-12-16 11:21:29,547 - INFO - Procesado exitosamente: DTE-07-S003P001-000000000000106_7DA3A730-70AB-4897-BB57-D55831A9A9FC.json
2025-12-16 11:21:29,547 - INFO - Procesado exitosamente: EC2A892C-5336-49BE-832F-4D2656FA682E.json
2025-12-16 11:21:29,547 - INFO - Procesado exitosamente: EFA27456-B005-4F04-A1FD-EB72617BC038.json
2025-12-16 11:21:29,547 - INFO - Procesado exitosamente: F9EA6881-4E9A-40B9-B307-3C6213F4D3F8.json
2025-12-16 11:21:29,547 - WARNING - Encoding utf-8 el archivo factura-DTE-07-M001P001-000000000008439.json entró por latin-1
2025-12-16 11:21:29,547 - INFO - Procesado exitosamente: factura-DTE-07-M001P001-000000000008439.json
2025-12-16 11:21:29,547 - INFO - Procesado exitosamente: FC71A4F2-606A-4C12-968B-1C3F3F13E0E1.json
2025-12-16 11:21:29,547 - INFO - Procesado exitosamente: FDFD466B-597B-4483-B341-C24123BC9ED9.json
2025-12-16 11:21:29,547 - INFO - Procesado exitosamente: Retención No.4999.json
2025-12-16 11:21:51,844 - INFO - Procesado exitosamente: 0178483A-CC0C-406B-8D75-56A23E141CDF.json
2025-12-16 11:21:51,847 - INFO - Procesado exitosamente: 08C47A1E-489B-4747-96BF-BDBA13D427F9.json
2025-12-16 11:21:51,848 - INFO - Procesado exitosamente: 09C6487E-B719-434C-BBFE-CC60313942DB.json
2025-12-16 11:21:51,850 - INFO - Procesado exitosamente: 115BBDE7-2265-4FDD-8DA9-4D7FBCB8E58F.json
2025-12-16 11:21:51,851 - INFO - Procesado exitosamente: 13B5D334-13CE-48AD-AE24-7D8497D38E32.json
2025-12-16 11:21:51,852 - INFO - Procesado exitosamente: 15F0FD55-2D8D-45AC-A065-C21F98126780.json
2025-12-16 11:21:51,856 - INFO - Procesado exitosamente: 1BF1D241-813E-4BBC-9FE0-2B56E2176DC3.json
2025-12-16 11:21:51,858 - INFO - Procesado exitosamente: 1C06FFA3-07CE-4F9A-94AF-6611F75A4EA7.json
2025-12-16 11:21:51,861 - INFO - Procesado exitosamente: 1F001ABE-6976-4E68-8816-5007EF3F1651.json
2025-12-16 11:21:51,861 - INFO - Procesado exitosamente: 1P001-00000000000647006141511770020.json
2025-12-16 11:21:51,863 - INFO - Procesado exitosamente: 1P001-00000000000647106141511770020.json
2025-12-16 11:21:51,863 - INFO - Procesado exitosamente: 1P001-00000000000647306141511770020.json
2025-12-16 11:21:51,864 - INFO - Procesado exitosamente: 1P001-00000000000651006141511770020.json
2025-12-16 11:21:51,865 - INFO - Procesado exitosamente: 1P001-00000000000651306141511770020.json
2025-12-16 11:21:51,865 - INFO - Procesado exitosamente: 1P001-00000000000724406141511770020.json
2025-12-16 11:21:51,865 - INFO - Procesado exitosamente: 264724A6-8A93-4752-97A5-1AAC6AE3719B.json
2025-12-16 11:21:51,867 - INFO - Procesado exitosamente: 269A17A2-4029-4487-B494-F488358DDF5E.json
2025-12-16 11:21:51,867 - INFO - Procesado exitosamente: 27E379B7-1B83-4C64-ADC0-5C83806A597A.json
2025-12-16 11:21:51,868 - INFO - Procesado exitosamente: 283B5113-C01B-46D1-A890-CD00F9A8E2F8.json
2025-12-16 11:21:51,868 - INFO - Procesado exitosamente: 2A7845F5-10D0-4D23-9137-CDE526530AFE.json
2025-12-16 11:21:51,874 - INFO - Procesado exitosamente: 397F2380-4487-4AD8-879A-8B21608BC008.json
2025-12-16 11:21:51,876 - INFO - Procesado exitosamente: 3F66EE72-42CE-429A-ADD7-479231E99B71.json
2025-12-16 11:21:51,877 - INFO - Procesado exitosamente: 43043AD5-35CE-4FCF-E064-00144FF8838D.json
2025-12-16 11:21:51,877 - INFO - Procesado exitosamente: 43535047-9E86-17F6-E064-00144FF8838D.json
2025-12-16 11:21:51,879 - INFO - Procesado exitosamente: 4F3DC115-3B92-4484-830F-BC316CED7AE6.json
2025-12-16 11:21:51,881 - INFO - Procesado exitosamente: 50500DA2-6BC8-4588-8F2A-36BF6F3D83A7.json
2025-12-16 11:21:51,887 - INFO - Procesado exitosamente: 5261228E-5188-4F4C-8D03-B83CB26DFF85.json
2025-12-16 11:21:51,889 - WARNING - Encoding utf-8 el archivo 61EDE671-97A2-412A-8392-8F6B44C904F2.json entró por latin-1
2025-12-16 11:21:51,893 - INFO - Procesado exitosamente: 61EDE671-97A2-412A-8392-8F6B44C904F2.json
2025-12-16 11:21:51,895 - INFO - Procesado exitosamente: 63995E65-FA18-1FD0-AEB2-808000245862.json
2025-12-16 11:21:51,895 - INFO - Procesado exitosamente: 63995E65-FA18-1FD0-AEB2-828000245863.json
2025-12-16 11:21:51,897 - INFO - Procesado exitosamente: 63995E65-FA18-1FD0-B09C-A98000246506.json
2025-12-16 11:21:51,898 - INFO - Procesado exitosamente: 63995E65-FA18-1FD0-B09C-AE8000246507.json
2025-12-16 11:21:51,899 - INFO - Procesado exitosamente: 63995E65-FA18-1FD0-B09C-B28000246508.json
2025-12-16 11:21:51,919 - INFO - Procesado exitosamente: 63995E65-FA18-1FD0-B1B0-E68000246623.json
2025-12-16 11:21:51,921 - INFO - Procesado exitosamente: 63995E65-FA18-1FD0-B1B1-C68000246695.json
2025-12-16 11:21:51,921 - INFO - Procesado exitosamente: 63995E65-FA18-1FD0-B393-538000247174.json
2025-12-16 11:21:51,921 - INFO - Procesado exitosamente: 63995E65-FA18-1FD0-B393-568000247175.json
2025-12-16 11:21:51,927 - INFO - Procesado exitosamente: 63995E65-FA18-1FD0-B395-6B8000247295.json
2025-12-16 11:21:51,930 - INFO - Procesado exitosamente: 63995E65-FA18-1FD0-B395-6E8000247296.json
2025-12-16 11:21:51,931 - INFO - Procesado exitosamente: 63995E65-FA18-1FD0-B395-708000247297.json
2025-12-16 11:21:51,932 - INFO - Procesado exitosamente: 63995E65-FA18-1FD0-B395-738000247298.json
2025-12-16 11:21:51,943 - INFO - Procesado exitosamente: 63995E65-FA18-1FD0-B395-758000247299.json
2025-12-16 11:21:51,945 - WARNING - Encoding utf-8 el archivo 6B473887-EE07-45F0-B6D3-12DF19C9B934.json entró por latin-1
2025-12-16 11:21:51,946 - INFO - Procesado exitosamente: 6B473887-EE07-45F0-B6D3-12DF19C9B934.json
2025-12-16 11:21:51,947 - INFO - Procesado exitosamente: 6F3EC5DD-FE11-4A56-ABF8-5052DDFAADDD.json
2025-12-16 11:21:51,947 - WARNING - Encoding utf-8 el archivo 70F448C6-F7DF-415F-A3FE-C737208057E8.json entró por latin-1
2025-12-16 11:21:51,948 - INFO - Procesado exitosamente: 70F448C6-F7DF-415F-A3FE-C737208057E8.json
2025-12-16 11:21:51,948 - WARNING - Encoding utf-8 el archivo 7146F7AD-C19D-4A89-90C4-BEFC70AE03CA.json entró por latin-1
2025-12-16 11:21:51,949 - INFO - Procesado exitosamente: 7146F7AD-C19D-4A89-90C4-BEFC70AE03CA.json
2025-12-16 11:21:51,949 - INFO - Procesado exitosamente: 71954747-81F4-4FBE-BF8F-4B8B171FECF1.json
2025-12-16 11:21:51,950 - INFO - Procesado exitosamente: 79157784-11AD-4903-B5F6-EB9A39E20377.json
2025-12-16 11:21:51,952 - INFO - Procesado exitosamente: 7D41829A-DE48-4C50-9030-B192AF151C77.json
2025-12-16 11:21:51,952 - INFO - Procesado exitosamente: 80A7EEC7-577E-4D91-8401-2689379D89C4.json
2025-12-16 11:21:51,953 - INFO - Procesado exitosamente: 83CF9CF3-7D3A-4352-B3BA-72BCA15BF460.json
2025-12-16 11:21:51,953 - INFO - Procesado exitosamente: 86B872B3-7509-4495-9187-4279F27A1B2D.json
2025-12-16 11:21:51,954 - INFO - Procesado exitosamente: 86EFF862-3248-4FC5-B92D-16C67247A852.json
2025-12-16 11:21:51,955 - INFO - Procesado exitosamente: 888A968D-CE20-41EE-87F2-D6F70A9FB151.json
2025-12-16 11:21:51,955 - WARNING - Encoding utf-8 el archivo 889B95B5-3382-4C46-8E3F-801AA358EA71.json entró por latin-1
2025-12-16 11:21:51,956 - INFO - Procesado exitosamente: 889B95B5-3382-4C46-8E3F-801AA358EA71.json
2025-12-16 11:21:51,957 - INFO - Procesado exitosamente: 8D4912C3-3972-1FE0-B3B2-C2ACA286BCB7.json
2025-12-16 11:21:51,958 - INFO - Procesado exitosamente: 8D963F4A-24DB-43CB-A4FC-B8B129B6152F.json
2025-12-16 11:21:51,960 - INFO - Procesado exitosamente: 9C610C5D-92C9-4FE2-8C7F-578AC90854A9.json
2025-12-16 11:21:51,962 - INFO - Procesado exitosamente: A3D11227-70B9-4D40-81E5-8901ABF6A766.json
2025-12-16 11:21:51,964 - INFO - Procesado exitosamente: A46D4E64-4485-41B4-8248-152D2E98DD72.json
2025-12-16 11:21:51,965 - WARNING - Encoding utf-8 el archivo A91B7DF7-81AE-4934-9194-8B9FEC3046C5.json entró por latin-1
2025-12-16 11:21:51,965 - INFO - Procesado exitosamente: A91B7DF7-81AE-4934-9194-8B9FEC3046C5.json
2025-12-16 11:21:51,966 - INFO - Procesado exitosamente: ABF1227C-1FCA-43A4-817B-DB4D94FEAF04.json
2025-12-16 11:21:51,967 - INFO - Procesado exitosamente: AF03CD2B-9D09-4F97-80E8-7AB66E843F99.json
2025-12-16 11:21:51,967 - WARNING - Encoding utf-8 el archivo B048B404-7A75-4503-B491-A6EDFF789AD4.json entró por latin-1
2025-12-16 11:21:51,968 - INFO - Procesado exitosamente: B048B404-7A75-4503-B491-A6EDFF789AD4.json
2025-12-16 11:21:51,968 - INFO - Procesado exitosamente: B52270FA-58B8-472D-AE09-355D447A5CF2.json
2025-12-16 11:21:51,969 - INFO - Procesado exitosamente: B73C67D4-F513-4199-8329-4B1062067E81.json
2025-12-16 11:21:51,970 - WARNING - Encoding utf-8 el archivo BF2BA5D5-9582-42EC-99C8-42DB67284886.json entró por latin-1
2025-12-16 11:21:51,970 - INFO - Procesado exitosamente: BF2BA5D5-9582-42EC-99C8-42DB67284886.json
2025-12-16 11:21:51,971 - WARNING - Encoding utf-8 el archivo BFCC3EFC-4BDD-4A5E-AD2E-F50AD0D44631.json entró por latin-1
2025-12-16 11:21:51,971 - INFO - Procesado exitosamente: BFCC3EFC-4BDD-4A5E-AD2E-F50AD0D44631.json
2025-12-16 11:21:51,972 - INFO - Procesado exitosamente: C205B00E-A61F-476F-AEBE-81E97844A178.json
2025-12-16 11:21:51,972 - INFO - Procesado exitosamente: C5D598D6-0748-4E1A-B57E-4B35189EBBF4.json
2025-12-16 11:21:51,973 - INFO - Procesado exitosamente: C6E2AB93-65FA-4E40-AC6E-59AE8CC63431.json
2025-12-16 11:21:51,974 - INFO - Procesado exitosamente: CA105E91-D16E-40A5-BF95-76BF0E5A8C84.json
2025-12-16 11:21:51,976 - INFO - Procesado exitosamente: COMPRETENCION_1_JSON (2).json
2025-12-16 11:21:51,978 - WARNING - Encoding utf-8 el archivo COMPRETENCION_1_JSON (3).json entró por latin-1
2025-12-16 11:21:51,978 - INFO - Procesado exitosamente: COMPRETENCION_1_JSON (3).json
2025-12-16 11:21:51,978 - WARNING - Encoding utf-8 el archivo COMPRETENCION_1_JSON.json entró por latin-1
2025-12-16 11:21:51,980 - INFO - Procesado exitosamente: COMPRETENCION_1_JSON.json
2025-12-16 11:21:51,980 - WARNING - Encoding utf-8 el archivo COMPRETENCION_1_JSON_1.json entró por latin-1
2025-12-16 11:21:51,980 - INFO - Procesado exitosamente: COMPRETENCION_1_JSON_1.json
2025-12-16 11:21:51,980 - INFO - Procesado exitosamente: Comprobante_Electronico-2B22166E-FC8D-49C7-A20E-D0814F17C2EC.json
2025-12-16 11:21:51,982 - INFO - Procesado exitosamente: Comprobante_Electronico-F554889F-6589-4F74-9F50-B1A91EC6254C.json
2025-12-16 11:21:51,982 - INFO - Procesado exitosamente: D39DC43D-2750-460B-8EFF-ECAAB9CA66DC.json
2025-12-16 11:21:51,982 - WARNING - Encoding utf-8 el archivo D470AB26-351E-49E0-B4AE-FEB0B7EB231D.json entró por latin-1
2025-12-16 11:21:51,984 - INFO - Procesado exitosamente: D470AB26-351E-49E0-B4AE-FEB0B7EB231D.json
2025-12-16 11:21:51,984 - INFO - Procesado exitosamente: D6B39A84-23B5-407E-B820-B292D1D152A0.json
2025-12-16 11:21:51,984 - INFO - Procesado exitosamente: D9D08459-A210-4E50-B4D4-A15AF613CBD5.json
2025-12-16 11:21:51,986 - INFO - Procesado exitosamente: DA4D4B01-C7FA-4878-8DA7-A89B72DC29C6.json
2025-12-16 11:21:51,986 - INFO - Procesado exitosamente: DC7C7B8F-1405-49F7-AA31-A4AAFBC87EBE.json
2025-12-16 11:21:51,986 - INFO - Procesado exitosamente: DTE-07-M001P001-000000000000802_834D8746-25B5-4732-8190-7224DF226810.json
2025-12-16 11:21:51,986 - INFO - Procesado exitosamente: DTE-07-M001P001-000000000004701_3B4594F6-0426-4B60-993E-7ED951C0BAD1.json
2025-12-16 11:21:51,988 - INFO - Procesado exitosamente: DTE-07-M001P001-000000000004702_CC0997A7-3FBC-4900-BC44-C1F7377E1BDB.json
2025-12-16 11:21:51,988 - INFO - Procesado exitosamente: DTE-07-M001P001-000000000004703_0E4E23E4-6253-4761-B28F-90115F9D40D9.json
2025-12-16 11:21:51,990 - INFO - Procesado exitosamente: DTE-07-M001P001-000000000004704_53993390-CCA0-4527-9AF8-F3016F93CFB7.json
2025-12-16 11:21:51,991 - INFO - Procesado exitosamente: DTE-07-M001P001-000000000004735_FD8A1F21-5EB1-4BDC-A301-23872CFC7BDB.json
2025-12-16 11:21:51,993 - INFO - Procesado exitosamente: DTE-07-M001P001-000000000005630_6BB96BEE-BF95-4829-B75A-001B5623B6B3.json
2025-12-16 11:21:51,993 - ERROR - El archivo DTE-07-M001P001-202500000001680.json no es un JSON válido o está vacío.
2025-12-16 11:21:51,995 - INFO - Procesado exitosamente: DTE-07-M001P010-000000000010170-2F1B8414-99C9-4277-B970-CB1C8B14B12C-10-11-2025 025523.json
2025-12-16 11:21:51,995 - INFO - Procesado exitosamente: DTE-07-M001P010-000000000010461-9D020BB0-D298-4819-83AC-BEE2E40939CB-18-11-2025 021735.json
2025-12-16 11:21:51,997 - INFO - Procesado exitosamente: DTE-07-M001P010-000000000010550-AEFC8F20-D47A-4EE3-AF07-A6AC06B88CF8-20-11-2025 024901.json
2025-12-16 11:21:51,997 - INFO - Procesado exitosamente: DTE-07-M001P010-000000000010707-27B0CB09-4F1C-4604-8E57-795B04E582B6-25-11-2025 101502.json
2025-12-16 11:21:51,997 - INFO - Procesado exitosamente: DTE-07-M001P010-000000000010770-29029575-E3E0-4DD9-BE43-5ABCA1C0F71A-26-11-2025 022548.json
2025-12-16 11:21:51,999 - INFO - Procesado exitosamente: DTE-07-M001P010-000000000010871-359910A9-A847-4F1C-88D2-A6CF961A9E52-28-11-2025 024944.json
2025-12-16 11:21:51,999 - INFO - Procesado exitosamente: DTE-07-S003P001-000000000000106_7DA3A730-70AB-4897-BB57-D55831A9A9FC.json
2025-12-16 11:21:52,001 - INFO - Procesado exitosamente: EC2A892C-5336-49BE-832F-4D2656FA682E.json
2025-12-16 11:21:52,001 - INFO - Procesado exitosamente: EFA27456-B005-4F04-A1FD-EB72617BC038.json
2025-12-16 11:21:52,001 - INFO - Procesado exitosamente: F9EA6881-4E9A-40B9-B307-3C6213F4D3F8.json
2025-12-16 11:21:52,001 - WARNING - Encoding utf-8 el archivo factura-DTE-07-M001P001-000000000008439.json entró por latin-1
2025-12-16 11:21:52,003 - INFO - Procesado exitosamente: factura-DTE-07-M001P001-000000000008439.json
2025-12-16 11:21:52,004 - INFO - Procesado exitosamente: FC71A4F2-606A-4C12-968B-1C3F3F13E0E1.json
2025-12-16 11:21:52,004 - INFO - Procesado exitosamente: FDFD466B-597B-4483-B341-C24123BC9ED9.json
2025-12-16 11:21:52,004 - INFO - Procesado exitosamente: Retención No.4999.json
2025-12-16 11:25:55,340 - INFO - Procesado exitosamente: 0178483A-CC0C-406B-8D75-56A23E141CDF.json
2025-12-16 11:25:55,341 - INFO - Procesado exitosamente: 08C47A1E-489B-4747-96BF-BDBA13D427F9.json
2025-12-16 11:25:55,342 - INFO - Procesado exitosamente: 09C6487E-B719-434C-BBFE-CC60313942DB.json
2025-12-16 11:25:55,343 - INFO - Procesado exitosamente: 115BBDE7-2265-4FDD-8DA9-4D7FBCB8E58F.json
2025-12-16 11:25:55,343 - INFO - Procesado exitosamente: 13B5D334-13CE-48AD-AE24-7D8497D38E32.json
2025-12-16 11:25:55,344 - INFO - Procesado exitosamente: 15F0FD55-2D8D-45AC-A065-C21F98126780.json
2025-12-16 11:25:55,344 - INFO - Procesado exitosamente: 1BF1D241-813E-4BBC-9FE0-2B56E2176DC3.json
2025-12-16 11:25:55,345 - INFO - Procesado exitosamente: 1C06FFA3-07CE-4F9A-94AF-6611F75A4EA7.json
2025-12-16 11:25:55,345 - INFO - Procesado exitosamente: 1F001ABE-6976-4E68-8816-5007EF3F1651.json
2025-12-16 11:25:55,345 - INFO - Procesado exitosamente: 1P001-00000000000647006141511770020.json
2025-12-16 11:25:55,346 - INFO - Procesado exitosamente: 1P001-00000000000647106141511770020.json
2025-12-16 11:25:55,346 - INFO - Procesado exitosamente: 1P001-00000000000647306141511770020.json
2025-12-16 11:25:55,346 - INFO - Procesado exitosamente: 1P001-00000000000651006141511770020.json
2025-12-16 11:25:55,347 - INFO - Procesado exitosamente: 1P001-00000000000651306141511770020.json
2025-12-16 11:25:55,347 - INFO - Procesado exitosamente: 1P001-00000000000724406141511770020.json
2025-12-16 11:25:55,348 - INFO - Procesado exitosamente: 264724A6-8A93-4752-97A5-1AAC6AE3719B.json
2025-12-16 11:25:55,348 - INFO - Procesado exitosamente: 269A17A2-4029-4487-B494-F488358DDF5E.json
2025-12-16 11:25:55,348 - INFO - Procesado exitosamente: 27E379B7-1B83-4C64-ADC0-5C83806A597A.json
2025-12-16 11:25:55,350 - INFO - Procesado exitosamente: 283B5113-C01B-46D1-A890-CD00F9A8E2F8.json
2025-12-16 11:25:55,351 - INFO - Procesado exitosamente: 2A7845F5-10D0-4D23-9137-CDE526530AFE.json
2025-12-16 11:25:55,351 - INFO - Procesado exitosamente: 397F2380-4487-4AD8-879A-8B21608BC008.json
2025-12-16 11:25:55,351 - INFO - Procesado exitosamente: 3F66EE72-42CE-429A-ADD7-479231E99B71.json
2025-12-16 11:25:55,352 - INFO - Procesado exitosamente: 43043AD5-35CE-4FCF-E064-00144FF8838D.json
2025-12-16 11:25:55,352 - INFO - Procesado exitosamente: 43535047-9E86-17F6-E064-00144FF8838D.json
2025-12-16 11:25:55,353 - INFO - Procesado exitosamente: 4F3DC115-3B92-4484-830F-BC316CED7AE6.json
2025-12-16 11:25:55,353 - INFO - Procesado exitosamente: 50500DA2-6BC8-4588-8F2A-36BF6F3D83A7.json
2025-12-16 11:25:55,354 - INFO - Procesado exitosamente: 5261228E-5188-4F4C-8D03-B83CB26DFF85.json
2025-12-16 11:25:55,354 - WARNING - Encoding utf-8 el archivo 61EDE671-97A2-412A-8392-8F6B44C904F2.json entró por latin-1
2025-12-16 11:25:55,355 - INFO - Procesado exitosamente: 61EDE671-97A2-412A-8392-8F6B44C904F2.json
2025-12-16 11:25:55,356 - INFO - Procesado exitosamente: 63995E65-FA18-1FD0-AEB2-808000245862.json
2025-12-16 11:25:55,356 - INFO - Procesado exitosamente: 63995E65-FA18-1FD0-AEB2-828000245863.json
2025-12-16 11:25:55,357 - INFO - Procesado exitosamente: 63995E65-FA18-1FD0-B09C-A98000246506.json
2025-12-16 11:25:55,358 - INFO - Procesado exitosamente: 63995E65-FA18-1FD0-B09C-AE8000246507.json
2025-12-16 11:25:55,359 - INFO - Procesado exitosamente: 63995E65-FA18-1FD0-B09C-B28000246508.json
2025-12-16 11:25:55,359 - INFO - Procesado exitosamente: 63995E65-FA18-1FD0-B1B0-E68000246623.json
2025-12-16 11:25:55,360 - INFO - Procesado exitosamente: 63995E65-FA18-1FD0-B1B1-C68000246695.json
2025-12-16 11:25:55,360 - INFO - Procesado exitosamente: 63995E65-FA18-1FD0-B393-538000247174.json
2025-12-16 11:25:55,361 - INFO - Procesado exitosamente: 63995E65-FA18-1FD0-B393-568000247175.json
2025-12-16 11:25:55,362 - INFO - Procesado exitosamente: 63995E65-FA18-1FD0-B395-6B8000247295.json
2025-12-16 11:25:55,362 - INFO - Procesado exitosamente: 63995E65-FA18-1FD0-B395-6E8000247296.json
2025-12-16 11:25:55,363 - INFO - Procesado exitosamente: 63995E65-FA18-1FD0-B395-708000247297.json
2025-12-16 11:25:55,363 - INFO - Procesado exitosamente: 63995E65-FA18-1FD0-B395-738000247298.json
2025-12-16 11:25:55,364 - INFO - Procesado exitosamente: 63995E65-FA18-1FD0-B395-758000247299.json
2025-12-16 11:25:55,364 - WARNING - Encoding utf-8 el archivo 6B473887-EE07-45F0-B6D3-12DF19C9B934.json entró por latin-1
2025-12-16 11:25:55,364 - INFO - Procesado exitosamente: 6B473887-EE07-45F0-B6D3-12DF19C9B934.json
2025-12-16 11:25:55,364 - INFO - Procesado exitosamente: 6F3EC5DD-FE11-4A56-ABF8-5052DDFAADDD.json
2025-12-16 11:25:55,366 - WARNING - Encoding utf-8 el archivo 70F448C6-F7DF-415F-A3FE-C737208057E8.json entró por latin-1
2025-12-16 11:25:55,366 - INFO - Procesado exitosamente: 70F448C6-F7DF-415F-A3FE-C737208057E8.json
2025-12-16 11:25:55,366 - WARNING - Encoding utf-8 el archivo 7146F7AD-C19D-4A89-90C4-BEFC70AE03CA.json entró por latin-1
2025-12-16 11:25:55,367 - INFO - Procesado exitosamente: 7146F7AD-C19D-4A89-90C4-BEFC70AE03CA.json
2025-12-16 11:25:55,367 - INFO - Procesado exitosamente: 71954747-81F4-4FBE-BF8F-4B8B171FECF1.json
2025-12-16 11:25:55,367 - INFO - Procesado exitosamente: 79157784-11AD-4903-B5F6-EB9A39E20377.json
2025-12-16 11:25:55,367 - INFO - Procesado exitosamente: 7D41829A-DE48-4C50-9030-B192AF151C77.json
2025-12-16 11:25:55,368 - INFO - Procesado exitosamente: 80A7EEC7-577E-4D91-8401-2689379D89C4.json
2025-12-16 11:25:55,368 - INFO - Procesado exitosamente: 83CF9CF3-7D3A-4352-B3BA-72BCA15BF460.json
2025-12-16 11:25:55,368 - INFO - Procesado exitosamente: 86B872B3-7509-4495-9187-4279F27A1B2D.json
2025-12-16 11:25:55,369 - INFO - Procesado exitosamente: 86EFF862-3248-4FC5-B92D-16C67247A852.json
2025-12-16 11:25:55,369 - INFO - Procesado exitosamente: 888A968D-CE20-41EE-87F2-D6F70A9FB151.json
2025-12-16 11:25:55,369 - WARNING - Encoding utf-8 el archivo 889B95B5-3382-4C46-8E3F-801AA358EA71.json entró por latin-1
2025-12-16 11:25:55,370 - INFO - Procesado exitosamente: 889B95B5-3382-4C46-8E3F-801AA358EA71.json
2025-12-16 11:25:55,370 - INFO - Procesado exitosamente: 8D4912C3-3972-1FE0-B3B2-C2ACA286BCB7.json
2025-12-16 11:25:55,370 - INFO - Procesado exitosamente: 8D963F4A-24DB-43CB-A4FC-B8B129B6152F.json
2025-12-16 11:25:55,371 - INFO - Procesado exitosamente: 9C610C5D-92C9-4FE2-8C7F-578AC90854A9.json
2025-12-16 11:25:55,371 - INFO - Procesado exitosamente: A3D11227-70B9-4D40-81E5-8901ABF6A766.json
2025-12-16 11:25:55,372 - INFO - Procesado exitosamente: A46D4E64-4485-41B4-8248-152D2E98DD72.json
2025-12-16 11:25:55,372 - WARNING - Encoding utf-8 el archivo A91B7DF7-81AE-4934-9194-8B9FEC3046C5.json entró por latin-1
2025-12-16 11:25:55,373 - INFO - Procesado exitosamente: A91B7DF7-81AE-4934-9194-8B9FEC3046C5.json
2025-12-16 11:25:55,373 - INFO - Procesado exitosamente: ABF1227C-1FCA-43A4-817B-DB4D94FEAF04.json
2025-12-16 11:25:55,374 - INFO - Procesado exitosamente: AF03CD2B-9D09-4F97-80E8-7AB66E843F99.json
2025-12-16 11:25:55,375 - WARNING - Encoding utf-8 el archivo B048B404-7A75-4503-B491-A6EDFF789AD4.json entró por latin-1
2025-12-16 11:25:55,376 - INFO - Procesado exitosamente: B048B404-7A75-4503-B491-A6EDFF789AD4.json
2025-12-16 11:25:55,377 - INFO - Procesado exitosamente: B52270FA-58B8-472D-AE09-355D447A5CF2.json
2025-12-16 11:25:55,377 - INFO - Procesado exitosamente: B73C67D4-F513-4199-8329-4B1062067E81.json
2025-12-16 11:25:55,378 - WARNING - Encoding utf-8 el archivo BF2BA5D5-9582-42EC-99C8-42DB67284886.json entró por latin-1
2025-12-16 11:25:55,378 - INFO - Procesado exitosamente: BF2BA5D5-9582-42EC-99C8-42DB67284886.json
2025-12-16 11:25:55,378 - WARNING - Encoding utf-8 el archivo BFCC3EFC-4BDD-4A5E-AD2E-F50AD0D44631.json entró por latin-1
2025-12-16 11:25:55,379 - INFO - Procesado exitosamente: BFCC3EFC-4BDD-4A5E-AD2E-F50AD0D44631.json
2025-12-16 11:25:55,379 - INFO - Procesado exitosamente: C205B00E-A61F-476F-AEBE-81E97844A178.json
2025-12-16 11:25:55,379 - INFO - Procesado exitosamente: C5D598D6-0748-4E1A-B57E-4B35189EBBF4.json
2025-12-16 11:25:55,380 - INFO - Procesado exitosamente: C6E2AB93-65FA-4E40-AC6E-59AE8CC63431.json
2025-12-16 11:25:55,380 - INFO - Procesado exitosamente: CA105E91-D16E-40A5-BF95-76BF0E5A8C84.json
2025-12-16 11:25:55,380 - INFO - Procesado exitosamente: COMPRETENCION_1_JSON (2).json
2025-12-16 11:25:55,380 - WARNING - Encoding utf-8 el archivo COMPRETENCION_1_JSON (3).json entró por latin-1
2025-12-16 11:25:55,382 - INFO - Procesado exitosamente: COMPRETENCION_1_JSON (3).json
2025-12-16 11:25:55,382 - WARNING - Encoding utf-8 el archivo COMPRETENCION_1_JSON.json entró por latin-1
2025-12-16 11:25:55,383 - INFO - Procesado exitosamente: COMPRETENCION_1_JSON.json
2025-12-16 11:25:55,383 - WARNING - Encoding utf-8 el archivo COMPRETENCION_1_JSON_1.json entró por latin-1
2025-12-16 11:25:55,383 - INFO - Procesado exitosamente: COMPRETENCION_1_JSON_1.json
2025-12-16 11:25:55,384 - INFO - Procesado exitosamente: Comprobante_Electronico-2B22166E-FC8D-49C7-A20E-D0814F17C2EC.json
2025-12-16 11:25:55,384 - INFO - Procesado exitosamente: Comprobante_Electronico-F554889F-6589-4F74-9F50-B1A91EC6254C.json
2025-12-16 11:25:55,385 - INFO - Procesado exitosamente: D39DC43D-2750-460B-8EFF-ECAAB9CA66DC.json
2025-12-16 11:25:55,385 - WARNING - Encoding utf-8 el archivo D470AB26-351E-49E0-B4AE-FEB0B7EB231D.json entró por latin-1
2025-12-16 11:25:55,385 - INFO - Procesado exitosamente: D470AB26-351E-49E0-B4AE-FEB0B7EB231D.json
2025-12-16 11:25:55,386 - INFO - Procesado exitosamente: D6B39A84-23B5-407E-B820-B292D1D152A0.json
2025-12-16 11:25:55,386 - INFO - Procesado exitosamente: D9D08459-A210-4E50-B4D4-A15AF613CBD5.json
2025-12-16 11:25:55,386 - INFO - Procesado exitosamente: DA4D4B01-C7FA-4878-8DA7-A89B72DC29C6.json
2025-12-16 11:25:55,387 - INFO - Procesado exitosamente: DC7C7B8F-1405-49F7-AA31-A4AAFBC87EBE.json
2025-12-16 11:25:55,387 - INFO - Procesado exitosamente: DTE-07-M001P001-000000000000802_834D8746-25B5-4732-8190-7224DF226810.json
2025-12-16 11:25:55,387 - INFO - Procesado exitosamente: DTE-07-M001P001-000000000004701_3B4594F6-0426-4B60-993E-7ED951C0BAD1.json
2025-12-16 11:25:55,388 - INFO - Procesado exitosamente: DTE-07-M001P001-000000000004702_CC0997A7-3FBC-4900-BC44-C1F7377E1BDB.json
2025-12-16 11:25:55,388 - INFO - Procesado exitosamente: DTE-07-M001P001-000000000004703_0E4E23E4-6253-4761-B28F-90115F9D40D9.json
2025-12-16 11:25:55,388 - INFO - Procesado exitosamente: DTE-07-M001P001-000000000004704_53993390-CCA0-4527-9AF8-F3016F93CFB7.json
2025-12-16 11:25:55,388 - INFO - Procesado exitosamente: DTE-07-M001P001-000000000004735_FD8A1F21-5EB1-4BDC-A301-23872CFC7BDB.json
2025-12-16 11:25:55,389 - INFO - Procesado exitosamente: DTE-07-M001P001-000000000005630_6BB96BEE-BF95-4829-B75A-001B5623B6B3.json
2025-12-16 11:25:55,390 - ERROR - El archivo DTE-07-M001P001-202500000001680.json no es un JSON válido o está vacío.
2025-12-16 11:25:55,391 - INFO - Procesado exitosamente: DTE-07-M001P010-000000000010170-2F1B8414-99C9-4277-B970-CB1C8B14B12C-10-11-2025 025523.json
2025-12-16 11:25:55,391 - INFO - Procesado exitosamente: DTE-07-M001P010-000000000010461-9D020BB0-D298-4819-83AC-BEE2E40939CB-18-11-2025 021735.json
2025-12-16 11:25:55,391 - INFO - Procesado exitosamente: DTE-07-M001P010-000000000010550-AEFC8F20-D47A-4EE3-AF07-A6AC06B88CF8-20-11-2025 024901.json
2025-12-16 11:25:55,392 - INFO - Procesado exitosamente: DTE-07-M001P010-000000000010707-27B0CB09-4F1C-4604-8E57-795B04E582B6-25-11-2025 101502.json
2025-12-16 11:25:55,392 - INFO - Procesado exitosamente: DTE-07-M001P010-000000000010770-29029575-E3E0-4DD9-BE43-5ABCA1C0F71A-26-11-2025 022548.json
2025-12-16 11:25:55,392 - INFO - Procesado exitosamente: DTE-07-M001P010-000000000010871-359910A9-A847-4F1C-88D2-A6CF961A9E52-28-11-2025 024944.json
2025-12-16 11:25:55,392 - INFO - Procesado exitosamente: DTE-07-S003P001-000000000000106_7DA3A730-70AB-4897-BB57-D55831A9A9FC.json
2025-12-16 11:25:55,394 - INFO - Procesado exitosamente: EC2A892C-5336-49BE-832F-4D2656FA682E.json
2025-12-16 11:25:55,394 - INFO - Procesado exitosamente: EFA27456-B005-4F04-A1FD-EB72617BC038.json
2025-12-16 11:25:55,394 - INFO - Procesado exitosamente: F9EA6881-4E9A-40B9-B307-3C6213F4D3F8.json
2025-12-16 11:25:55,395 - WARNING - Encoding utf-8 el archivo factura-DTE-07-M001P001-000000000008439.json entró por latin-1
2025-12-16 11:25:55,395 - INFO - Procesado exitosamente: factura-DTE-07-M001P001-000000000008439.json
2025-12-16 11:25:55,395 - INFO - Procesado exitosamente: FC71A4F2-606A-4C12-968B-1C3F3F13E0E1.json
2025-12-16 11:25:55,396 - INFO - Procesado exitosamente: FDFD466B-597B-4483-B341-C24123BC9ED9.json
2025-12-16 11:25:55,396 - INFO - Procesado exitosamente: Retención No.4999.json
2025-12-16 11:27:52,979 - INFO - Procesado exitosamente: 0178483A-CC0C-406B-8D75-56A23E141CDF.json
2025-12-16 11:27:52,979 - INFO - Procesado exitosamente: 08C47A1E-489B-4747-96BF-BDBA13D427F9.json
2025-12-16 11:27:52,980 - INFO - Procesado exitosamente: 09C6487E-B719-434C-BBFE-CC60313942DB.json
2025-12-16 11:27:52,981 - INFO - Procesado exitosamente: 115BBDE7-2265-4FDD-8DA9-4D7FBCB8E58F.json
2025-12-16 11:27:52,982 - INFO - Procesado exitosamente: 13B5D334-13CE-48AD-AE24-7D8497D38E32.json
2025-12-16 11:27:52,982 - INFO - Procesado exitosamente: 15F0FD55-2D8D-45AC-A065-C21F98126780.json
2025-12-16 11:27:52,982 - INFO - Procesado exitosamente: 1BF1D241-813E-4BBC-9FE0-2B56E2176DC3.json
2025-12-16 11:27:52,983 - INFO - Procesado exitosamente: 1C06FFA3-07CE-4F9A-94AF-6611F75A4EA7.json
2025-12-16 11:27:52,983 - INFO - Procesado exitosamente: 1F001ABE-6976-4E68-8816-5007EF3F1651.json
2025-12-16 11:27:52,984 - INFO - Procesado exitosamente: 1P001-00000000000647006141511770020.json
2025-12-16 11:27:52,984 - INFO - Procesado exitosamente: 1P001-00000000000647106141511770020.json
2025-12-16 11:27:52,984 - INFO - Procesado exitosamente: 1P001-00000000000647306141511770020.json
2025-12-16 11:27:52,985 - INFO - Procesado exitosamente: 1P001-00000000000651006141511770020.json
2025-12-16 11:27:52,985 - INFO - Procesado exitosamente: 1P001-00000000000651306141511770020.json
2025-12-16 11:27:52,985 - INFO - Procesado exitosamente: 1P001-00000000000724406141511770020.json
2025-12-16 11:27:52,986 - INFO - Procesado exitosamente: 264724A6-8A93-4752-97A5-1AAC6AE3719B.json
2025-12-16 11:27:52,986 - INFO - Procesado exitosamente: 269A17A2-4029-4487-B494-F488358DDF5E.json
2025-12-16 11:27:52,986 - INFO - Procesado exitosamente: 27E379B7-1B83-4C64-ADC0-5C83806A597A.json
2025-12-16 11:27:52,986 - INFO - Procesado exitosamente: 283B5113-C01B-46D1-A890-CD00F9A8E2F8.json
2025-12-16 11:27:52,986 - INFO - Procesado exitosamente: 2A7845F5-10D0-4D23-9137-CDE526530AFE.json
2025-12-16 11:27:52,988 - INFO - Procesado exitosamente: 397F2380-4487-4AD8-879A-8B21608BC008.json
2025-12-16 11:27:52,988 - INFO - Procesado exitosamente: 3F66EE72-42CE-429A-ADD7-479231E99B71.json
2025-12-16 11:27:52,988 - INFO - Procesado exitosamente: 43043AD5-35CE-4FCF-E064-00144FF8838D.json
2025-12-16 11:27:52,989 - INFO - Procesado exitosamente: 43535047-9E86-17F6-E064-00144FF8838D.json
2025-12-16 11:27:52,989 - INFO - Procesado exitosamente: 4F3DC115-3B92-4484-830F-BC316CED7AE6.json
2025-12-16 11:27:52,989 - INFO - Procesado exitosamente: 50500DA2-6BC8-4588-8F2A-36BF6F3D83A7.json
2025-12-16 11:27:52,989 - INFO - Procesado exitosamente: 5261228E-5188-4F4C-8D03-B83CB26DFF85.json
2025-12-16 11:27:52,990 - WARNING - Encoding utf-8 el archivo 61EDE671-97A2-412A-8392-8F6B44C904F2.json entró por latin-1
2025-12-16 11:27:52,991 - INFO - Procesado exitosamente: 61EDE671-97A2-412A-8392-8F6B44C904F2.json
2025-12-16 11:27:52,991 - INFO - Procesado exitosamente: 63995E65-FA18-1FD0-AEB2-808000245862.json
2025-12-16 11:27:52,992 - INFO - Procesado exitosamente: 63995E65-FA18-1FD0-AEB2-828000245863.json
2025-12-16 11:27:52,993 - INFO - Procesado exitosamente: 63995E65-FA18-1FD0-B09C-A98000246506.json
2025-12-16 11:27:52,994 - INFO - Procesado exitosamente: 63995E65-FA18-1FD0-B09C-AE8000246507.json
2025-12-16 11:27:52,996 - INFO - Procesado exitosamente: 63995E65-FA18-1FD0-B09C-B28000246508.json
2025-12-16 11:27:52,996 - INFO - Procesado exitosamente: 63995E65-FA18-1FD0-B1B0-E68000246623.json
2025-12-16 11:27:52,996 - INFO - Procesado exitosamente: 63995E65-FA18-1FD0-B1B1-C68000246695.json
2025-12-16 11:27:52,997 - INFO - Procesado exitosamente: 63995E65-FA18-1FD0-B393-538000247174.json
2025-12-16 11:27:52,997 - INFO - Procesado exitosamente: 63995E65-FA18-1FD0-B393-568000247175.json
2025-12-16 11:27:52,997 - INFO - Procesado exitosamente: 63995E65-FA18-1FD0-B395-6B8000247295.json
2025-12-16 11:27:52,997 - INFO - Procesado exitosamente: 63995E65-FA18-1FD0-B395-6E8000247296.json
2025-12-16 11:27:52,999 - INFO - Procesado exitosamente: 63995E65-FA18-1FD0-B395-708000247297.json
2025-12-16 11:27:52,999 - INFO - Procesado exitosamente: 63995E65-FA18-1FD0-B395-738000247298.json
2025-12-16 11:27:52,999 - INFO - Procesado exitosamente: 63995E65-FA18-1FD0-B395-758000247299.json
2025-12-16 11:27:53,000 - WARNING - Encoding utf-8 el archivo 6B473887-EE07-45F0-B6D3-12DF19C9B934.json entró por latin-1
2025-12-16 11:27:53,000 - INFO - Procesado exitosamente: 6B473887-EE07-45F0-B6D3-12DF19C9B934.json
2025-12-16 11:27:53,000 - INFO - Procesado exitosamente: 6F3EC5DD-FE11-4A56-ABF8-5052DDFAADDD.json
2025-12-16 11:27:53,001 - WARNING - Encoding utf-8 el archivo 70F448C6-F7DF-415F-A3FE-C737208057E8.json entró por latin-1
2025-12-16 11:27:53,001 - INFO - Procesado exitosamente: 70F448C6-F7DF-415F-A3FE-C737208057E8.json
2025-12-16 11:27:53,001 - WARNING - Encoding utf-8 el archivo 7146F7AD-C19D-4A89-90C4-BEFC70AE03CA.json entró por latin-1
2025-12-16 11:27:53,002 - INFO - Procesado exitosamente: 7146F7AD-C19D-4A89-90C4-BEFC70AE03CA.json
2025-12-16 11:27:53,002 - INFO - Procesado exitosamente: 71954747-81F4-4FBE-BF8F-4B8B171FECF1.json
2025-12-16 11:27:53,002 - INFO - Procesado exitosamente: 79157784-11AD-4903-B5F6-EB9A39E20377.json
2025-12-16 11:27:53,003 - INFO - Procesado exitosamente: 7D41829A-DE48-4C50-9030-B192AF151C77.json
2025-12-16 11:27:53,003 - INFO - Procesado exitosamente: 80A7EEC7-577E-4D91-8401-2689379D89C4.json
2025-12-16 11:27:53,003 - INFO - Procesado exitosamente: 83CF9CF3-7D3A-4352-B3BA-72BCA15BF460.json
2025-12-16 11:27:53,004 - INFO - Procesado exitosamente: 86B872B3-7509-4495-9187-4279F27A1B2D.json
2025-12-16 11:27:53,004 - INFO - Procesado exitosamente: 86EFF862-3248-4FC5-B92D-16C67247A852.json
2025-12-16 11:27:53,004 - INFO - Procesado exitosamente: 888A968D-CE20-41EE-87F2-D6F70A9FB151.json
2025-12-16 11:27:53,005 - WARNING - Encoding utf-8 el archivo 889B95B5-3382-4C46-8E3F-801AA358EA71.json entró por latin-1
2025-12-16 11:27:53,005 - INFO - Procesado exitosamente: 889B95B5-3382-4C46-8E3F-801AA358EA71.json
2025-12-16 11:27:53,005 - INFO - Procesado exitosamente: 8D4912C3-3972-1FE0-B3B2-C2ACA286BCB7.json
2025-12-16 11:27:53,006 - INFO - Procesado exitosamente: 8D963F4A-24DB-43CB-A4FC-B8B129B6152F.json
2025-12-16 11:27:53,006 - INFO - Procesado exitosamente: 9C610C5D-92C9-4FE2-8C7F-578AC90854A9.json
2025-12-16 11:27:53,006 - INFO - Procesado exitosamente: A3D11227-70B9-4D40-81E5-8901ABF6A766.json
2025-12-16 11:27:53,007 - INFO - Procesado exitosamente: A46D4E64-4485-41B4-8248-152D2E98DD72.json
2025-12-16 11:27:53,007 - WARNING - Encoding utf-8 el archivo A91B7DF7-81AE-4934-9194-8B9FEC3046C5.json entró por latin-1
2025-12-16 11:27:53,007 - INFO - Procesado exitosamente: A91B7DF7-81AE-4934-9194-8B9FEC3046C5.json
2025-12-16 11:27:53,008 - INFO - Procesado exitosamente: ABF1227C-1FCA-43A4-817B-DB4D94FEAF04.json
2025-12-16 11:27:53,008 - INFO - Procesado exitosamente: AF03CD2B-9D09-4F97-80E8-7AB66E843F99.json
2025-12-16 11:27:53,008 - WARNING - Encoding utf-8 el archivo B048B404-7A75-4503-B491-A6EDFF789AD4.json entró por latin-1
2025-12-16 11:27:53,009 - INFO - Procesado exitosamente: B048B404-7A75-4503-B491-A6EDFF789AD4.json
2025-12-16 11:27:53,010 - INFO - Procesado exitosamente: B52270FA-58B8-472D-AE09-355D447A5CF2.json
2025-12-16 11:27:53,010 - INFO - Procesado exitosamente: B73C67D4-F513-4199-8329-4B1062067E81.json
2025-12-16 11:27:53,010 - WARNING - Encoding utf-8 el archivo BF2BA5D5-9582-42EC-99C8-42DB67284886.json entró por latin-1
2025-12-16 11:27:53,010 - INFO - Procesado exitosamente: BF2BA5D5-9582-42EC-99C8-42DB67284886.json
2025-12-16 11:27:53,010 - WARNING - Encoding utf-8 el archivo BFCC3EFC-4BDD-4A5E-AD2E-F50AD0D44631.json entró por latin-1
2025-12-16 11:27:53,010 - INFO - Procesado exitosamente: BFCC3EFC-4BDD-4A5E-AD2E-F50AD0D44631.json
2025-12-16 11:27:53,010 - INFO - Procesado exitosamente: C205B00E-A61F-476F-AEBE-81E97844A178.json
2025-12-16 11:27:53,010 - INFO - Procesado exitosamente: C5D598D6-0748-4E1A-B57E-4B35189EBBF4.json
2025-12-16 11:27:53,010 - INFO - Procesado exitosamente: C6E2AB93-65FA-4E40-AC6E-59AE8CC63431.json
2025-12-16 11:27:53,010 - INFO - Procesado exitosamente: CA105E91-D16E-40A5-BF95-76BF0E5A8C84.json
2025-12-16 11:27:53,010 - INFO - Procesado exitosamente: COMPRETENCION_1_JSON (2).json
2025-12-16 11:27:53,010 - WARNING - Encoding utf-8 el archivo COMPRETENCION_1_JSON (3).json entró por latin-1
2025-12-16 11:27:53,010 - INFO - Procesado exitosamente: COMPRETENCION_1_JSON (3).json
2025-12-16 11:27:53,010 - WARNING - Encoding utf-8 el archivo COMPRETENCION_1_JSON.json entró por latin-1
2025-12-16 11:27:53,010 - INFO - Procesado exitosamente: COMPRETENCION_1_JSON.json
2025-12-16 11:27:53,010 - WARNING - Encoding utf-8 el archivo COMPRETENCION_1_JSON_1.json entró por latin-1
2025-12-16 11:27:53,010 - INFO - Procesado exitosamente: COMPRETENCION_1_JSON_1.json
2025-12-16 11:27:53,010 - INFO - Procesado exitosamente: Comprobante_Electronico-2B22166E-FC8D-49C7-A20E-D0814F17C2EC.json
2025-12-16 11:27:53,010 - INFO - Procesado exitosamente: Comprobante_Electronico-F554889F-6589-4F74-9F50-B1A91EC6254C.json
2025-12-16 11:27:53,010 - INFO - Procesado exitosamente: D39DC43D-2750-460B-8EFF-ECAAB9CA66DC.json
2025-12-16 11:27:53,010 - WARNING - Encoding utf-8 el archivo D470AB26-351E-49E0-B4AE-FEB0B7EB231D.json entró por latin-1
2025-12-16 11:27:53,010 - INFO - Procesado exitosamente: D470AB26-351E-49E0-B4AE-FEB0B7EB231D.json
2025-12-16 11:27:53,010 - INFO - Procesado exitosamente: D6B39A84-23B5-407E-B820-B292D1D152A0.json
2025-12-16 11:27:53,010 - INFO - Procesado exitosamente: D9D08459-A210-4E50-B4D4-A15AF613CBD5.json
2025-12-16 11:27:53,010 - INFO - Procesado exitosamente: DA4D4B01-C7FA-4878-8DA7-A89B72DC29C6.json
2025-12-16 11:27:53,010 - INFO - Procesado exitosamente: DC7C7B8F-1405-49F7-AA31-A4AAFBC87EBE.json
2025-12-16 11:27:53,010 - INFO - Procesado exitosamente: DTE-07-M001P001-000000000000802_834D8746-25B5-4732-8190-7224DF226810.json
2025-12-16 11:27:53,010 - INFO - Procesado exitosamente: DTE-07-M001P001-000000000004701_3B4594F6-0426-4B60-993E-7ED951C0BAD1.json
2025-12-16 11:27:53,020 - INFO - Procesado exitosamente: DTE-07-M001P001-000000000004702_CC0997A7-3FBC-4900-BC44-C1F7377E1BDB.json
2025-12-16 11:27:53,020 - INFO - Procesado exitosamente: DTE-07-M001P001-000000000004703_0E4E23E4-6253-4761-B28F-90115F9D40D9.json
2025-12-16 11:27:53,020 - INFO - Procesado exitosamente: DTE-07-M001P001-000000000004704_53993390-CCA0-4527-9AF8-F3016F93CFB7.json
2025-12-16 11:27:53,021 - INFO - Procesado exitosamente: DTE-07-M001P001-000000000004735_FD8A1F21-5EB1-4BDC-A301-23872CFC7BDB.json
2025-12-16 11:27:53,021 - INFO - Procesado exitosamente: DTE-07-M001P001-000000000005630_6BB96BEE-BF95-4829-B75A-001B5623B6B3.json
2025-12-16 11:27:53,021 - ERROR - El archivo DTE-07-M001P001-202500000001680.json no es un JSON válido o está vacío.
2025-12-16 11:27:53,021 - INFO - Procesado exitosamente: DTE-07-M001P010-000000000010170-2F1B8414-99C9-4277-B970-CB1C8B14B12C-10-11-2025 025523.json
2025-12-16 11:27:53,021 - INFO - Procesado exitosamente: DTE-07-M001P010-000000000010461-9D020BB0-D298-4819-83AC-BEE2E40939CB-18-11-2025 021735.json
2025-12-16 11:27:53,021 - INFO - Procesado exitosamente: DTE-07-M001P010-000000000010550-AEFC8F20-D47A-4EE3-AF07-A6AC06B88CF8-20-11-2025 024901.json
2025-12-16 11:27:53,021 - INFO - Procesado exitosamente: DTE-07-M001P010-000000000010707-27B0CB09-4F1C-4604-8E57-795B04E582B6-25-11-2025 101502.json
2025-12-16 11:27:53,021 - INFO - Procesado exitosamente: DTE-07-M001P010-000000000010770-29029575-E3E0-4DD9-BE43-5ABCA1C0F71A-26-11-2025 022548.json
2025-12-16 11:27:53,021 - INFO - Procesado exitosamente: DTE-07-M001P010-000000000010871-359910A9-A847-4F1C-88D2-A6CF961A9E52-28-11-2025 024944.json
2025-12-16 11:27:53,021 - INFO - Procesado exitosamente: DTE-07-S003P001-000000000000106_7DA3A730-70AB-4897-BB57-D55831A9A9FC.json
2025-12-16 11:27:53,025 - INFO - Procesado exitosamente: EC2A892C-5336-49BE-832F-4D2656FA682E.json
2025-12-16 11:27:53,026 - INFO - Procesado exitosamente: EFA27456-B005-4F04-A1FD-EB72617BC038.json
2025-12-16 11:27:53,026 - INFO - Procesado exitosamente: F9EA6881-4E9A-40B9-B307-3C6213F4D3F8.json
2025-12-16 11:27:53,026 - WARNING - Encoding utf-8 el archivo factura-DTE-07-M001P001-000000000008439.json entró por latin-1
2025-12-16 11:27:53,026 - INFO - Procesado exitosamente: factura-DTE-07-M001P001-000000000008439.json
2025-12-16 11:27:53,026 - INFO - Procesado exitosamente: FC71A4F2-606A-4C12-968B-1C3F3F13E0E1.json
2025-12-16 11:27:53,026 - INFO - Procesado exitosamente: FDFD466B-597B-4483-B341-C24123BC9ED9.json
2025-12-16 11:27:53,026 - INFO - Procesado exitosamente: Retención No.4999.json
2025-12-16 11:38:27,124 - INFO - Procesado exitosamente: 0178483A-CC0C-406B-8D75-56A23E141CDF.json
2025-12-16 11:38:27,124 - INFO - Procesado exitosamente: 08C47A1E-489B-4747-96BF-BDBA13D427F9.json
2025-12-16 11:38:27,124 - INFO - Procesado exitosamente: 09C6487E-B719-434C-BBFE-CC60313942DB.json
2025-12-16 11:38:27,124 - INFO - Procesado exitosamente: 115BBDE7-2265-4FDD-8DA9-4D7FBCB8E58F.json
2025-12-16 11:38:27,124 - INFO - Procesado exitosamente: 13B5D334-13CE-48AD-AE24-7D8497D38E32.json
2025-12-16 11:38:27,124 - INFO - Procesado exitosamente: 15F0FD55-2D8D-45AC-A065-C21F98126780.json
2025-12-16 11:38:27,124 - INFO - Procesado exitosamente: 1BF1D241-813E-4BBC-9FE0-2B56E2176DC3.json
2025-12-16 11:38:27,124 - INFO - Procesado exitosamente: 1C06FFA3-07CE-4F9A-94AF-6611F75A4EA7.json
2025-12-16 11:38:27,124 - INFO - Procesado exitosamente: 1F001ABE-6976-4E68-8816-5007EF3F1651.json
2025-12-16 11:38:27,124 - INFO - Procesado exitosamente: 1P001-00000000000647006141511770020.json
2025-12-16 11:38:27,134 - INFO - Procesado exitosamente: 1P001-00000000000647106141511770020.json
2025-12-16 11:38:27,134 - INFO - Procesado exitosamente: 1P001-00000000000647306141511770020.json
2025-12-16 11:38:27,134 - INFO - Procesado exitosamente: 1P001-00000000000651006141511770020.json
2025-12-16 11:38:27,135 - INFO - Procesado exitosamente: 1P001-00000000000651306141511770020.json
2025-12-16 11:38:27,135 - INFO - Procesado exitosamente: 1P001-00000000000724406141511770020.json
2025-12-16 11:38:27,136 - INFO - Procesado exitosamente: 264724A6-8A93-4752-97A5-1AAC6AE3719B.json
2025-12-16 11:38:27,137 - INFO - Procesado exitosamente: 269A17A2-4029-4487-B494-F488358DDF5E.json
2025-12-16 11:38:27,138 - INFO - Procesado exitosamente: 27E379B7-1B83-4C64-ADC0-5C83806A597A.json
2025-12-16 11:38:27,139 - INFO - Procesado exitosamente: 283B5113-C01B-46D1-A890-CD00F9A8E2F8.json
2025-12-16 11:38:27,140 - INFO - Procesado exitosamente: 2A7845F5-10D0-4D23-9137-CDE526530AFE.json
2025-12-16 11:38:27,140 - INFO - Procesado exitosamente: 397F2380-4487-4AD8-879A-8B21608BC008.json
2025-12-16 11:38:27,140 - INFO - Procesado exitosamente: 3F66EE72-42CE-429A-ADD7-479231E99B71.json
2025-12-16 11:38:27,140 - INFO - Procesado exitosamente: 43043AD5-35CE-4FCF-E064-00144FF8838D.json
2025-12-16 11:38:27,142 - INFO - Procesado exitosamente: 43535047-9E86-17F6-E064-00144FF8838D.json
2025-12-16 11:38:27,142 - INFO - Procesado exitosamente: 4F3DC115-3B92-4484-830F-BC316CED7AE6.json
2025-12-16 11:38:27,142 - INFO - Procesado exitosamente: 50500DA2-6BC8-4588-8F2A-36BF6F3D83A7.json
2025-12-16 11:38:27,143 - INFO - Procesado exitosamente: 5261228E-5188-4F4C-8D03-B83CB26DFF85.json
2025-12-16 11:38:27,143 - WARNING - Encoding utf-8 el archivo 61EDE671-97A2-412A-8392-8F6B44C904F2.json entró por latin-1
2025-12-16 11:38:27,145 - INFO - Procesado exitosamente: 61EDE671-97A2-412A-8392-8F6B44C904F2.json
2025-12-16 11:38:27,146 - INFO - Procesado exitosamente: 63995E65-FA18-1FD0-AEB2-808000245862.json
2025-12-16 11:38:27,147 - INFO - Procesado exitosamente: 63995E65-FA18-1FD0-AEB2-828000245863.json
2025-12-16 11:38:27,147 - INFO - Procesado exitosamente: 63995E65-FA18-1FD0-B09C-A98000246506.json
2025-12-16 11:38:27,148 - INFO - Procesado exitosamente: 63995E65-FA18-1FD0-B09C-AE8000246507.json
2025-12-16 11:38:27,148 - INFO - Procesado exitosamente: 63995E65-FA18-1FD0-B09C-B28000246508.json
2025-12-16 11:38:27,148 - INFO - Procesado exitosamente: 63995E65-FA18-1FD0-B1B0-E68000246623.json
2025-12-16 11:38:27,149 - INFO - Procesado exitosamente: 63995E65-FA18-1FD0-B1B1-C68000246695.json
2025-12-16 11:38:27,149 - INFO - Procesado exitosamente: 63995E65-FA18-1FD0-B393-538000247174.json
2025-12-16 11:38:27,149 - INFO - Procesado exitosamente: 63995E65-FA18-1FD0-B393-568000247175.json
2025-12-16 11:38:27,150 - INFO - Procesado exitosamente: 63995E65-FA18-1FD0-B395-6B8000247295.json
2025-12-16 11:38:27,150 - INFO - Procesado exitosamente: 63995E65-FA18-1FD0-B395-6E8000247296.json
2025-12-16 11:38:27,150 - INFO - Procesado exitosamente: 63995E65-FA18-1FD0-B395-708000247297.json
2025-12-16 11:38:27,151 - INFO - Procesado exitosamente: 63995E65-FA18-1FD0-B395-738000247298.json
2025-12-16 11:38:27,151 - INFO - Procesado exitosamente: 63995E65-FA18-1FD0-B395-758000247299.json
2025-12-16 11:38:27,152 - WARNING - Encoding utf-8 el archivo 6B473887-EE07-45F0-B6D3-12DF19C9B934.json entró por latin-1
2025-12-16 11:38:27,153 - INFO - Procesado exitosamente: 6B473887-EE07-45F0-B6D3-12DF19C9B934.json
2025-12-16 11:38:27,154 - INFO - Procesado exitosamente: 6F3EC5DD-FE11-4A56-ABF8-5052DDFAADDD.json
2025-12-16 11:38:27,154 - WARNING - Encoding utf-8 el archivo 70F448C6-F7DF-415F-A3FE-C737208057E8.json entró por latin-1
2025-12-16 11:38:27,155 - INFO - Procesado exitosamente: 70F448C6-F7DF-415F-A3FE-C737208057E8.json
2025-12-16 11:38:27,155 - WARNING - Encoding utf-8 el archivo 7146F7AD-C19D-4A89-90C4-BEFC70AE03CA.json entró por latin-1
2025-12-16 11:38:27,155 - INFO - Procesado exitosamente: 7146F7AD-C19D-4A89-90C4-BEFC70AE03CA.json
2025-12-16 11:38:27,156 - INFO - Procesado exitosamente: 71954747-81F4-4FBE-BF8F-4B8B171FECF1.json
2025-12-16 11:38:27,156 - INFO - Procesado exitosamente: 79157784-11AD-4903-B5F6-EB9A39E20377.json
2025-12-16 11:38:27,156 - INFO - Procesado exitosamente: 7D41829A-DE48-4C50-9030-B192AF151C77.json
2025-12-16 11:38:27,156 - INFO - Procesado exitosamente: 80A7EEC7-577E-4D91-8401-2689379D89C4.json
2025-12-16 11:38:27,157 - INFO - Procesado exitosamente: 83CF9CF3-7D3A-4352-B3BA-72BCA15BF460.json
2025-12-16 11:38:27,157 - INFO - Procesado exitosamente: 86B872B3-7509-4495-9187-4279F27A1B2D.json
2025-12-16 11:38:27,157 - INFO - Procesado exitosamente: 86EFF862-3248-4FC5-B92D-16C67247A852.json
2025-12-16 11:38:27,158 - INFO - Procesado exitosamente: 888A968D-CE20-41EE-87F2-D6F70A9FB151.json
2025-12-16 11:38:27,158 - WARNING - Encoding utf-8 el archivo 889B95B5-3382-4C46-8E3F-801AA358EA71.json entró por latin-1
2025-12-16 11:38:27,158 - INFO - Procesado exitosamente: 889B95B5-3382-4C46-8E3F-801AA358EA71.json
2025-12-16 11:38:27,159 - INFO - Procesado exitosamente: 8D4912C3-3972-1FE0-B3B2-C2ACA286BCB7.json
2025-12-16 11:38:27,159 - INFO - Procesado exitosamente: 8D963F4A-24DB-43CB-A4FC-B8B129B6152F.json
2025-12-16 11:38:27,159 - INFO - Procesado exitosamente: 9C610C5D-92C9-4FE2-8C7F-578AC90854A9.json
2025-12-16 11:38:27,160 - INFO - Procesado exitosamente: A3D11227-70B9-4D40-81E5-8901ABF6A766.json
2025-12-16 11:38:27,160 - INFO - Procesado exitosamente: A46D4E64-4485-41B4-8248-152D2E98DD72.json
2025-12-16 11:38:27,160 - WARNING - Encoding utf-8 el archivo A91B7DF7-81AE-4934-9194-8B9FEC3046C5.json entró por latin-1
2025-12-16 11:38:27,161 - INFO - Procesado exitosamente: A91B7DF7-81AE-4934-9194-8B9FEC3046C5.json
2025-12-16 11:38:27,161 - INFO - Procesado exitosamente: ABF1227C-1FCA-43A4-817B-DB4D94FEAF04.json
2025-12-16 11:38:27,161 - INFO - Procesado exitosamente: AF03CD2B-9D09-4F97-80E8-7AB66E843F99.json
2025-12-16 11:38:27,162 - WARNING - Encoding utf-8 el archivo B048B404-7A75-4503-B491-A6EDFF789AD4.json entró por latin-1
2025-12-16 11:38:27,162 - INFO - Procesado exitosamente: B048B404-7A75-4503-B491-A6EDFF789AD4.json
2025-12-16 11:38:27,162 - INFO - Procesado exitosamente: B52270FA-58B8-472D-AE09-355D447A5CF2.json
2025-12-16 11:38:27,163 - INFO - Procesado exitosamente: B73C67D4-F513-4199-8329-4B1062067E81.json
2025-12-16 11:38:27,163 - WARNING - Encoding utf-8 el archivo BF2BA5D5-9582-42EC-99C8-42DB67284886.json entró por latin-1
2025-12-16 11:38:27,163 - INFO - Procesado exitosamente: BF2BA5D5-9582-42EC-99C8-42DB67284886.json
2025-12-16 11:38:27,164 - WARNING - Encoding utf-8 el archivo BFCC3EFC-4BDD-4A5E-AD2E-F50AD0D44631.json entró por latin-1
2025-12-16 11:38:27,164 - INFO - Procesado exitosamente: BFCC3EFC-4BDD-4A5E-AD2E-F50AD0D44631.json
2025-12-16 11:38:27,164 - INFO - Procesado exitosamente: C205B00E-A61F-476F-AEBE-81E97844A178.json
2025-12-16 11:38:27,165 - INFO - Procesado exitosamente: C5D598D6-0748-4E1A-B57E-4B35189EBBF4.json
2025-12-16 11:38:27,165 - INFO - Procesado exitosamente: C6E2AB93-65FA-4E40-AC6E-59AE8CC63431.json
2025-12-16 11:38:27,165 - INFO - Procesado exitosamente: CA105E91-D16E-40A5-BF95-76BF0E5A8C84.json
2025-12-16 11:38:27,166 - INFO - Procesado exitosamente: COMPRETENCION_1_JSON (2).json
2025-12-16 11:38:27,166 - WARNING - Encoding utf-8 el archivo COMPRETENCION_1_JSON (3).json entró por latin-1
2025-12-16 11:38:27,166 - INFO - Procesado exitosamente: COMPRETENCION_1_JSON (3).json
2025-12-16 11:38:27,166 - WARNING - Encoding utf-8 el archivo COMPRETENCION_1_JSON.json entró por latin-1
2025-12-16 11:38:27,167 - INFO - Procesado exitosamente: COMPRETENCION_1_JSON.json
2025-12-16 11:38:27,167 - WARNING - Encoding utf-8 el archivo COMPRETENCION_1_JSON_1.json entró por latin-1
2025-12-16 11:38:27,167 - INFO - Procesado exitosamente: COMPRETENCION_1_JSON_1.json
2025-12-16 11:38:27,168 - INFO - Procesado exitosamente: Comprobante_Electronico-2B22166E-FC8D-49C7-A20E-D0814F17C2EC.json
2025-12-16 11:38:27,168 - INFO - Procesado exitosamente: Comprobante_Electronico-F554889F-6589-4F74-9F50-B1A91EC6254C.json
2025-12-16 11:38:27,169 - INFO - Procesado exitosamente: D39DC43D-2750-460B-8EFF-ECAAB9CA66DC.json
2025-12-16 11:38:27,170 - WARNING - Encoding utf-8 el archivo D470AB26-351E-49E0-B4AE-FEB0B7EB231D.json entró por latin-1
2025-12-16 11:38:27,170 - INFO - Procesado exitosamente: D470AB26-351E-49E0-B4AE-FEB0B7EB231D.json
2025-12-16 11:38:27,172 - INFO - Procesado exitosamente: D6B39A84-23B5-407E-B820-B292D1D152A0.json
2025-12-16 11:38:27,172 - INFO - Procesado exitosamente: D9D08459-A210-4E50-B4D4-A15AF613CBD5.json
2025-12-16 11:38:27,172 - INFO - Procesado exitosamente: DA4D4B01-C7FA-4878-8DA7-A89B72DC29C6.json
2025-12-16 11:38:27,175 - INFO - Procesado exitosamente: DC7C7B8F-1405-49F7-AA31-A4AAFBC87EBE.json
2025-12-16 11:38:27,175 - INFO - Procesado exitosamente: DTE-07-M001P001-000000000000802_834D8746-25B5-4732-8190-7224DF226810.json
2025-12-16 11:38:27,175 - INFO - Procesado exitosamente: DTE-07-M001P001-000000000004701_3B4594F6-0426-4B60-993E-7ED951C0BAD1.json
2025-12-16 11:38:27,175 - INFO - Procesado exitosamente: DTE-07-M001P001-000000000004702_CC0997A7-3FBC-4900-BC44-C1F7377E1BDB.json
2025-12-16 11:38:27,176 - INFO - Procesado exitosamente: DTE-07-M001P001-000000000004703_0E4E23E4-6253-4761-B28F-90115F9D40D9.json
2025-12-16 11:38:27,176 - INFO - Procesado exitosamente: DTE-07-M001P001-000000000004704_53993390-CCA0-4527-9AF8-F3016F93CFB7.json
2025-12-16 11:38:27,177 - INFO - Procesado exitosamente: DTE-07-M001P001-000000000004735_FD8A1F21-5EB1-4BDC-A301-23872CFC7BDB.json
2025-12-16 11:38:27,177 - INFO - Procesado exitosamente: DTE-07-M001P001-000000000005630_6BB96BEE-BF95-4829-B75A-001B5623B6B3.json
2025-12-16 11:38:27,178 - ERROR - El archivo DTE-07-M001P001-202500000001680.json no es un JSON válido o está vacío.
2025-12-16 11:38:27,178 - INFO - Procesado exitosamente: DTE-07-M001P010-000000000010170-2F1B8414-99C9-4277-B970-CB1C8B14B12C-10-11-2025 025523.json
2025-12-16 11:38:27,178 - INFO - Procesado exitosamente: DTE-07-M001P010-000000000010461-9D020BB0-D298-4819-83AC-BEE2E40939CB-18-11-2025 021735.json
2025-12-16 11:38:27,179 - INFO - Procesado exitosamente: DTE-07-M001P010-000000000010550-AEFC8F20-D47A-4EE3-AF07-A6AC06B88CF8-20-11-2025 024901.json
2025-12-16 11:38:27,179 - INFO - Procesado exitosamente: DTE-07-M001P010-000000000010707-27B0CB09-4F1C-4604-8E57-795B04E582B6-25-11-2025 101502.json
2025-12-16 11:38:27,179 - INFO - Procesado exitosamente: DTE-07-M001P010-000000000010770-29029575-E3E0-4DD9-BE43-5ABCA1C0F71A-26-11-2025 022548.json
2025-12-16 11:38:27,180 - INFO - Procesado exitosamente: DTE-07-M001P010-000000000010871-359910A9-A847-4F1C-88D2-A6CF961A9E52-28-11-2025 024944.json
2025-12-16 11:38:27,180 - INFO - Procesado exitosamente: DTE-07-S003P001-000000000000106_7DA3A730-70AB-4897-BB57-D55831A9A9FC.json
2025-12-16 11:38:27,180 - INFO - Procesado exitosamente: EC2A892C-5336-49BE-832F-4D2656FA682E.json
2025-12-16 11:38:27,181 - INFO - Procesado exitosamente: EFA27456-B005-4F04-A1FD-EB72617BC038.json
2025-12-16 11:38:27,181 - INFO - Procesado exitosamente: F9EA6881-4E9A-40B9-B307-3C6213F4D3F8.json
2025-12-16 11:38:27,181 - WARNING - Encoding utf-8 el archivo factura-DTE-07-M001P001-000000000008439.json entró por latin-1
2025-12-16 11:38:27,182 - INFO - Procesado exitosamente: factura-DTE-07-M001P001-000000000008439.json
2025-12-16 11:38:27,182 - INFO - Procesado exitosamente: FC71A4F2-606A-4C12-968B-1C3F3F13E0E1.json
2025-12-16 11:38:27,182 - INFO - Procesado exitosamente: FDFD466B-597B-4483-B341-C24123BC9ED9.json
2025-12-16 11:38:27,183 - INFO - Procesado exitosamente: Retención No.4999.json
2025-12-16 11:44:02,917 - INFO - Procesado exitosamente: 0178483A-CC0C-406B-8D75-56A23E141CDF.json
2025-12-16 11:44:02,917 - INFO - Procesado exitosamente: 08C47A1E-489B-4747-96BF-BDBA13D427F9.json
2025-12-16 11:44:02,918 - INFO - Procesado exitosamente: 09C6487E-B719-434C-BBFE-CC60313942DB.json
2025-12-16 11:44:02,918 - INFO - Procesado exitosamente: 115BBDE7-2265-4FDD-8DA9-4D7FBCB8E58F.json
2025-12-16 11:44:02,918 - INFO - Procesado exitosamente: 13B5D334-13CE-48AD-AE24-7D8497D38E32.json
2025-12-16 11:44:02,919 - INFO - Procesado exitosamente: 15F0FD55-2D8D-45AC-A065-C21F98126780.json
2025-12-16 11:44:02,919 - INFO - Procesado exitosamente: 1BF1D241-813E-4BBC-9FE0-2B56E2176DC3.json
2025-12-16 11:44:02,920 - INFO - Procesado exitosamente: 1C06FFA3-07CE-4F9A-94AF-6611F75A4EA7.json
2025-12-16 11:44:02,920 - INFO - Procesado exitosamente: 1F001ABE-6976-4E68-8816-5007EF3F1651.json
2025-12-16 11:44:02,921 - INFO - Procesado exitosamente: 1P001-00000000000647006141511770020.json
2025-12-16 11:44:02,921 - INFO - Procesado exitosamente: 1P001-00000000000647106141511770020.json
2025-12-16 11:44:02,921 - INFO - Procesado exitosamente: 1P001-00000000000647306141511770020.json
2025-12-16 11:44:02,922 - INFO - Procesado exitosamente: 1P001-00000000000651006141511770020.json
2025-12-16 11:44:02,922 - INFO - Procesado exitosamente: 1P001-00000000000651306141511770020.json
2025-12-16 11:44:02,923 - INFO - Procesado exitosamente: 1P001-00000000000724406141511770020.json
2025-12-16 11:44:02,924 - INFO - Procesado exitosamente: 264724A6-8A93-4752-97A5-1AAC6AE3719B.json
2025-12-16 11:44:02,924 - INFO - Procesado exitosamente: 269A17A2-4029-4487-B494-F488358DDF5E.json
2025-12-16 11:44:02,925 - INFO - Procesado exitosamente: 27E379B7-1B83-4C64-ADC0-5C83806A597A.json
2025-12-16 11:44:02,926 - INFO - Procesado exitosamente: 283B5113-C01B-46D1-A890-CD00F9A8E2F8.json
2025-12-16 11:44:02,926 - INFO - Procesado exitosamente: 2A7845F5-10D0-4D23-9137-CDE526530AFE.json
2025-12-16 11:44:02,928 - INFO - Procesado exitosamente: 397F2380-4487-4AD8-879A-8B21608BC008.json
2025-12-16 11:44:02,928 - INFO - Procesado exitosamente: 3F66EE72-42CE-429A-ADD7-479231E99B71.json
2025-12-16 11:44:02,928 - INFO - Procesado exitosamente: 43043AD5-35CE-4FCF-E064-00144FF8838D.json
2025-12-16 11:44:02,929 - INFO - Procesado exitosamente: 43535047-9E86-17F6-E064-00144FF8838D.json
2025-12-16 11:44:02,929 - INFO - Procesado exitosamente: 4F3DC115-3B92-4484-830F-BC316CED7AE6.json
2025-12-16 11:44:02,929 - INFO - Procesado exitosamente: 50500DA2-6BC8-4588-8F2A-36BF6F3D83A7.json
2025-12-16 11:44:02,930 - INFO - Procesado exitosamente: 5261228E-5188-4F4C-8D03-B83CB26DFF85.json
2025-12-16 11:44:02,930 - WARNING - Encoding utf-8 el archivo 61EDE671-97A2-412A-8392-8F6B44C904F2.json entró por latin-1
2025-12-16 11:44:02,931 - INFO - Procesado exitosamente: 61EDE671-97A2-412A-8392-8F6B44C904F2.json
2025-12-16 11:44:02,931 - INFO - Procesado exitosamente: 63995E65-FA18-1FD0-AEB2-808000245862.json
2025-12-16 11:44:02,932 - INFO - Procesado exitosamente: 63995E65-FA18-1FD0-AEB2-828000245863.json
2025-12-16 11:44:02,932 - INFO - Procesado exitosamente: 63995E65-FA18-1FD0-B09C-A98000246506.json
2025-12-16 11:44:02,933 - INFO - Procesado exitosamente: 63995E65-FA18-1FD0-B09C-AE8000246507.json
2025-12-16 11:44:02,933 - INFO - Procesado exitosamente: 63995E65-FA18-1FD0-B09C-B28000246508.json
2025-12-16 11:44:02,933 - INFO - Procesado exitosamente: 63995E65-FA18-1FD0-B1B0-E68000246623.json
2025-12-16 11:44:02,934 - INFO - Procesado exitosamente: 63995E65-FA18-1FD0-B1B1-C68000246695.json
2025-12-16 11:44:02,934 - INFO - Procesado exitosamente: 63995E65-FA18-1FD0-B393-538000247174.json
2025-12-16 11:44:02,935 - INFO - Procesado exitosamente: 63995E65-FA18-1FD0-B393-568000247175.json
2025-12-16 11:44:02,935 - INFO - Procesado exitosamente: 63995E65-FA18-1FD0-B395-6B8000247295.json
2025-12-16 11:44:02,936 - INFO - Procesado exitosamente: 63995E65-FA18-1FD0-B395-6E8000247296.json
2025-12-16 11:44:02,936 - INFO - Procesado exitosamente: 63995E65-FA18-1FD0-B395-708000247297.json
2025-12-16 11:44:02,936 - INFO - Procesado exitosamente: 63995E65-FA18-1FD0-B395-738000247298.json
2025-12-16 11:44:02,936 - INFO - Procesado exitosamente: 63995E65-FA18-1FD0-B395-758000247299.json
2025-12-16 11:44:02,936 - WARNING - Encoding utf-8 el archivo 6B473887-EE07-45F0-B6D3-12DF19C9B934.json entró por latin-1
2025-12-16 11:44:02,936 - INFO - Procesado exitosamente: 6B473887-EE07-45F0-B6D3-12DF19C9B934.json
2025-12-16 11:44:02,936 - INFO - Procesado exitosamente: 6F3EC5DD-FE11-4A56-ABF8-5052DDFAADDD.json
2025-12-16 11:44:02,936 - WARNING - Encoding utf-8 el archivo 70F448C6-F7DF-415F-A3FE-C737208057E8.json entró por latin-1
2025-12-16 11:44:02,936 - INFO - Procesado exitosamente: 70F448C6-F7DF-415F-A3FE-C737208057E8.json
2025-12-16 11:44:02,936 - WARNING - Encoding utf-8 el archivo 7146F7AD-C19D-4A89-90C4-BEFC70AE03CA.json entró por latin-1
2025-12-16 11:44:02,939 - INFO - Procesado exitosamente: 7146F7AD-C19D-4A89-90C4-BEFC70AE03CA.json
2025-12-16 11:44:02,939 - INFO - Procesado exitosamente: 71954747-81F4-4FBE-BF8F-4B8B171FECF1.json
2025-12-16 11:44:02,940 - INFO - Procesado exitosamente: 79157784-11AD-4903-B5F6-EB9A39E20377.json
2025-12-16 11:44:02,940 - INFO - Procesado exitosamente: 7D41829A-DE48-4C50-9030-B192AF151C77.json
2025-12-16 11:44:02,940 - INFO - Procesado exitosamente: 80A7EEC7-577E-4D91-8401-2689379D89C4.json
2025-12-16 11:44:02,940 - INFO - Procesado exitosamente: 83CF9CF3-7D3A-4352-B3BA-72BCA15BF460.json
2025-12-16 11:44:02,940 - INFO - Procesado exitosamente: 86B872B3-7509-4495-9187-4279F27A1B2D.json
2025-12-16 11:44:02,940 - INFO - Procesado exitosamente: 86EFF862-3248-4FC5-B92D-16C67247A852.json
2025-12-16 11:44:02,944 - INFO - Procesado exitosamente: 888A968D-CE20-41EE-87F2-D6F70A9FB151.json
2025-12-16 11:44:02,944 - WARNING - Encoding utf-8 el archivo 889B95B5-3382-4C46-8E3F-801AA358EA71.json entró por latin-1
2025-12-16 11:44:02,944 - INFO - Procesado exitosamente: 889B95B5-3382-4C46-8E3F-801AA358EA71.json
2025-12-16 11:44:02,944 - INFO - Procesado exitosamente: 8D4912C3-3972-1FE0-B3B2-C2ACA286BCB7.json
2025-12-16 11:44:02,944 - INFO - Procesado exitosamente: 8D963F4A-24DB-43CB-A4FC-B8B129B6152F.json
2025-12-16 11:44:02,944 - INFO - Procesado exitosamente: 9C610C5D-92C9-4FE2-8C7F-578AC90854A9.json
2025-12-16 11:44:02,944 - INFO - Procesado exitosamente: A3D11227-70B9-4D40-81E5-8901ABF6A766.json
2025-12-16 11:44:02,944 - INFO - Procesado exitosamente: A46D4E64-4485-41B4-8248-152D2E98DD72.json
2025-12-16 11:44:02,944 - WARNING - Encoding utf-8 el archivo A91B7DF7-81AE-4934-9194-8B9FEC3046C5.json entró por latin-1
2025-12-16 11:44:02,944 - INFO - Procesado exitosamente: A91B7DF7-81AE-4934-9194-8B9FEC3046C5.json
2025-12-16 11:44:02,944 - INFO - Procesado exitosamente: ABF1227C-1FCA-43A4-817B-DB4D94FEAF04.json
2025-12-16 11:44:02,944 - INFO - Procesado exitosamente: AF03CD2B-9D09-4F97-80E8-7AB66E843F99.json
2025-12-16 11:44:02,944 - WARNING - Encoding utf-8 el archivo B048B404-7A75-4503-B491-A6EDFF789AD4.json entró por latin-1
2025-12-16 11:44:02,944 - INFO - Procesado exitosamente: B048B404-7A75-4503-B491-A6EDFF789AD4.json
2025-12-16 11:44:02,944 - INFO - Procesado exitosamente: B52270FA-58B8-472D-AE09-355D447A5CF2.json
2025-12-16 11:44:02,944 - INFO - Procesado exitosamente: B73C67D4-F513-4199-8329-4B1062067E81.json
2025-12-16 11:44:02,944 - WARNING - Encoding utf-8 el archivo BF2BA5D5-9582-42EC-99C8-42DB67284886.json entró por latin-1
2025-12-16 11:44:02,944 - INFO - Procesado exitosamente: BF2BA5D5-9582-42EC-99C8-42DB67284886.json
2025-12-16 11:44:02,944 - WARNING - Encoding utf-8 el archivo BFCC3EFC-4BDD-4A5E-AD2E-F50AD0D44631.json entró por latin-1
2025-12-16 11:44:02,944 - INFO - Procesado exitosamente: BFCC3EFC-4BDD-4A5E-AD2E-F50AD0D44631.json
2025-12-16 11:44:02,944 - INFO - Procesado exitosamente: C205B00E-A61F-476F-AEBE-81E97844A178.json
2025-12-16 11:44:02,944 - INFO - Procesado exitosamente: C5D598D6-0748-4E1A-B57E-4B35189EBBF4.json
2025-12-16 11:44:02,944 - INFO - Procesado exitosamente: C6E2AB93-65FA-4E40-AC6E-59AE8CC63431.json
2025-12-16 11:44:02,944 - INFO - Procesado exitosamente: CA105E91-D16E-40A5-BF95-76BF0E5A8C84.json
2025-12-16 11:44:02,944 - INFO - Procesado exitosamente: COMPRETENCION_1_JSON (2).json
2025-12-16 11:44:02,944 - WARNING - Encoding utf-8 el archivo COMPRETENCION_1_JSON (3).json entró por latin-1
2025-12-16 11:44:02,944 - INFO - Procesado exitosamente: COMPRETENCION_1_JSON (3).json
2025-12-16 11:44:02,944 - WARNING - Encoding utf-8 el archivo COMPRETENCION_1_JSON.json entró por latin-1
2025-12-16 11:44:02,944 - INFO - Procesado exitosamente: COMPRETENCION_1_JSON.json
2025-12-16 11:44:02,944 - WARNING - Encoding utf-8 el archivo COMPRETENCION_1_JSON_1.json entró por latin-1
2025-12-16 11:44:02,944 - INFO - Procesado exitosamente: COMPRETENCION_1_JSON_1.json
2025-12-16 11:44:02,944 - INFO - Procesado exitosamente: Comprobante_Electronico-2B22166E-FC8D-49C7-A20E-D0814F17C2EC.json
2025-12-16 11:44:02,944 - INFO - Procesado exitosamente: Comprobante_Electronico-F554889F-6589-4F74-9F50-B1A91EC6254C.json
2025-12-16 11:44:02,944 - INFO - Procesado exitosamente: D39DC43D-2750-460B-8EFF-ECAAB9CA66DC.json
2025-12-16 11:44:02,944 - WARNING - Encoding utf-8 el archivo D470AB26-351E-49E0-B4AE-FEB0B7EB231D.json entró por latin-1
2025-12-16 11:44:02,944 - INFO - Procesado exitosamente: D470AB26-351E-49E0-B4AE-FEB0B7EB231D.json
2025-12-16 11:44:02,956 - INFO - Procesado exitosamente: D6B39A84-23B5-407E-B820-B292D1D152A0.json
2025-12-16 11:44:02,957 - INFO - Procesado exitosamente: D9D08459-A210-4E50-B4D4-A15AF613CBD5.json
2025-12-16 11:44:02,957 - INFO - Procesado exitosamente: DA4D4B01-C7FA-4878-8DA7-A89B72DC29C6.json
2025-12-16 11:44:02,957 - INFO - Procesado exitosamente: DC7C7B8F-1405-49F7-AA31-A4AAFBC87EBE.json
2025-12-16 11:44:02,957 - INFO - Procesado exitosamente: DTE-07-M001P001-000000000000802_834D8746-25B5-4732-8190-7224DF226810.json
2025-12-16 11:44:02,957 - INFO - Procesado exitosamente: DTE-07-M001P001-000000000004701_3B4594F6-0426-4B60-993E-7ED951C0BAD1.json
2025-12-16 11:44:02,957 - INFO - Procesado exitosamente: DTE-07-M001P001-000000000004702_CC0997A7-3FBC-4900-BC44-C1F7377E1BDB.json
2025-12-16 11:44:02,957 - INFO - Procesado exitosamente: DTE-07-M001P001-000000000004703_0E4E23E4-6253-4761-B28F-90115F9D40D9.json
2025-12-16 11:44:02,957 - INFO - Procesado exitosamente: DTE-07-M001P001-000000000004704_53993390-CCA0-4527-9AF8-F3016F93CFB7.json
2025-12-16 11:44:02,957 - INFO - Procesado exitosamente: DTE-07-M001P001-000000000004735_FD8A1F21-5EB1-4BDC-A301-23872CFC7BDB.json
2025-12-16 11:44:02,957 - INFO - Procesado exitosamente: DTE-07-M001P001-000000000005630_6BB96BEE-BF95-4829-B75A-001B5623B6B3.json
2025-12-16 11:44:02,957 - ERROR - El archivo DTE-07-M001P001-202500000001680.json no es un JSON válido o está vacío.
2025-12-16 11:44:02,957 - INFO - Procesado exitosamente: DTE-07-M001P010-000000000010170-2F1B8414-99C9-4277-B970-CB1C8B14B12C-10-11-2025 025523.json
2025-12-16 11:44:02,957 - INFO - Procesado exitosamente: DTE-07-M001P010-000000000010461-9D020BB0-D298-4819-83AC-BEE2E40939CB-18-11-2025 021735.json
2025-12-16 11:44:02,963 - INFO - Procesado exitosamente: DTE-07-M001P010-000000000010550-AEFC8F20-D47A-4EE3-AF07-A6AC06B88CF8-20-11-2025 024901.json
2025-12-16 11:44:02,963 - INFO - Procesado exitosamente: DTE-07-M001P010-000000000010707-27B0CB09-4F1C-4604-8E57-795B04E582B6-25-11-2025 101502.json
2025-12-16 11:44:02,963 - INFO - Procesado exitosamente: DTE-07-M001P010-000000000010770-29029575-E3E0-4DD9-BE43-5ABCA1C0F71A-26-11-2025 022548.json
2025-12-16 11:44:02,963 - INFO - Procesado exitosamente: DTE-07-M001P010-000000000010871-359910A9-A847-4F1C-88D2-A6CF961A9E52-28-11-2025 024944.json
2025-12-16 11:44:02,963 - INFO - Procesado exitosamente: DTE-07-S003P001-000000000000106_7DA3A730-70AB-4897-BB57-D55831A9A9FC.json
2025-12-16 11:44:02,963 - INFO - Procesado exitosamente: EC2A892C-5336-49BE-832F-4D2656FA682E.json
2025-12-16 11:44:02,963 - INFO - Procesado exitosamente: EFA27456-B005-4F04-A1FD-EB72617BC038.json
2025-12-16 11:44:02,963 - INFO - Procesado exitosamente: F9EA6881-4E9A-40B9-B307-3C6213F4D3F8.json
2025-12-16 11:44:02,963 - WARNING - Encoding utf-8 el archivo factura-DTE-07-M001P001-000000000008439.json entró por latin-1
2025-12-16 11:44:02,963 - INFO - Procesado exitosamente: factura-DTE-07-M001P001-000000000008439.json
2025-12-16 11:44:02,963 - INFO - Procesado exitosamente: FC71A4F2-606A-4C12-968B-1C3F3F13E0E1.json
2025-12-16 11:44:02,963 - INFO - Procesado exitosamente: FDFD466B-597B-4483-B341-C24123BC9ED9.json
2025-12-16 11:44:02,963 - INFO - Procesado exitosamente: Retención No.4999.json
2025-12-16 11:44:30,263 - INFO - Procesado exitosamente: 0178483A-CC0C-406B-8D75-56A23E141CDF.json
2025-12-16 11:44:30,263 - INFO - Procesado exitosamente: 08C47A1E-489B-4747-96BF-BDBA13D427F9.json
2025-12-16 11:44:30,264 - INFO - Procesado exitosamente: 09C6487E-B719-434C-BBFE-CC60313942DB.json
2025-12-16 11:44:30,264 - INFO - Procesado exitosamente: 115BBDE7-2265-4FDD-8DA9-4D7FBCB8E58F.json
2025-12-16 11:44:30,264 - INFO - Procesado exitosamente: 13B5D334-13CE-48AD-AE24-7D8497D38E32.json
2025-12-16 11:44:30,265 - INFO - Procesado exitosamente: 15F0FD55-2D8D-45AC-A065-C21F98126780.json
2025-12-16 11:44:30,265 - INFO - Procesado exitosamente: 1BF1D241-813E-4BBC-9FE0-2B56E2176DC3.json
2025-12-16 11:44:30,265 - INFO - Procesado exitosamente: 1C06FFA3-07CE-4F9A-94AF-6611F75A4EA7.json
2025-12-16 11:44:30,266 - INFO - Procesado exitosamente: 1F001ABE-6976-4E68-8816-5007EF3F1651.json
2025-12-16 11:44:30,266 - INFO - Procesado exitosamente: 1P001-00000000000647006141511770020.json
2025-12-16 11:44:30,267 - INFO - Procesado exitosamente: 1P001-00000000000647106141511770020.json
2025-12-16 11:44:30,267 - INFO - Procesado exitosamente: 1P001-00000000000647306141511770020.json
2025-12-16 11:44:30,268 - INFO - Procesado exitosamente: 1P001-00000000000651006141511770020.json
2025-12-16 11:44:30,268 - INFO - Procesado exitosamente: 1P001-00000000000651306141511770020.json
2025-12-16 11:44:30,269 - INFO - Procesado exitosamente: 1P001-00000000000724406141511770020.json
2025-12-16 11:44:30,270 - INFO - Procesado exitosamente: 264724A6-8A93-4752-97A5-1AAC6AE3719B.json
2025-12-16 11:44:30,270 - INFO - Procesado exitosamente: 269A17A2-4029-4487-B494-F488358DDF5E.json
2025-12-16 11:44:30,271 - INFO - Procesado exitosamente: 27E379B7-1B83-4C64-ADC0-5C83806A597A.json
2025-12-16 11:44:30,272 - INFO - Procesado exitosamente: 283B5113-C01B-46D1-A890-CD00F9A8E2F8.json
2025-12-16 11:44:30,272 - INFO - Procesado exitosamente: 2A7845F5-10D0-4D23-9137-CDE526530AFE.json
2025-12-16 11:44:30,272 - INFO - Procesado exitosamente: 397F2380-4487-4AD8-879A-8B21608BC008.json
2025-12-16 11:44:30,272 - INFO - Procesado exitosamente: 3F66EE72-42CE-429A-ADD7-479231E99B71.json
2025-12-16 11:44:30,274 - INFO - Procesado exitosamente: 43043AD5-35CE-4FCF-E064-00144FF8838D.json
2025-12-16 11:44:30,274 - INFO - Procesado exitosamente: 43535047-9E86-17F6-E064-00144FF8838D.json
2025-12-16 11:44:30,274 - INFO - Procesado exitosamente: 4F3DC115-3B92-4484-830F-BC316CED7AE6.json
2025-12-16 11:44:30,275 - INFO - Procesado exitosamente: 50500DA2-6BC8-4588-8F2A-36BF6F3D83A7.json
2025-12-16 11:44:30,275 - INFO - Procesado exitosamente: 5261228E-5188-4F4C-8D03-B83CB26DFF85.json
2025-12-16 11:44:30,275 - WARNING - Encoding utf-8 el archivo 61EDE671-97A2-412A-8392-8F6B44C904F2.json entró por latin-1
2025-12-16 11:44:30,276 - INFO - Procesado exitosamente: 61EDE671-97A2-412A-8392-8F6B44C904F2.json
2025-12-16 11:44:30,277 - INFO - Procesado exitosamente: 63995E65-FA18-1FD0-AEB2-808000245862.json
2025-12-16 11:44:30,277 - INFO - Procesado exitosamente: 63995E65-FA18-1FD0-AEB2-828000245863.json
2025-12-16 11:44:30,278 - INFO - Procesado exitosamente: 63995E65-FA18-1FD0-B09C-A98000246506.json
2025-12-16 11:44:30,278 - INFO - Procesado exitosamente: 63995E65-FA18-1FD0-B09C-AE8000246507.json
2025-12-16 11:44:30,278 - INFO - Procesado exitosamente: 63995E65-FA18-1FD0-B09C-B28000246508.json
2025-12-16 11:44:30,279 - INFO - Procesado exitosamente: 63995E65-FA18-1FD0-B1B0-E68000246623.json
2025-12-16 11:44:30,279 - INFO - Procesado exitosamente: 63995E65-FA18-1FD0-B1B1-C68000246695.json
2025-12-16 11:44:30,280 - INFO - Procesado exitosamente: 63995E65-FA18-1FD0-B393-538000247174.json
2025-12-16 11:44:30,280 - INFO - Procesado exitosamente: 63995E65-FA18-1FD0-B393-568000247175.json
2025-12-16 11:44:30,280 - INFO - Procesado exitosamente: 63995E65-FA18-1FD0-B395-6B8000247295.json
2025-12-16 11:44:30,281 - INFO - Procesado exitosamente: 63995E65-FA18-1FD0-B395-6E8000247296.json
2025-12-16 11:44:30,281 - INFO - Procesado exitosamente: 63995E65-FA18-1FD0-B395-708000247297.json
2025-12-16 11:44:30,281 - INFO - Procesado exitosamente: 63995E65-FA18-1FD0-B395-738000247298.json
2025-12-16 11:44:30,282 - INFO - Procesado exitosamente: 63995E65-FA18-1FD0-B395-758000247299.json
2025-12-16 11:44:30,282 - WARNING - Encoding utf-8 el archivo 6B473887-EE07-45F0-B6D3-12DF19C9B934.json entró por latin-1
2025-12-16 11:44:30,282 - INFO - Procesado exitosamente: 6B473887-EE07-45F0-B6D3-12DF19C9B934.json
2025-12-16 11:44:30,283 - INFO - Procesado exitosamente: 6F3EC5DD-FE11-4A56-ABF8-5052DDFAADDD.json
2025-12-16 11:44:30,284 - WARNING - Encoding utf-8 el archivo 70F448C6-F7DF-415F-A3FE-C737208057E8.json entró por latin-1
2025-12-16 11:44:30,285 - INFO - Procesado exitosamente: 70F448C6-F7DF-415F-A3FE-C737208057E8.json
2025-12-16 11:44:30,285 - WARNING - Encoding utf-8 el archivo 7146F7AD-C19D-4A89-90C4-BEFC70AE03CA.json entró por latin-1
2025-12-16 11:44:30,285 - INFO - Procesado exitosamente: 7146F7AD-C19D-4A89-90C4-BEFC70AE03CA.json
2025-12-16 11:44:30,286 - INFO - Procesado exitosamente: 71954747-81F4-4FBE-BF8F-4B8B171FECF1.json
2025-12-16 11:44:30,288 - INFO - Procesado exitosamente: 79157784-11AD-4903-B5F6-EB9A39E20377.json
2025-12-16 11:44:30,289 - INFO - Procesado exitosamente: 7D41829A-DE48-4C50-9030-B192AF151C77.json
2025-12-16 11:44:30,289 - INFO - Procesado exitosamente: 80A7EEC7-577E-4D91-8401-2689379D89C4.json
2025-12-16 11:44:30,290 - INFO - Procesado exitosamente: 83CF9CF3-7D3A-4352-B3BA-72BCA15BF460.json
2025-12-16 11:44:30,290 - INFO - Procesado exitosamente: 86B872B3-7509-4495-9187-4279F27A1B2D.json
2025-12-16 11:44:30,290 - INFO - Procesado exitosamente: 86EFF862-3248-4FC5-B92D-16C67247A852.json
2025-12-16 11:44:30,291 - INFO - Procesado exitosamente: 888A968D-CE20-41EE-87F2-D6F70A9FB151.json
2025-12-16 11:44:30,291 - WARNING - Encoding utf-8 el archivo 889B95B5-3382-4C46-8E3F-801AA358EA71.json entró por latin-1
2025-12-16 11:44:30,292 - INFO - Procesado exitosamente: 889B95B5-3382-4C46-8E3F-801AA358EA71.json
2025-12-16 11:44:30,293 - INFO - Procesado exitosamente: 8D4912C3-3972-1FE0-B3B2-C2ACA286BCB7.json
2025-12-16 11:44:30,293 - INFO - Procesado exitosamente: 8D963F4A-24DB-43CB-A4FC-B8B129B6152F.json
2025-12-16 11:44:30,294 - INFO - Procesado exitosamente: 9C610C5D-92C9-4FE2-8C7F-578AC90854A9.json
2025-12-16 11:44:30,294 - INFO - Procesado exitosamente: A3D11227-70B9-4D40-81E5-8901ABF6A766.json
2025-12-16 11:44:30,295 - INFO - Procesado exitosamente: A46D4E64-4485-41B4-8248-152D2E98DD72.json
2025-12-16 11:44:30,295 - WARNING - Encoding utf-8 el archivo A91B7DF7-81AE-4934-9194-8B9FEC3046C5.json entró por latin-1
2025-12-16 11:44:30,296 - INFO - Procesado exitosamente: A91B7DF7-81AE-4934-9194-8B9FEC3046C5.json
2025-12-16 11:44:30,296 - INFO - Procesado exitosamente: ABF1227C-1FCA-43A4-817B-DB4D94FEAF04.json
2025-12-16 11:44:30,296 - INFO - Procesado exitosamente: AF03CD2B-9D09-4F97-80E8-7AB66E843F99.json
2025-12-16 11:44:30,296 - WARNING - Encoding utf-8 el archivo B048B404-7A75-4503-B491-A6EDFF789AD4.json entró por latin-1
2025-12-16 11:44:30,296 - INFO - Procesado exitosamente: B048B404-7A75-4503-B491-A6EDFF789AD4.json
2025-12-16 11:44:30,296 - INFO - Procesado exitosamente: B52270FA-58B8-472D-AE09-355D447A5CF2.json
2025-12-16 11:44:30,296 - INFO - Procesado exitosamente: B73C67D4-F513-4199-8329-4B1062067E81.json
2025-12-16 11:44:30,296 - WARNING - Encoding utf-8 el archivo BF2BA5D5-9582-42EC-99C8-42DB67284886.json entró por latin-1
2025-12-16 11:44:30,296 - INFO - Procesado exitosamente: BF2BA5D5-9582-42EC-99C8-42DB67284886.json
2025-12-16 11:44:30,296 - WARNING - Encoding utf-8 el archivo BFCC3EFC-4BDD-4A5E-AD2E-F50AD0D44631.json entró por latin-1
2025-12-16 11:44:30,296 - INFO - Procesado exitosamente: BFCC3EFC-4BDD-4A5E-AD2E-F50AD0D44631.json
2025-12-16 11:44:30,296 - INFO - Procesado exitosamente: C205B00E-A61F-476F-AEBE-81E97844A178.json
2025-12-16 11:44:30,296 - INFO - Procesado exitosamente: C5D598D6-0748-4E1A-B57E-4B35189EBBF4.json
2025-12-16 11:44:30,301 - INFO - Procesado exitosamente: C6E2AB93-65FA-4E40-AC6E-59AE8CC63431.json
2025-12-16 11:44:30,301 - INFO - Procesado exitosamente: CA105E91-D16E-40A5-BF95-76BF0E5A8C84.json
2025-12-16 11:44:30,302 - INFO - Procesado exitosamente: COMPRETENCION_1_JSON (2).json
2025-12-16 11:44:30,303 - WARNING - Encoding utf-8 el archivo COMPRETENCION_1_JSON (3).json entró por latin-1
2025-12-16 11:44:30,306 - INFO - Procesado exitosamente: COMPRETENCION_1_JSON (3).json
2025-12-16 11:44:30,306 - WARNING - Encoding utf-8 el archivo COMPRETENCION_1_JSON.json entró por latin-1
2025-12-16 11:44:30,306 - INFO - Procesado exitosamente: COMPRETENCION_1_JSON.json
2025-12-16 11:44:30,306 - WARNING - Encoding utf-8 el archivo COMPRETENCION_1_JSON_1.json entró por latin-1
2025-12-16 11:44:30,306 - INFO - Procesado exitosamente: COMPRETENCION_1_JSON_1.json
2025-12-16 11:44:30,306 - INFO - Procesado exitosamente: Comprobante_Electronico-2B22166E-FC8D-49C7-A20E-D0814F17C2EC.json
2025-12-16 11:44:30,306 - INFO - Procesado exitosamente: Comprobante_Electronico-F554889F-6589-4F74-9F50-B1A91EC6254C.json
2025-12-16 11:44:30,306 - INFO - Procesado exitosamente: D39DC43D-2750-460B-8EFF-ECAAB9CA66DC.json
2025-12-16 11:44:30,306 - WARNING - Encoding utf-8 el archivo D470AB26-351E-49E0-B4AE-FEB0B7EB231D.json entró por latin-1
2025-12-16 11:44:30,306 - INFO - Procesado exitosamente: D470AB26-351E-49E0-B4AE-FEB0B7EB231D.json
2025-12-16 11:44:30,306 - INFO - Procesado exitosamente: D6B39A84-23B5-407E-B820-B292D1D152A0.json
2025-12-16 11:44:30,306 - INFO - Procesado exitosamente: D9D08459-A210-4E50-B4D4-A15AF613CBD5.json
2025-12-16 11:44:30,306 - INFO - Procesado exitosamente: DA4D4B01-C7FA-4878-8DA7-A89B72DC29C6.json
2025-12-16 11:44:30,306 - INFO - Procesado exitosamente: DC7C7B8F-1405-49F7-AA31-A4AAFBC87EBE.json
2025-12-16 11:44:30,306 - INFO - Procesado exitosamente: DTE-07-M001P001-000000000000802_834D8746-25B5-4732-8190-7224DF226810.json
2025-12-16 11:44:30,306 - INFO - Procesado exitosamente: DTE-07-M001P001-000000000004701_3B4594F6-0426-4B60-993E-7ED951C0BAD1.json
2025-12-16 11:44:30,306 - INFO - Procesado exitosamente: DTE-07-M001P001-000000000004702_CC0997A7-3FBC-4900-BC44-C1F7377E1BDB.json
2025-12-16 11:44:30,306 - INFO - Procesado exitosamente: DTE-07-M001P001-000000000004703_0E4E23E4-6253-4761-B28F-90115F9D40D9.json
2025-12-16 11:44:30,306 - INFO - Procesado exitosamente: DTE-07-M001P001-000000000004704_53993390-CCA0-4527-9AF8-F3016F93CFB7.json
2025-12-16 11:44:30,306 - INFO - Procesado exitosamente: DTE-07-M001P001-000000000004735_FD8A1F21-5EB1-4BDC-A301-23872CFC7BDB.json
2025-12-16 11:44:30,306 - INFO - Procesado exitosamente: DTE-07-M001P001-000000000005630_6BB96BEE-BF95-4829-B75A-001B5623B6B3.json
2025-12-16 11:44:30,306 - ERROR - El archivo DTE-07-M001P001-202500000001680.json no es un JSON válido o está vacío.
2025-12-16 11:44:30,317 - INFO - Procesado exitosamente: DTE-07-M001P010-000000000010170-2F1B8414-99C9-4277-B970-CB1C8B14B12C-10-11-2025 025523.json
2025-12-16 11:44:30,318 - INFO - Procesado exitosamente: DTE-07-M001P010-000000000010461-9D020BB0-D298-4819-83AC-BEE2E40939CB-18-11-2025 021735.json
2025-12-16 11:44:30,319 - INFO - Procesado exitosamente: DTE-07-M001P010-000000000010550-AEFC8F20-D47A-4EE3-AF07-A6AC06B88CF8-20-11-2025 024901.json
2025-12-16 11:44:30,319 - INFO - Procesado exitosamente: DTE-07-M001P010-000000000010707-27B0CB09-4F1C-4604-8E57-795B04E582B6-25-11-2025 101502.json
2025-12-16 11:44:30,322 - INFO - Procesado exitosamente: DTE-07-M001P010-000000000010770-29029575-E3E0-4DD9-BE43-5ABCA1C0F71A-26-11-2025 022548.json
2025-12-16 11:44:30,324 - INFO - Procesado exitosamente: DTE-07-M001P010-000000000010871-359910A9-A847-4F1C-88D2-A6CF961A9E52-28-11-2025 024944.json
2025-12-16 11:44:30,324 - INFO - Procesado exitosamente: DTE-07-S003P001-000000000000106_7DA3A730-70AB-4897-BB57-D55831A9A9FC.json
2025-12-16 11:44:30,324 - INFO - Procesado exitosamente: EC2A892C-5336-49BE-832F-4D2656FA682E.json
2025-12-16 11:44:30,325 - INFO - Procesado exitosamente: EFA27456-B005-4F04-A1FD-EB72617BC038.json
2025-12-16 11:44:30,325 - INFO - Procesado exitosamente: F9EA6881-4E9A-40B9-B307-3C6213F4D3F8.json
2025-12-16 11:44:30,326 - WARNING - Encoding utf-8 el archivo factura-DTE-07-M001P001-000000000008439.json entró por latin-1
2025-12-16 11:44:30,326 - INFO - Procesado exitosamente: factura-DTE-07-M001P001-000000000008439.json
2025-12-16 11:44:30,326 - INFO - Procesado exitosamente: FC71A4F2-606A-4C12-968B-1C3F3F13E0E1.json
2025-12-16 11:44:30,327 - INFO - Procesado exitosamente: FDFD466B-597B-4483-B341-C24123BC9ED9.json
2025-12-16 11:44:30,327 - INFO - Procesado exitosamente: Retención No.4999.json
2025-12-16 11:58:29,232 - INFO - Procesado exitosamente: 0178483A-CC0C-406B-8D75-56A23E141CDF.json
2025-12-16 11:58:29,232 - INFO - Procesado exitosamente: 08C47A1E-489B-4747-96BF-BDBA13D427F9.json
2025-12-16 11:58:29,232 - INFO - Procesado exitosamente: 09C6487E-B719-434C-BBFE-CC60313942DB.json
2025-12-16 11:58:29,232 - INFO - Procesado exitosamente: 115BBDE7-2265-4FDD-8DA9-4D7FBCB8E58F.json
2025-12-16 11:58:29,232 - INFO - Procesado exitosamente: 13B5D334-13CE-48AD-AE24-7D8497D38E32.json
2025-12-16 11:58:29,232 - INFO - Procesado exitosamente: 15F0FD55-2D8D-45AC-A065-C21F98126780.json
2025-12-16 11:58:29,232 - INFO - Procesado exitosamente: 1BF1D241-813E-4BBC-9FE0-2B56E2176DC3.json
2025-12-16 11:58:29,232 - INFO - Procesado exitosamente: 1C06FFA3-07CE-4F9A-94AF-6611F75A4EA7.json
2025-12-16 11:58:29,232 - INFO - Procesado exitosamente: 1F001ABE-6976-4E68-8816-5007EF3F1651.json
2025-12-16 11:58:29,232 - INFO - Procesado exitosamente: 1P001-00000000000647006141511770020.json
2025-12-16 11:58:29,232 - INFO - Procesado exitosamente: 1P001-00000000000647106141511770020.json
2025-12-16 11:58:29,232 - INFO - Procesado exitosamente: 1P001-00000000000647306141511770020.json
2025-12-16 11:58:29,232 - INFO - Procesado exitosamente: 1P001-00000000000651006141511770020.json
2025-12-16 11:58:29,232 - INFO - Procesado exitosamente: 1P001-00000000000651306141511770020.json
2025-12-16 11:58:29,232 - INFO - Procesado exitosamente: 1P001-00000000000724406141511770020.json
2025-12-16 11:58:29,232 - INFO - Procesado exitosamente: 264724A6-8A93-4752-97A5-1AAC6AE3719B.json
2025-12-16 11:58:29,247 - INFO - Procesado exitosamente: 269A17A2-4029-4487-B494-F488358DDF5E.json
2025-12-16 11:58:29,248 - INFO - Procesado exitosamente: 27E379B7-1B83-4C64-ADC0-5C83806A597A.json
2025-12-16 11:58:29,248 - INFO - Procesado exitosamente: 283B5113-C01B-46D1-A890-CD00F9A8E2F8.json
2025-12-16 11:58:29,248 - INFO - Procesado exitosamente: 2A7845F5-10D0-4D23-9137-CDE526530AFE.json
2025-12-16 11:58:29,248 - INFO - Procesado exitosamente: 397F2380-4487-4AD8-879A-8B21608BC008.json
2025-12-16 11:58:29,248 - INFO - Procesado exitosamente: 3F66EE72-42CE-429A-ADD7-479231E99B71.json
2025-12-16 11:58:29,250 - INFO - Procesado exitosamente: 43043AD5-35CE-4FCF-E064-00144FF8838D.json
2025-12-16 11:58:29,250 - INFO - Procesado exitosamente: 43535047-9E86-17F6-E064-00144FF8838D.json
2025-12-16 11:58:29,250 - INFO - Procesado exitosamente: 4F3DC115-3B92-4484-830F-BC316CED7AE6.json
2025-12-16 11:58:29,250 - INFO - Procesado exitosamente: 50500DA2-6BC8-4588-8F2A-36BF6F3D83A7.json
2025-12-16 11:58:29,250 - INFO - Procesado exitosamente: 5261228E-5188-4F4C-8D03-B83CB26DFF85.json
2025-12-16 11:58:29,252 - WARNING - Encoding utf-8 el archivo 61EDE671-97A2-412A-8392-8F6B44C904F2.json entró por latin-1
2025-12-16 11:58:29,252 - INFO - Procesado exitosamente: 61EDE671-97A2-412A-8392-8F6B44C904F2.json
2025-12-16 11:58:29,254 - INFO - Procesado exitosamente: 63995E65-FA18-1FD0-AEB2-808000245862.json
2025-12-16 11:58:29,254 - INFO - Procesado exitosamente: 63995E65-FA18-1FD0-AEB2-828000245863.json
2025-12-16 11:58:29,254 - INFO - Procesado exitosamente: 63995E65-FA18-1FD0-B09C-A98000246506.json
2025-12-16 11:58:29,254 - INFO - Procesado exitosamente: 63995E65-FA18-1FD0-B09C-AE8000246507.json
2025-12-16 11:58:29,256 - INFO - Procesado exitosamente: 63995E65-FA18-1FD0-B09C-B28000246508.json
2025-12-16 11:58:29,256 - INFO - Procesado exitosamente: 63995E65-FA18-1FD0-B1B0-E68000246623.json
2025-12-16 11:58:29,257 - INFO - Procesado exitosamente: 63995E65-FA18-1FD0-B1B1-C68000246695.json
2025-12-16 11:58:29,257 - INFO - Procesado exitosamente: 63995E65-FA18-1FD0-B393-538000247174.json
2025-12-16 11:58:29,257 - INFO - Procesado exitosamente: 63995E65-FA18-1FD0-B393-568000247175.json
2025-12-16 11:58:29,257 - INFO - Procesado exitosamente: 63995E65-FA18-1FD0-B395-6B8000247295.json
2025-12-16 11:58:29,259 - INFO - Procesado exitosamente: 63995E65-FA18-1FD0-B395-6E8000247296.json
2025-12-16 11:58:29,259 - INFO - Procesado exitosamente: 63995E65-FA18-1FD0-B395-708000247297.json
2025-12-16 11:58:29,259 - INFO - Procesado exitosamente: 63995E65-FA18-1FD0-B395-738000247298.json
2025-12-16 11:58:29,261 - INFO - Procesado exitosamente: 63995E65-FA18-1FD0-B395-758000247299.json
2025-12-16 11:58:29,261 - WARNING - Encoding utf-8 el archivo 6B473887-EE07-45F0-B6D3-12DF19C9B934.json entró por latin-1
2025-12-16 11:58:29,261 - INFO - Procesado exitosamente: 6B473887-EE07-45F0-B6D3-12DF19C9B934.json
2025-12-16 11:58:29,261 - INFO - Procesado exitosamente: 6F3EC5DD-FE11-4A56-ABF8-5052DDFAADDD.json
2025-12-16 11:58:29,261 - WARNING - Encoding utf-8 el archivo 70F448C6-F7DF-415F-A3FE-C737208057E8.json entró por latin-1
2025-12-16 11:58:29,263 - INFO - Procesado exitosamente: 70F448C6-F7DF-415F-A3FE-C737208057E8.json
2025-12-16 11:58:29,263 - WARNING - Encoding utf-8 el archivo 7146F7AD-C19D-4A89-90C4-BEFC70AE03CA.json entró por latin-1
2025-12-16 11:58:29,264 - INFO - Procesado exitosamente: 7146F7AD-C19D-4A89-90C4-BEFC70AE03CA.json
2025-12-16 11:58:29,265 - INFO - Procesado exitosamente: 71954747-81F4-4FBE-BF8F-4B8B171FECF1.json
2025-12-16 11:58:29,265 - INFO - Procesado exitosamente: 79157784-11AD-4903-B5F6-EB9A39E20377.json
2025-12-16 11:58:29,265 - INFO - Procesado exitosamente: 7D41829A-DE48-4C50-9030-B192AF151C77.json
2025-12-16 11:58:29,265 - INFO - Procesado exitosamente: 80A7EEC7-577E-4D91-8401-2689379D89C4.json
2025-12-16 11:58:29,265 - INFO - Procesado exitosamente: 83CF9CF3-7D3A-4352-B3BA-72BCA15BF460.json
2025-12-16 11:58:29,265 - INFO - Procesado exitosamente: 86B872B3-7509-4495-9187-4279F27A1B2D.json
2025-12-16 11:58:29,265 - INFO - Procesado exitosamente: 86EFF862-3248-4FC5-B92D-16C67247A852.json
2025-12-16 11:58:29,265 - INFO - Procesado exitosamente: 888A968D-CE20-41EE-87F2-D6F70A9FB151.json
2025-12-16 11:58:29,265 - WARNING - Encoding utf-8 el archivo 889B95B5-3382-4C46-8E3F-801AA358EA71.json entró por latin-1
2025-12-16 11:58:29,265 - INFO - Procesado exitosamente: 889B95B5-3382-4C46-8E3F-801AA358EA71.json
2025-12-16 11:58:29,265 - INFO - Procesado exitosamente: 8D4912C3-3972-1FE0-B3B2-C2ACA286BCB7.json
2025-12-16 11:58:29,265 - INFO - Procesado exitosamente: 8D963F4A-24DB-43CB-A4FC-B8B129B6152F.json
2025-12-16 11:58:29,272 - INFO - Procesado exitosamente: 9C610C5D-92C9-4FE2-8C7F-578AC90854A9.json
2025-12-16 11:58:29,273 - INFO - Procesado exitosamente: A3D11227-70B9-4D40-81E5-8901ABF6A766.json
2025-12-16 11:58:29,273 - INFO - Procesado exitosamente: A46D4E64-4485-41B4-8248-152D2E98DD72.json
2025-12-16 11:58:29,274 - WARNING - Encoding utf-8 el archivo A91B7DF7-81AE-4934-9194-8B9FEC3046C5.json entró por latin-1
2025-12-16 11:58:29,274 - INFO - Procesado exitosamente: A91B7DF7-81AE-4934-9194-8B9FEC3046C5.json
2025-12-16 11:58:29,275 - INFO - Procesado exitosamente: ABF1227C-1FCA-43A4-817B-DB4D94FEAF04.json
2025-12-16 11:58:29,275 - INFO - Procesado exitosamente: AF03CD2B-9D09-4F97-80E8-7AB66E843F99.json
2025-12-16 11:58:29,275 - WARNING - Encoding utf-8 el archivo B048B404-7A75-4503-B491-A6EDFF789AD4.json entró por latin-1
2025-12-16 11:58:29,276 - INFO - Procesado exitosamente: B048B404-7A75-4503-B491-A6EDFF789AD4.json
2025-12-16 11:58:29,276 - INFO - Procesado exitosamente: B52270FA-58B8-472D-AE09-355D447A5CF2.json
2025-12-16 11:58:29,277 - INFO - Procesado exitosamente: B73C67D4-F513-4199-8329-4B1062067E81.json
2025-12-16 11:58:29,277 - WARNING - Encoding utf-8 el archivo BF2BA5D5-9582-42EC-99C8-42DB67284886.json entró por latin-1
2025-12-16 11:58:29,277 - INFO - Procesado exitosamente: BF2BA5D5-9582-42EC-99C8-42DB67284886.json
2025-12-16 11:58:29,279 - WARNING - Encoding utf-8 el archivo BFCC3EFC-4BDD-4A5E-AD2E-F50AD0D44631.json entró por latin-1
2025-12-16 11:58:29,279 - INFO - Procesado exitosamente: BFCC3EFC-4BDD-4A5E-AD2E-F50AD0D44631.json
2025-12-16 11:58:29,279 - INFO - Procesado exitosamente: C205B00E-A61F-476F-AEBE-81E97844A178.json
2025-12-16 11:58:29,279 - INFO - Procesado exitosamente: C5D598D6-0748-4E1A-B57E-4B35189EBBF4.json
2025-12-16 11:58:29,281 - INFO - Procesado exitosamente: C6E2AB93-65FA-4E40-AC6E-59AE8CC63431.json
2025-12-16 11:58:29,281 - INFO - Procesado exitosamente: CA105E91-D16E-40A5-BF95-76BF0E5A8C84.json
2025-12-16 11:58:29,282 - INFO - Procesado exitosamente: COMPRETENCION_1_JSON (2).json
2025-12-16 11:58:29,283 - WARNING - Encoding utf-8 el archivo COMPRETENCION_1_JSON (3).json entró por latin-1
2025-12-16 11:58:29,283 - INFO - Procesado exitosamente: COMPRETENCION_1_JSON (3).json
2025-12-16 11:58:29,283 - WARNING - Encoding utf-8 el archivo COMPRETENCION_1_JSON.json entró por latin-1
2025-12-16 11:58:29,284 - INFO - Procesado exitosamente: COMPRETENCION_1_JSON.json
2025-12-16 11:58:29,284 - WARNING - Encoding utf-8 el archivo COMPRETENCION_1_JSON_1.json entró por latin-1
2025-12-16 11:58:29,285 - INFO - Procesado exitosamente: COMPRETENCION_1_JSON_1.json
2025-12-16 11:58:29,286 - INFO - Procesado exitosamente: Comprobante_Electronico-2B22166E-FC8D-49C7-A20E-D0814F17C2EC.json
2025-12-16 11:58:29,286 - INFO - Procesado exitosamente: Comprobante_Electronico-F554889F-6589-4F74-9F50-B1A91EC6254C.json
2025-12-16 11:58:29,288 - INFO - Procesado exitosamente: D39DC43D-2750-460B-8EFF-ECAAB9CA66DC.json
2025-12-16 11:58:29,288 - WARNING - Encoding utf-8 el archivo D470AB26-351E-49E0-B4AE-FEB0B7EB231D.json entró por latin-1
2025-12-16 11:58:29,289 - INFO - Procesado exitosamente: D470AB26-351E-49E0-B4AE-FEB0B7EB231D.json
2025-12-16 11:58:29,289 - INFO - Procesado exitosamente: D6B39A84-23B5-407E-B820-B292D1D152A0.json
2025-12-16 11:58:29,290 - INFO - Procesado exitosamente: D9D08459-A210-4E50-B4D4-A15AF613CBD5.json
2025-12-16 11:58:29,290 - INFO - Procesado exitosamente: DA4D4B01-C7FA-4878-8DA7-A89B72DC29C6.json
2025-12-16 11:58:29,291 - INFO - Procesado exitosamente: DC7C7B8F-1405-49F7-AA31-A4AAFBC87EBE.json
2025-12-16 11:58:29,291 - INFO - Procesado exitosamente: DTE-07-M001P001-000000000000802_834D8746-25B5-4732-8190-7224DF226810.json
2025-12-16 11:58:29,292 - INFO - Procesado exitosamente: DTE-07-M001P001-000000000004701_3B4594F6-0426-4B60-993E-7ED951C0BAD1.json
2025-12-16 11:58:29,292 - INFO - Procesado exitosamente: DTE-07-M001P001-000000000004702_CC0997A7-3FBC-4900-BC44-C1F7377E1BDB.json
2025-12-16 11:58:29,293 - INFO - Procesado exitosamente: DTE-07-M001P001-000000000004703_0E4E23E4-6253-4761-B28F-90115F9D40D9.json
2025-12-16 11:58:29,293 - INFO - Procesado exitosamente: DTE-07-M001P001-000000000004704_53993390-CCA0-4527-9AF8-F3016F93CFB7.json
2025-12-16 11:58:29,295 - INFO - Procesado exitosamente: DTE-07-M001P001-000000000004735_FD8A1F21-5EB1-4BDC-A301-23872CFC7BDB.json
2025-12-16 11:58:29,295 - INFO - Procesado exitosamente: DTE-07-M001P001-000000000005630_6BB96BEE-BF95-4829-B75A-001B5623B6B3.json
2025-12-16 11:58:29,296 - ERROR - El archivo DTE-07-M001P001-202500000001680.json no es un JSON válido o está vacío.
2025-12-16 11:58:29,296 - INFO - Procesado exitosamente: DTE-07-M001P010-000000000010170-2F1B8414-99C9-4277-B970-CB1C8B14B12C-10-11-2025 025523.json
2025-12-16 11:58:29,297 - INFO - Procesado exitosamente: DTE-07-M001P010-000000000010461-9D020BB0-D298-4819-83AC-BEE2E40939CB-18-11-2025 021735.json
2025-12-16 11:58:29,297 - INFO - Procesado exitosamente: DTE-07-M001P010-000000000010550-AEFC8F20-D47A-4EE3-AF07-A6AC06B88CF8-20-11-2025 024901.json
2025-12-16 11:58:29,297 - INFO - Procesado exitosamente: DTE-07-M001P010-000000000010707-27B0CB09-4F1C-4604-8E57-795B04E582B6-25-11-2025 101502.json
2025-12-16 11:58:29,298 - INFO - Procesado exitosamente: DTE-07-M001P010-000000000010770-29029575-E3E0-4DD9-BE43-5ABCA1C0F71A-26-11-2025 022548.json
2025-12-16 11:58:29,300 - INFO - Procesado exitosamente: DTE-07-M001P010-000000000010871-359910A9-A847-4F1C-88D2-A6CF961A9E52-28-11-2025 024944.json
2025-12-16 11:58:29,301 - INFO - Procesado exitosamente: DTE-07-S003P001-000000000000106_7DA3A730-70AB-4897-BB57-D55831A9A9FC.json
2025-12-16 11:58:29,302 - INFO - Procesado exitosamente: EC2A892C-5336-49BE-832F-4D2656FA682E.json
2025-12-16 11:58:29,302 - INFO - Procesado exitosamente: EFA27456-B005-4F04-A1FD-EB72617BC038.json
2025-12-16 11:58:29,303 - INFO - Procesado exitosamente: F9EA6881-4E9A-40B9-B307-3C6213F4D3F8.json
2025-12-16 11:58:29,303 - WARNING - Encoding utf-8 el archivo factura-DTE-07-M001P001-000000000008439.json entró por latin-1
2025-12-16 11:58:29,303 - INFO - Procesado exitosamente: factura-DTE-07-M001P001-000000000008439.json
2025-12-16 11:58:29,304 - INFO - Procesado exitosamente: FC71A4F2-606A-4C12-968B-1C3F3F13E0E1.json
2025-12-16 11:58:29,304 - INFO - Procesado exitosamente: FDFD466B-597B-4483-B341-C24123BC9ED9.json
2025-12-16 11:58:29,305 - INFO - Procesado exitosamente: Retención No.4999.json
2025-12-16 12:07:14,967 - INFO - Procesado exitosamente: 0178483A-CC0C-406B-8D75-56A23E141CDF.json
2025-12-16 12:07:14,968 - INFO - Procesado exitosamente: 08C47A1E-489B-4747-96BF-BDBA13D427F9.json
2025-12-16 12:07:14,969 - INFO - Procesado exitosamente: 09C6487E-B719-434C-BBFE-CC60313942DB.json
2025-12-16 12:07:14,969 - INFO - Procesado exitosamente: 115BBDE7-2265-4FDD-8DA9-4D7FBCB8E58F.json
2025-12-16 12:07:14,969 - INFO - Procesado exitosamente: 13B5D334-13CE-48AD-AE24-7D8497D38E32.json
2025-12-16 12:07:14,970 - INFO - Procesado exitosamente: 15F0FD55-2D8D-45AC-A065-C21F98126780.json
2025-12-16 12:07:14,970 - INFO - Procesado exitosamente: 1BF1D241-813E-4BBC-9FE0-2B56E2176DC3.json
2025-12-16 12:07:14,971 - INFO - Procesado exitosamente: 1C06FFA3-07CE-4F9A-94AF-6611F75A4EA7.json
2025-12-16 12:07:14,971 - INFO - Procesado exitosamente: 1F001ABE-6976-4E68-8816-5007EF3F1651.json
2025-12-16 12:07:14,971 - INFO - Procesado exitosamente: 1P001-00000000000647006141511770020.json
2025-12-16 12:07:14,972 - INFO - Procesado exitosamente: 1P001-00000000000647106141511770020.json
2025-12-16 12:07:14,972 - INFO - Procesado exitosamente: 1P001-00000000000647306141511770020.json
2025-12-16 12:07:14,973 - INFO - Procesado exitosamente: 1P001-00000000000651006141511770020.json
2025-12-16 12:07:14,973 - INFO - Procesado exitosamente: 1P001-00000000000651306141511770020.json
2025-12-16 12:07:14,973 - INFO - Procesado exitosamente: 1P001-00000000000724406141511770020.json
2025-12-16 12:07:14,974 - INFO - Procesado exitosamente: 264724A6-8A93-4752-97A5-1AAC6AE3719B.json
2025-12-16 12:07:14,974 - INFO - Procesado exitosamente: 269A17A2-4029-4487-B494-F488358DDF5E.json
2025-12-16 12:07:14,974 - INFO - Procesado exitosamente: 27E379B7-1B83-4C64-ADC0-5C83806A597A.json
2025-12-16 12:07:14,975 - INFO - Procesado exitosamente: 283B5113-C01B-46D1-A890-CD00F9A8E2F8.json
2025-12-16 12:07:14,976 - INFO - Procesado exitosamente: 2A7845F5-10D0-4D23-9137-CDE526530AFE.json
2025-12-16 12:07:14,976 - INFO - Procesado exitosamente: 397F2380-4487-4AD8-879A-8B21608BC008.json
2025-12-16 12:07:14,976 - INFO - Procesado exitosamente: 3F66EE72-42CE-429A-ADD7-479231E99B71.json
2025-12-16 12:07:14,976 - INFO - Procesado exitosamente: 43043AD5-35CE-4FCF-E064-00144FF8838D.json
2025-12-16 12:07:14,977 - INFO - Procesado exitosamente: 43535047-9E86-17F6-E064-00144FF8838D.json
2025-12-16 12:07:14,977 - INFO - Procesado exitosamente: 4F3DC115-3B92-4484-830F-BC316CED7AE6.json
2025-12-16 12:07:14,978 - INFO - Procesado exitosamente: 50500DA2-6BC8-4588-8F2A-36BF6F3D83A7.json
2025-12-16 12:07:14,979 - INFO - Procesado exitosamente: 5261228E-5188-4F4C-8D03-B83CB26DFF85.json
2025-12-16 12:07:14,979 - WARNING - Encoding utf-8 el archivo 61EDE671-97A2-412A-8392-8F6B44C904F2.json entró por latin-1
2025-12-16 12:07:14,980 - INFO - Procesado exitosamente: 61EDE671-97A2-412A-8392-8F6B44C904F2.json
2025-12-16 12:07:14,981 - INFO - Procesado exitosamente: 63995E65-FA18-1FD0-AEB2-808000245862.json
2025-12-16 12:07:14,981 - INFO - Procesado exitosamente: 63995E65-FA18-1FD0-AEB2-828000245863.json
2025-12-16 12:07:14,982 - INFO - Procesado exitosamente: 63995E65-FA18-1FD0-B09C-A98000246506.json
2025-12-16 12:07:14,982 - INFO - Procesado exitosamente: 63995E65-FA18-1FD0-B09C-AE8000246507.json
2025-12-16 12:07:14,983 - INFO - Procesado exitosamente: 63995E65-FA18-1FD0-B09C-B28000246508.json
2025-12-16 12:07:14,984 - INFO - Procesado exitosamente: 63995E65-FA18-1FD0-B1B0-E68000246623.json
2025-12-16 12:07:14,984 - INFO - Procesado exitosamente: 63995E65-FA18-1FD0-B1B1-C68000246695.json
2025-12-16 12:07:14,985 - INFO - Procesado exitosamente: 63995E65-FA18-1FD0-B393-538000247174.json
2025-12-16 12:07:14,985 - INFO - Procesado exitosamente: 63995E65-FA18-1FD0-B393-568000247175.json
2025-12-16 12:07:14,986 - INFO - Procesado exitosamente: 63995E65-FA18-1FD0-B395-6B8000247295.json
2025-12-16 12:07:14,986 - INFO - Procesado exitosamente: 63995E65-FA18-1FD0-B395-6E8000247296.json
2025-12-16 12:07:14,987 - INFO - Procesado exitosamente: 63995E65-FA18-1FD0-B395-708000247297.json
2025-12-16 12:07:14,987 - INFO - Procesado exitosamente: 63995E65-FA18-1FD0-B395-738000247298.json
2025-12-16 12:07:14,988 - INFO - Procesado exitosamente: 63995E65-FA18-1FD0-B395-758000247299.json
2025-12-16 12:07:14,988 - WARNING - Encoding utf-8 el archivo 6B473887-EE07-45F0-B6D3-12DF19C9B934.json entró por latin-1
2025-12-16 12:07:14,989 - INFO - Procesado exitosamente: 6B473887-EE07-45F0-B6D3-12DF19C9B934.json
2025-12-16 12:07:14,989 - INFO - Procesado exitosamente: 6F3EC5DD-FE11-4A56-ABF8-5052DDFAADDD.json
2025-12-16 12:07:14,990 - WARNING - Encoding utf-8 el archivo 70F448C6-F7DF-415F-A3FE-C737208057E8.json entró por latin-1
2025-12-16 12:07:14,990 - INFO - Procesado exitosamente: 70F448C6-F7DF-415F-A3FE-C737208057E8.json
2025-12-16 12:07:14,990 - WARNING - Encoding utf-8 el archivo 7146F7AD-C19D-4A89-90C4-BEFC70AE03CA.json entró por latin-1
2025-12-16 12:07:14,991 - INFO - Procesado exitosamente: 7146F7AD-C19D-4A89-90C4-BEFC70AE03CA.json
2025-12-16 12:07:14,991 - INFO - Procesado exitosamente: 71954747-81F4-4FBE-BF8F-4B8B171FECF1.json
2025-12-16 12:07:14,992 - INFO - Procesado exitosamente: 79157784-11AD-4903-B5F6-EB9A39E20377.json
2025-12-16 12:07:14,993 - INFO - Procesado exitosamente: 7D41829A-DE48-4C50-9030-B192AF151C77.json
2025-12-16 12:07:14,993 - INFO - Procesado exitosamente: 80A7EEC7-577E-4D91-8401-2689379D89C4.json
2025-12-16 12:07:14,994 - INFO - Procesado exitosamente: 83CF9CF3-7D3A-4352-B3BA-72BCA15BF460.json
2025-12-16 12:07:14,995 - INFO - Procesado exitosamente: 86B872B3-7509-4495-9187-4279F27A1B2D.json
2025-12-16 12:07:14,995 - INFO - Procesado exitosamente: 86EFF862-3248-4FC5-B92D-16C67247A852.json
2025-12-16 12:07:14,996 - INFO - Procesado exitosamente: 888A968D-CE20-41EE-87F2-D6F70A9FB151.json
2025-12-16 12:07:14,996 - WARNING - Encoding utf-8 el archivo 889B95B5-3382-4C46-8E3F-801AA358EA71.json entró por latin-1
2025-12-16 12:07:14,997 - INFO - Procesado exitosamente: 889B95B5-3382-4C46-8E3F-801AA358EA71.json
2025-12-16 12:07:14,997 - INFO - Procesado exitosamente: 8D4912C3-3972-1FE0-B3B2-C2ACA286BCB7.json
2025-12-16 12:07:14,997 - INFO - Procesado exitosamente: 8D963F4A-24DB-43CB-A4FC-B8B129B6152F.json
2025-12-16 12:07:14,999 - INFO - Procesado exitosamente: 9C610C5D-92C9-4FE2-8C7F-578AC90854A9.json
2025-12-16 12:07:14,999 - INFO - Procesado exitosamente: A3D11227-70B9-4D40-81E5-8901ABF6A766.json
2025-12-16 12:07:15,001 - INFO - Procesado exitosamente: A46D4E64-4485-41B4-8248-152D2E98DD72.json
2025-12-16 12:07:15,001 - WARNING - Encoding utf-8 el archivo A91B7DF7-81AE-4934-9194-8B9FEC3046C5.json entró por latin-1
2025-12-16 12:07:15,002 - INFO - Procesado exitosamente: A91B7DF7-81AE-4934-9194-8B9FEC3046C5.json
2025-12-16 12:07:15,003 - INFO - Procesado exitosamente: ABF1227C-1FCA-43A4-817B-DB4D94FEAF04.json
2025-12-16 12:07:15,004 - INFO - Procesado exitosamente: AF03CD2B-9D09-4F97-80E8-7AB66E843F99.json
2025-12-16 12:07:15,005 - WARNING - Encoding utf-8 el archivo B048B404-7A75-4503-B491-A6EDFF789AD4.json entró por latin-1
2025-12-16 12:07:15,005 - INFO - Procesado exitosamente: B048B404-7A75-4503-B491-A6EDFF789AD4.json
2025-12-16 12:07:15,006 - INFO - Procesado exitosamente: B52270FA-58B8-472D-AE09-355D447A5CF2.json
2025-12-16 12:07:15,006 - INFO - Procesado exitosamente: B73C67D4-F513-4199-8329-4B1062067E81.json
2025-12-16 12:07:15,007 - WARNING - Encoding utf-8 el archivo BF2BA5D5-9582-42EC-99C8-42DB67284886.json entró por latin-1
2025-12-16 12:07:15,007 - INFO - Procesado exitosamente: BF2BA5D5-9582-42EC-99C8-42DB67284886.json
2025-12-16 12:07:15,008 - WARNING - Encoding utf-8 el archivo BFCC3EFC-4BDD-4A5E-AD2E-F50AD0D44631.json entró por latin-1
2025-12-16 12:07:15,008 - INFO - Procesado exitosamente: BFCC3EFC-4BDD-4A5E-AD2E-F50AD0D44631.json
2025-12-16 12:07:15,008 - INFO - Procesado exitosamente: C205B00E-A61F-476F-AEBE-81E97844A178.json
2025-12-16 12:07:15,009 - INFO - Procesado exitosamente: C5D598D6-0748-4E1A-B57E-4B35189EBBF4.json
2025-12-16 12:07:15,009 - INFO - Procesado exitosamente: C6E2AB93-65FA-4E40-AC6E-59AE8CC63431.json
2025-12-16 12:07:15,010 - INFO - Procesado exitosamente: CA105E91-D16E-40A5-BF95-76BF0E5A8C84.json
2025-12-16 12:07:15,010 - INFO - Procesado exitosamente: COMPRETENCION_1_JSON (2).json
2025-12-16 12:07:15,010 - WARNING - Encoding utf-8 el archivo COMPRETENCION_1_JSON (3).json entró por latin-1
2025-12-16 12:07:15,012 - INFO - Procesado exitosamente: COMPRETENCION_1_JSON (3).json
2025-12-16 12:07:15,012 - WARNING - Encoding utf-8 el archivo COMPRETENCION_1_JSON.json entró por latin-1
2025-12-16 12:07:15,013 - INFO - Procesado exitosamente: COMPRETENCION_1_JSON.json
2025-12-16 12:07:15,013 - WARNING - Encoding utf-8 el archivo COMPRETENCION_1_JSON_1.json entró por latin-1
2025-12-16 12:07:15,014 - INFO - Procesado exitosamente: COMPRETENCION_1_JSON_1.json
2025-12-16 12:07:15,014 - INFO - Procesado exitosamente: Comprobante_Electronico-2B22166E-FC8D-49C7-A20E-D0814F17C2EC.json
2025-12-16 12:07:15,015 - INFO - Procesado exitosamente: Comprobante_Electronico-F554889F-6589-4F74-9F50-B1A91EC6254C.json
2025-12-16 12:07:15,016 - INFO - Procesado exitosamente: D39DC43D-2750-460B-8EFF-ECAAB9CA66DC.json
2025-12-16 12:07:15,016 - WARNING - Encoding utf-8 el archivo D470AB26-351E-49E0-B4AE-FEB0B7EB231D.json entró por latin-1
2025-12-16 12:07:15,017 - INFO - Procesado exitosamente: D470AB26-351E-49E0-B4AE-FEB0B7EB231D.json
2025-12-16 12:07:15,017 - INFO - Procesado exitosamente: D6B39A84-23B5-407E-B820-B292D1D152A0.json
2025-12-16 12:07:15,018 - INFO - Procesado exitosamente: D9D08459-A210-4E50-B4D4-A15AF613CBD5.json
2025-12-16 12:07:15,018 - INFO - Procesado exitosamente: DA4D4B01-C7FA-4878-8DA7-A89B72DC29C6.json
2025-12-16 12:07:15,018 - INFO - Procesado exitosamente: DC7C7B8F-1405-49F7-AA31-A4AAFBC87EBE.json
2025-12-16 12:07:15,019 - INFO - Procesado exitosamente: DTE-07-M001P001-000000000000802_834D8746-25B5-4732-8190-7224DF226810.json
2025-12-16 12:07:15,019 - INFO - Procesado exitosamente: DTE-07-M001P001-000000000004701_3B4594F6-0426-4B60-993E-7ED951C0BAD1.json
2025-12-16 12:07:15,020 - INFO - Procesado exitosamente: DTE-07-M001P001-000000000004702_CC0997A7-3FBC-4900-BC44-C1F7377E1BDB.json
2025-12-16 12:07:15,020 - INFO - Procesado exitosamente: DTE-07-M001P001-000000000004703_0E4E23E4-6253-4761-B28F-90115F9D40D9.json
2025-12-16 12:07:15,021 - INFO - Procesado exitosamente: DTE-07-M001P001-000000000004704_53993390-CCA0-4527-9AF8-F3016F93CFB7.json
2025-12-16 12:07:15,021 - INFO - Procesado exitosamente: DTE-07-M001P001-000000000004735_FD8A1F21-5EB1-4BDC-A301-23872CFC7BDB.json
2025-12-16 12:07:15,021 - INFO - Procesado exitosamente: DTE-07-M001P001-000000000005630_6BB96BEE-BF95-4829-B75A-001B5623B6B3.json
2025-12-16 12:07:15,022 - ERROR - El archivo DTE-07-M001P001-202500000001680.json no es un JSON válido o está vacío.
2025-12-16 12:07:15,022 - INFO - Procesado exitosamente: DTE-07-M001P010-000000000010170-2F1B8414-99C9-4277-B970-CB1C8B14B12C-10-11-2025 025523.json
2025-12-16 12:07:15,023 - INFO - Procesado exitosamente: DTE-07-M001P010-000000000010461-9D020BB0-D298-4819-83AC-BEE2E40939CB-18-11-2025 021735.json
2025-12-16 12:07:15,023 - INFO - Procesado exitosamente: DTE-07-M001P010-000000000010550-AEFC8F20-D47A-4EE3-AF07-A6AC06B88CF8-20-11-2025 024901.json
2025-12-16 12:07:15,024 - INFO - Procesado exitosamente: DTE-07-M001P010-000000000010707-27B0CB09-4F1C-4604-8E57-795B04E582B6-25-11-2025 101502.json
2025-12-16 12:07:15,024 - INFO - Procesado exitosamente: DTE-07-M001P010-000000000010770-29029575-E3E0-4DD9-BE43-5ABCA1C0F71A-26-11-2025 022548.json
2025-12-16 12:07:15,024 - INFO - Procesado exitosamente: DTE-07-M001P010-000000000010871-359910A9-A847-4F1C-88D2-A6CF961A9E52-28-11-2025 024944.json
2025-12-16 12:07:15,025 - INFO - Procesado exitosamente: DTE-07-S003P001-000000000000106_7DA3A730-70AB-4897-BB57-D55831A9A9FC.json
2025-12-16 12:07:15,025 - INFO - Procesado exitosamente: EC2A892C-5336-49BE-832F-4D2656FA682E.json
2025-12-16 12:07:15,025 - INFO - Procesado exitosamente: EFA27456-B005-4F04-A1FD-EB72617BC038.json
2025-12-16 12:07:15,026 - INFO - Procesado exitosamente: F9EA6881-4E9A-40B9-B307-3C6213F4D3F8.json
2025-12-16 12:07:15,026 - WARNING - Encoding utf-8 el archivo factura-DTE-07-M001P001-000000000008439.json entró por latin-1
2025-12-16 12:07:15,026 - INFO - Procesado exitosamente: factura-DTE-07-M001P001-000000000008439.json
2025-12-16 12:07:15,027 - INFO - Procesado exitosamente: FC71A4F2-606A-4C12-968B-1C3F3F13E0E1.json
2025-12-16 12:07:15,027 - INFO - Procesado exitosamente: FDFD466B-597B-4483-B341-C24123BC9ED9.json
2025-12-16 12:07:15,028 - INFO - Procesado exitosamente: Retención No.4999.json
2025-12-16 12:07:18,527 - INFO - Procesado exitosamente: 0178483A-CC0C-406B-8D75-56A23E141CDF.json
2025-12-16 12:07:18,528 - INFO - Procesado exitosamente: 08C47A1E-489B-4747-96BF-BDBA13D427F9.json
2025-12-16 12:07:18,528 - INFO - Procesado exitosamente: 09C6487E-B719-434C-BBFE-CC60313942DB.json
2025-12-16 12:07:18,529 - INFO - Procesado exitosamente: 115BBDE7-2265-4FDD-8DA9-4D7FBCB8E58F.json
2025-12-16 12:07:18,529 - INFO - Procesado exitosamente: 13B5D334-13CE-48AD-AE24-7D8497D38E32.json
2025-12-16 12:07:18,530 - INFO - Procesado exitosamente: 15F0FD55-2D8D-45AC-A065-C21F98126780.json
2025-12-16 12:07:18,531 - INFO - Procesado exitosamente: 1BF1D241-813E-4BBC-9FE0-2B56E2176DC3.json
2025-12-16 12:07:18,531 - INFO - Procesado exitosamente: 1C06FFA3-07CE-4F9A-94AF-6611F75A4EA7.json
2025-12-16 12:07:18,532 - INFO - Procesado exitosamente: 1F001ABE-6976-4E68-8816-5007EF3F1651.json
2025-12-16 12:07:18,532 - INFO - Procesado exitosamente: 1P001-00000000000647006141511770020.json
2025-12-16 12:07:18,533 - INFO - Procesado exitosamente: 1P001-00000000000647106141511770020.json
2025-12-16 12:07:18,533 - INFO - Procesado exitosamente: 1P001-00000000000647306141511770020.json
2025-12-16 12:07:18,533 - INFO - Procesado exitosamente: 1P001-00000000000651006141511770020.json
2025-12-16 12:07:18,533 - INFO - Procesado exitosamente: 1P001-00000000000651306141511770020.json
2025-12-16 12:07:18,533 - INFO - Procesado exitosamente: 1P001-00000000000724406141511770020.json
2025-12-16 12:07:18,535 - INFO - Procesado exitosamente: 264724A6-8A93-4752-97A5-1AAC6AE3719B.json
2025-12-16 12:07:18,535 - INFO - Procesado exitosamente: 269A17A2-4029-4487-B494-F488358DDF5E.json
2025-12-16 12:07:18,536 - INFO - Procesado exitosamente: 27E379B7-1B83-4C64-ADC0-5C83806A597A.json
2025-12-16 12:07:18,536 - INFO - Procesado exitosamente: 283B5113-C01B-46D1-A890-CD00F9A8E2F8.json
2025-12-16 12:07:18,536 - INFO - Procesado exitosamente: 2A7845F5-10D0-4D23-9137-CDE526530AFE.json
2025-12-16 12:07:18,537 - INFO - Procesado exitosamente: 397F2380-4487-4AD8-879A-8B21608BC008.json
2025-12-16 12:07:18,537 - INFO - Procesado exitosamente: 3F66EE72-42CE-429A-ADD7-479231E99B71.json
2025-12-16 12:07:18,537 - INFO - Procesado exitosamente: 43043AD5-35CE-4FCF-E064-00144FF8838D.json
2025-12-16 12:07:18,537 - INFO - Procesado exitosamente: 43535047-9E86-17F6-E064-00144FF8838D.json
2025-12-16 12:07:18,537 - INFO - Procesado exitosamente: 4F3DC115-3B92-4484-830F-BC316CED7AE6.json
2025-12-16 12:07:18,538 - INFO - Procesado exitosamente: 50500DA2-6BC8-4588-8F2A-36BF6F3D83A7.json
2025-12-16 12:07:18,538 - INFO - Procesado exitosamente: 5261228E-5188-4F4C-8D03-B83CB26DFF85.json
2025-12-16 12:07:18,538 - WARNING - Encoding utf-8 el archivo 61EDE671-97A2-412A-8392-8F6B44C904F2.json entró por latin-1
2025-12-16 12:07:18,540 - INFO - Procesado exitosamente: 61EDE671-97A2-412A-8392-8F6B44C904F2.json
2025-12-16 12:07:18,540 - INFO - Procesado exitosamente: 63995E65-FA18-1FD0-AEB2-808000245862.json
2025-12-16 12:07:18,540 - INFO - Procesado exitosamente: 63995E65-FA18-1FD0-AEB2-828000245863.json
2025-12-16 12:07:18,541 - INFO - Procesado exitosamente: 63995E65-FA18-1FD0-B09C-A98000246506.json
2025-12-16 12:07:18,541 - INFO - Procesado exitosamente: 63995E65-FA18-1FD0-B09C-AE8000246507.json
2025-12-16 12:07:18,541 - INFO - Procesado exitosamente: 63995E65-FA18-1FD0-B09C-B28000246508.json
2025-12-16 12:07:18,542 - INFO - Procesado exitosamente: 63995E65-FA18-1FD0-B1B0-E68000246623.json
2025-12-16 12:07:18,542 - INFO - Procesado exitosamente: 63995E65-FA18-1FD0-B1B1-C68000246695.json
2025-12-16 12:07:18,542 - INFO - Procesado exitosamente: 63995E65-FA18-1FD0-B393-538000247174.json
2025-12-16 12:07:18,543 - INFO - Procesado exitosamente: 63995E65-FA18-1FD0-B393-568000247175.json
2025-12-16 12:07:18,543 - INFO - Procesado exitosamente: 63995E65-FA18-1FD0-B395-6B8000247295.json
2025-12-16 12:07:18,544 - INFO - Procesado exitosamente: 63995E65-FA18-1FD0-B395-6E8000247296.json
2025-12-16 12:07:18,544 - INFO - Procesado exitosamente: 63995E65-FA18-1FD0-B395-708000247297.json
2025-12-16 12:07:18,545 - INFO - Procesado exitosamente: 63995E65-FA18-1FD0-B395-738000247298.json
2025-12-16 12:07:18,545 - INFO - Procesado exitosamente: 63995E65-FA18-1FD0-B395-758000247299.json
2025-12-16 12:07:18,545 - WARNING - Encoding utf-8 el archivo 6B473887-EE07-45F0-B6D3-12DF19C9B934.json entró por latin-1
2025-12-16 12:07:18,546 - INFO - Procesado exitosamente: 6B473887-EE07-45F0-B6D3-12DF19C9B934.json
2025-12-16 12:07:18,547 - INFO - Procesado exitosamente: 6F3EC5DD-FE11-4A56-ABF8-5052DDFAADDD.json
2025-12-16 12:07:18,547 - WARNING - Encoding utf-8 el archivo 70F448C6-F7DF-415F-A3FE-C737208057E8.json entró por latin-1
2025-12-16 12:07:18,547 - INFO - Procesado exitosamente: 70F448C6-F7DF-415F-A3FE-C737208057E8.json
2025-12-16 12:07:18,548 - WARNING - Encoding utf-8 el archivo 7146F7AD-C19D-4A89-90C4-BEFC70AE03CA.json entró por latin-1
2025-12-16 12:07:18,548 - INFO - Procesado exitosamente: 7146F7AD-C19D-4A89-90C4-BEFC70AE03CA.json
2025-12-16 12:07:18,548 - INFO - Procesado exitosamente: 71954747-81F4-4FBE-BF8F-4B8B171FECF1.json
2025-12-16 12:07:18,549 - INFO - Procesado exitosamente: 79157784-11AD-4903-B5F6-EB9A39E20377.json
2025-12-16 12:07:18,549 - INFO - Procesado exitosamente: 7D41829A-DE48-4C50-9030-B192AF151C77.json
2025-12-16 12:07:18,550 - INFO - Procesado exitosamente: 80A7EEC7-577E-4D91-8401-2689379D89C4.json
2025-12-16 12:07:18,550 - INFO - Procesado exitosamente: 83CF9CF3-7D3A-4352-B3BA-72BCA15BF460.json
2025-12-16 12:07:18,550 - INFO - Procesado exitosamente: 86B872B3-7509-4495-9187-4279F27A1B2D.json
2025-12-16 12:07:18,551 - INFO - Procesado exitosamente: 86EFF862-3248-4FC5-B92D-16C67247A852.json
2025-12-16 12:07:18,551 - INFO - Procesado exitosamente: 888A968D-CE20-41EE-87F2-D6F70A9FB151.json
2025-12-16 12:07:18,552 - WARNING - Encoding utf-8 el archivo 889B95B5-3382-4C46-8E3F-801AA358EA71.json entró por latin-1
2025-12-16 12:07:18,552 - INFO - Procesado exitosamente: 889B95B5-3382-4C46-8E3F-801AA358EA71.json
2025-12-16 12:07:18,552 - INFO - Procesado exitosamente: 8D4912C3-3972-1FE0-B3B2-C2ACA286BCB7.json
2025-12-16 12:07:18,553 - INFO - Procesado exitosamente: 8D963F4A-24DB-43CB-A4FC-B8B129B6152F.json
2025-12-16 12:07:18,553 - INFO - Procesado exitosamente: 9C610C5D-92C9-4FE2-8C7F-578AC90854A9.json
2025-12-16 12:07:18,553 - INFO - Procesado exitosamente: A3D11227-70B9-4D40-81E5-8901ABF6A766.json
2025-12-16 12:07:18,554 - INFO - Procesado exitosamente: A46D4E64-4485-41B4-8248-152D2E98DD72.json
2025-12-16 12:07:18,554 - WARNING - Encoding utf-8 el archivo A91B7DF7-81AE-4934-9194-8B9FEC3046C5.json entró por latin-1
2025-12-16 12:07:18,554 - INFO - Procesado exitosamente: A91B7DF7-81AE-4934-9194-8B9FEC3046C5.json
2025-12-16 12:07:18,555 - INFO - Procesado exitosamente: ABF1227C-1FCA-43A4-817B-DB4D94FEAF04.json
2025-12-16 12:07:18,555 - INFO - Procesado exitosamente: AF03CD2B-9D09-4F97-80E8-7AB66E843F99.json
2025-12-16 12:07:18,555 - WARNING - Encoding utf-8 el archivo B048B404-7A75-4503-B491-A6EDFF789AD4.json entró por latin-1
2025-12-16 12:07:18,555 - INFO - Procesado exitosamente: B048B404-7A75-4503-B491-A6EDFF789AD4.json
2025-12-16 12:07:18,556 - INFO - Procesado exitosamente: B52270FA-58B8-472D-AE09-355D447A5CF2.json
2025-12-16 12:07:18,556 - INFO - Procesado exitosamente: B73C67D4-F513-4199-8329-4B1062067E81.json
2025-12-16 12:07:18,556 - WARNING - Encoding utf-8 el archivo BF2BA5D5-9582-42EC-99C8-42DB67284886.json entró por latin-1
2025-12-16 12:07:18,557 - INFO - Procesado exitosamente: BF2BA5D5-9582-42EC-99C8-42DB67284886.json
2025-12-16 12:07:18,557 - WARNING - Encoding utf-8 el archivo BFCC3EFC-4BDD-4A5E-AD2E-F50AD0D44631.json entró por latin-1
2025-12-16 12:07:18,557 - INFO - Procesado exitosamente: BFCC3EFC-4BDD-4A5E-AD2E-F50AD0D44631.json
2025-12-16 12:07:18,558 - INFO - Procesado exitosamente: C205B00E-A61F-476F-AEBE-81E97844A178.json
2025-12-16 12:07:18,558 - INFO - Procesado exitosamente: C5D598D6-0748-4E1A-B57E-4B35189EBBF4.json
2025-12-16 12:07:18,558 - INFO - Procesado exitosamente: C6E2AB93-65FA-4E40-AC6E-59AE8CC63431.json
2025-12-16 12:07:18,559 - INFO - Procesado exitosamente: CA105E91-D16E-40A5-BF95-76BF0E5A8C84.json
2025-12-16 12:07:18,559 - INFO - Procesado exitosamente: COMPRETENCION_1_JSON (2).json
2025-12-16 12:07:18,559 - WARNING - Encoding utf-8 el archivo COMPRETENCION_1_JSON (3).json entró por latin-1
2025-12-16 12:07:18,560 - INFO - Procesado exitosamente: COMPRETENCION_1_JSON (3).json
2025-12-16 12:07:18,560 - WARNING - Encoding utf-8 el archivo COMPRETENCION_1_JSON.json entró por latin-1
2025-12-16 12:07:18,561 - INFO - Procesado exitosamente: COMPRETENCION_1_JSON.json
2025-12-16 12:07:18,561 - WARNING - Encoding utf-8 el archivo COMPRETENCION_1_JSON_1.json entró por latin-1
2025-12-16 12:07:18,561 - INFO - Procesado exitosamente: COMPRETENCION_1_JSON_1.json
2025-12-16 12:07:18,562 - INFO - Procesado exitosamente: Comprobante_Electronico-2B22166E-FC8D-49C7-A20E-D0814F17C2EC.json
2025-12-16 12:07:18,562 - INFO - Procesado exitosamente: Comprobante_Electronico-F554889F-6589-4F74-9F50-B1A91EC6254C.json
2025-12-16 12:07:18,563 - INFO - Procesado exitosamente: D39DC43D-2750-460B-8EFF-ECAAB9CA66DC.json
2025-12-16 12:07:18,563 - WARNING - Encoding utf-8 el archivo D470AB26-351E-49E0-B4AE-FEB0B7EB231D.json entró por latin-1
2025-12-16 12:07:18,564 - INFO - Procesado exitosamente: D470AB26-351E-49E0-B4AE-FEB0B7EB231D.json
2025-12-16 12:07:18,565 - INFO - Procesado exitosamente: D6B39A84-23B5-407E-B820-B292D1D152A0.json
2025-12-16 12:07:18,565 - INFO - Procesado exitosamente: D9D08459-A210-4E50-B4D4-A15AF613CBD5.json
2025-12-16 12:07:18,566 - INFO - Procesado exitosamente: DA4D4B01-C7FA-4878-8DA7-A89B72DC29C6.json
2025-12-16 12:07:18,566 - INFO - Procesado exitosamente: DC7C7B8F-1405-49F7-AA31-A4AAFBC87EBE.json
2025-12-16 12:07:18,566 - INFO - Procesado exitosamente: DTE-07-M001P001-000000000000802_834D8746-25B5-4732-8190-7224DF226810.json
2025-12-16 12:07:18,567 - INFO - Procesado exitosamente: DTE-07-M001P001-000000000004701_3B4594F6-0426-4B60-993E-7ED951C0BAD1.json
2025-12-16 12:07:18,567 - INFO - Procesado exitosamente: DTE-07-M001P001-000000000004702_CC0997A7-3FBC-4900-BC44-C1F7377E1BDB.json
2025-12-16 12:07:18,567 - INFO - Procesado exitosamente: DTE-07-M001P001-000000000004703_0E4E23E4-6253-4761-B28F-90115F9D40D9.json
2025-12-16 12:07:18,568 - INFO - Procesado exitosamente: DTE-07-M001P001-000000000004704_53993390-CCA0-4527-9AF8-F3016F93CFB7.json
2025-12-16 12:07:18,569 - INFO - Procesado exitosamente: DTE-07-M001P001-000000000004735_FD8A1F21-5EB1-4BDC-A301-23872CFC7BDB.json
2025-12-16 12:07:18,569 - INFO - Procesado exitosamente: DTE-07-M001P001-000000000005630_6BB96BEE-BF95-4829-B75A-001B5623B6B3.json
2025-12-16 12:07:18,569 - ERROR - El archivo DTE-07-M001P001-202500000001680.json no es un JSON válido o está vacío.
2025-12-16 12:07:18,570 - INFO - Procesado exitosamente: DTE-07-M001P010-000000000010170-2F1B8414-99C9-4277-B970-CB1C8B14B12C-10-11-2025 025523.json
2025-12-16 12:07:18,570 - INFO - Procesado exitosamente: DTE-07-M001P010-000000000010461-9D020BB0-D298-4819-83AC-BEE2E40939CB-18-11-2025 021735.json
2025-12-16 12:07:18,571 - INFO - Procesado exitosamente: DTE-07-M001P010-000000000010550-AEFC8F20-D47A-4EE3-AF07-A6AC06B88CF8-20-11-2025 024901.json
2025-12-16 12:07:18,571 - INFO - Procesado exitosamente: DTE-07-M001P010-000000000010707-27B0CB09-4F1C-4604-8E57-795B04E582B6-25-11-2025 101502.json
2025-12-16 12:07:18,571 - INFO - Procesado exitosamente: DTE-07-M001P010-000000000010770-29029575-E3E0-4DD9-BE43-5ABCA1C0F71A-26-11-2025 022548.json
2025-12-16 12:07:18,572 - INFO - Procesado exitosamente: DTE-07-M001P010-000000000010871-359910A9-A847-4F1C-88D2-A6CF961A9E52-28-11-2025 024944.json
2025-12-16 12:07:18,572 - INFO - Procesado exitosamente: DTE-07-S003P001-000000000000106_7DA3A730-70AB-4897-BB57-D55831A9A9FC.json
2025-12-16 12:07:18,573 - INFO - Procesado exitosamente: EC2A892C-5336-49BE-832F-4D2656FA682E.json
2025-12-16 12:07:18,573 - INFO - Procesado exitosamente: EFA27456-B005-4F04-A1FD-EB72617BC038.json
2025-12-16 12:07:18,574 - INFO - Procesado exitosamente: F9EA6881-4E9A-40B9-B307-3C6213F4D3F8.json
2025-12-16 12:07:18,574 - WARNING - Encoding utf-8 el archivo factura-DTE-07-M001P001-000000000008439.json entró por latin-1
2025-12-16 12:07:18,575 - INFO - Procesado exitosamente: factura-DTE-07-M001P001-000000000008439.json
2025-12-16 12:07:18,575 - INFO - Procesado exitosamente: FC71A4F2-606A-4C12-968B-1C3F3F13E0E1.json
2025-12-16 12:07:18,576 - INFO - Procesado exitosamente: FDFD466B-597B-4483-B341-C24123BC9ED9.json
2025-12-16 12:07:18,576 - INFO - Procesado exitosamente: Retención No.4999.json
2025-12-16 13:54:57,089 - ERROR - Error inesperado procesando el archivo 0178483A-CC0C-406B-8D75-56A23E141CDF.json
Traceback (most recent call last):
  File "c:\Users\gcampos\OneDrive\Development\Json-Me\p_manual.py", line 128, in <module>
    "Cuerpo del documento": cuerpo_documento(data)
                            ^^^^^^^^^^^^^^^^
NameError: name 'cuerpo_documento' is not defined
2025-12-16 13:54:57,115 - ERROR - Error inesperado procesando el archivo 08C47A1E-489B-4747-96BF-BDBA13D427F9.json
Traceback (most recent call last):
  File "c:\Users\gcampos\OneDrive\Development\Json-Me\p_manual.py", line 128, in <module>
    "Cuerpo del documento": cuerpo_documento(data)
                            ^^^^^^^^^^^^^^^^
NameError: name 'cuerpo_documento' is not defined
2025-12-16 13:54:57,133 - ERROR - Error inesperado procesando el archivo 09C6487E-B719-434C-BBFE-CC60313942DB.json
Traceback (most recent call last):
  File "c:\Users\gcampos\OneDrive\Development\Json-Me\p_manual.py", line 128, in <module>
    "Cuerpo del documento": cuerpo_documento(data)
                            ^^^^^^^^^^^^^^^^
NameError: name 'cuerpo_documento' is not defined
2025-12-16 13:54:57,161 - ERROR - Error inesperado procesando el archivo 115BBDE7-2265-4FDD-8DA9-4D7FBCB8E58F.json
Traceback (most recent call last):
  File "c:\Users\gcampos\OneDrive\Development\Json-Me\p_manual.py", line 128, in <module>
    "Cuerpo del documento": cuerpo_documento(data)
                            ^^^^^^^^^^^^^^^^
NameError: name 'cuerpo_documento' is not defined
2025-12-16 13:54:57,176 - ERROR - Error inesperado procesando el archivo 13B5D334-13CE-48AD-AE24-7D8497D38E32.json
Traceback (most recent call last):
  File "c:\Users\gcampos\OneDrive\Development\Json-Me\p_manual.py", line 128, in <module>
    "Cuerpo del documento": cuerpo_documento(data)
                            ^^^^^^^^^^^^^^^^
NameError: name 'cuerpo_documento' is not defined
2025-12-16 13:54:57,204 - ERROR - Error inesperado procesando el archivo 15F0FD55-2D8D-45AC-A065-C21F98126780.json
Traceback (most recent call last):
  File "c:\Users\gcampos\OneDrive\Development\Json-Me\p_manual.py", line 128, in <module>
    "Cuerpo del documento": cuerpo_documento(data)
                            ^^^^^^^^^^^^^^^^
NameError: name 'cuerpo_documento' is not defined
2025-12-16 13:54:57,216 - ERROR - Error inesperado procesando el archivo 1BF1D241-813E-4BBC-9FE0-2B56E2176DC3.json
Traceback (most recent call last):
  File "c:\Users\gcampos\OneDrive\Development\Json-Me\p_manual.py", line 128, in <module>
    "Cuerpo del documento": cuerpo_documento(data)
                            ^^^^^^^^^^^^^^^^
NameError: name 'cuerpo_documento' is not defined
2025-12-16 13:54:57,228 - ERROR - Error inesperado procesando el archivo 1C06FFA3-07CE-4F9A-94AF-6611F75A4EA7.json
Traceback (most recent call last):
  File "c:\Users\gcampos\OneDrive\Development\Json-Me\p_manual.py", line 128, in <module>
    "Cuerpo del documento": cuerpo_documento(data)
                            ^^^^^^^^^^^^^^^^
NameError: name 'cuerpo_documento' is not defined
2025-12-16 13:54:57,239 - ERROR - Error inesperado procesando el archivo 1F001ABE-6976-4E68-8816-5007EF3F1651.json
Traceback (most recent call last):
  File "c:\Users\gcampos\OneDrive\Development\Json-Me\p_manual.py", line 128, in <module>
    "Cuerpo del documento": cuerpo_documento(data)
                            ^^^^^^^^^^^^^^^^
NameError: name 'cuerpo_documento' is not defined
2025-12-16 13:54:57,250 - ERROR - Error inesperado procesando el archivo 1P001-00000000000647006141511770020.json
Traceback (most recent call last):
  File "c:\Users\gcampos\OneDrive\Development\Json-Me\p_manual.py", line 128, in <module>
    "Cuerpo del documento": cuerpo_documento(data)
                            ^^^^^^^^^^^^^^^^
NameError: name 'cuerpo_documento' is not defined
2025-12-16 13:54:57,261 - ERROR - Error inesperado procesando el archivo 1P001-00000000000647106141511770020.json
Traceback (most recent call last):
  File "c:\Users\gcampos\OneDrive\Development\Json-Me\p_manual.py", line 128, in <module>
    "Cuerpo del documento": cuerpo_documento(data)
                            ^^^^^^^^^^^^^^^^
NameError: name 'cuerpo_documento' is not defined
2025-12-16 13:54:57,271 - ERROR - Error inesperado procesando el archivo 1P001-00000000000647306141511770020.json
Traceback (most recent call last):
  File "c:\Users\gcampos\OneDrive\Development\Json-Me\p_manual.py", line 128, in <module>
    "Cuerpo del documento": cuerpo_documento(data)
                            ^^^^^^^^^^^^^^^^
NameError: name 'cuerpo_documento' is not defined
2025-12-16 13:54:57,282 - ERROR - Error inesperado procesando el archivo 1P001-00000000000651006141511770020.json
Traceback (most recent call last):
  File "c:\Users\gcampos\OneDrive\Development\Json-Me\p_manual.py", line 128, in <module>
    "Cuerpo del documento": cuerpo_documento(data)
                            ^^^^^^^^^^^^^^^^
NameError: name 'cuerpo_documento' is not defined
2025-12-16 13:54:57,291 - ERROR - Error inesperado procesando el archivo 1P001-00000000000651306141511770020.json
Traceback (most recent call last):
  File "c:\Users\gcampos\OneDrive\Development\Json-Me\p_manual.py", line 128, in <module>
    "Cuerpo del documento": cuerpo_documento(data)
                            ^^^^^^^^^^^^^^^^
NameError: name 'cuerpo_documento' is not defined
2025-12-16 13:54:57,302 - ERROR - Error inesperado procesando el archivo 1P001-00000000000724406141511770020.json
Traceback (most recent call last):
  File "c:\Users\gcampos\OneDrive\Development\Json-Me\p_manual.py", line 128, in <module>
    "Cuerpo del documento": cuerpo_documento(data)
                            ^^^^^^^^^^^^^^^^
NameError: name 'cuerpo_documento' is not defined
2025-12-16 13:54:57,312 - ERROR - Error inesperado procesando el archivo 264724A6-8A93-4752-97A5-1AAC6AE3719B.json
Traceback (most recent call last):
  File "c:\Users\gcampos\OneDrive\Development\Json-Me\p_manual.py", line 128, in <module>
    "Cuerpo del documento": cuerpo_documento(data)
                            ^^^^^^^^^^^^^^^^
NameError: name 'cuerpo_documento' is not defined
2025-12-16 13:54:57,326 - ERROR - Error inesperado procesando el archivo 269A17A2-4029-4487-B494-F488358DDF5E.json
Traceback (most recent call last):
  File "c:\Users\gcampos\OneDrive\Development\Json-Me\p_manual.py", line 128, in <module>
    "Cuerpo del documento": cuerpo_documento(data)
                            ^^^^^^^^^^^^^^^^
NameError: name 'cuerpo_documento' is not defined
2025-12-16 13:54:57,337 - ERROR - Error inesperado procesando el archivo 27E379B7-1B83-4C64-ADC0-5C83806A597A.json
Traceback (most recent call last):
  File "c:\Users\gcampos\OneDrive\Development\Json-Me\p_manual.py", line 128, in <module>
    "Cuerpo del documento": cuerpo_documento(data)
                            ^^^^^^^^^^^^^^^^
NameError: name 'cuerpo_documento' is not defined
2025-12-16 13:54:57,349 - ERROR - Error inesperado procesando el archivo 283B5113-C01B-46D1-A890-CD00F9A8E2F8.json
Traceback (most recent call last):
  File "c:\Users\gcampos\OneDrive\Development\Json-Me\p_manual.py", line 128, in <module>
    "Cuerpo del documento": cuerpo_documento(data)
                            ^^^^^^^^^^^^^^^^
NameError: name 'cuerpo_documento' is not defined
2025-12-16 13:54:57,357 - ERROR - Error inesperado procesando el archivo 2A7845F5-10D0-4D23-9137-CDE526530AFE.json
Traceback (most recent call last):
  File "c:\Users\gcampos\OneDrive\Development\Json-Me\p_manual.py", line 128, in <module>
    "Cuerpo del documento": cuerpo_documento(data)
                            ^^^^^^^^^^^^^^^^
NameError: name 'cuerpo_documento' is not defined
2025-12-16 13:54:57,365 - ERROR - Error inesperado procesando el archivo 397F2380-4487-4AD8-879A-8B21608BC008.json
Traceback (most recent call last):
  File "c:\Users\gcampos\OneDrive\Development\Json-Me\p_manual.py", line 128, in <module>
    "Cuerpo del documento": cuerpo_documento(data)
                            ^^^^^^^^^^^^^^^^
NameError: name 'cuerpo_documento' is not defined
2025-12-16 13:54:57,372 - ERROR - Error inesperado procesando el archivo 3F66EE72-42CE-429A-ADD7-479231E99B71.json
Traceback (most recent call last):
  File "c:\Users\gcampos\OneDrive\Development\Json-Me\p_manual.py", line 128, in <module>
    "Cuerpo del documento": cuerpo_documento(data)
                            ^^^^^^^^^^^^^^^^
NameError: name 'cuerpo_documento' is not defined
2025-12-16 13:54:57,398 - ERROR - Error inesperado procesando el archivo 43043AD5-35CE-4FCF-E064-00144FF8838D.json
Traceback (most recent call last):
  File "c:\Users\gcampos\OneDrive\Development\Json-Me\p_manual.py", line 128, in <module>
    "Cuerpo del documento": cuerpo_documento(data)
                            ^^^^^^^^^^^^^^^^
NameError: name 'cuerpo_documento' is not defined
2025-12-16 13:54:57,414 - ERROR - Error inesperado procesando el archivo 43535047-9E86-17F6-E064-00144FF8838D.json
Traceback (most recent call last):
  File "c:\Users\gcampos\OneDrive\Development\Json-Me\p_manual.py", line 128, in <module>
    "Cuerpo del documento": cuerpo_documento(data)
                            ^^^^^^^^^^^^^^^^
NameError: name 'cuerpo_documento' is not defined
2025-12-16 13:54:57,438 - ERROR - Error inesperado procesando el archivo 4F3DC115-3B92-4484-830F-BC316CED7AE6.json
Traceback (most recent call last):
  File "c:\Users\gcampos\OneDrive\Development\Json-Me\p_manual.py", line 128, in <module>
    "Cuerpo del documento": cuerpo_documento(data)
                            ^^^^^^^^^^^^^^^^
NameError: name 'cuerpo_documento' is not defined
2025-12-16 13:54:57,444 - ERROR - Error inesperado procesando el archivo 50500DA2-6BC8-4588-8F2A-36BF6F3D83A7.json
Traceback (most recent call last):
  File "c:\Users\gcampos\OneDrive\Development\Json-Me\p_manual.py", line 128, in <module>
    "Cuerpo del documento": cuerpo_documento(data)
                            ^^^^^^^^^^^^^^^^
NameError: name 'cuerpo_documento' is not defined
2025-12-16 13:54:57,446 - ERROR - Error inesperado procesando el archivo 5261228E-5188-4F4C-8D03-B83CB26DFF85.json
Traceback (most recent call last):
  File "c:\Users\gcampos\OneDrive\Development\Json-Me\p_manual.py", line 128, in <module>
    "Cuerpo del documento": cuerpo_documento(data)
                            ^^^^^^^^^^^^^^^^
NameError: name 'cuerpo_documento' is not defined
2025-12-16 13:54:57,457 - WARNING - Encoding utf-8 el archivo 61EDE671-97A2-412A-8392-8F6B44C904F2.json entró por latin-1
2025-12-16 13:54:57,458 - ERROR - Error inesperado procesando el archivo 61EDE671-97A2-412A-8392-8F6B44C904F2.json
Traceback (most recent call last):
  File "c:\Users\gcampos\OneDrive\Development\Json-Me\p_manual.py", line 128, in <module>
    "Cuerpo del documento": cuerpo_documento(data)
                            ^^^^^^^^^^^^^^^^
NameError: name 'cuerpo_documento' is not defined
2025-12-16 13:54:57,464 - ERROR - Error inesperado procesando el archivo 63995E65-FA18-1FD0-AEB2-808000245862.json
Traceback (most recent call last):
  File "c:\Users\gcampos\OneDrive\Development\Json-Me\p_manual.py", line 128, in <module>
    "Cuerpo del documento": cuerpo_documento(data)
                            ^^^^^^^^^^^^^^^^
NameError: name 'cuerpo_documento' is not defined
2025-12-16 13:54:57,470 - ERROR - Error inesperado procesando el archivo 63995E65-FA18-1FD0-AEB2-828000245863.json
Traceback (most recent call last):
  File "c:\Users\gcampos\OneDrive\Development\Json-Me\p_manual.py", line 128, in <module>
    "Cuerpo del documento": cuerpo_documento(data)
                            ^^^^^^^^^^^^^^^^
NameError: name 'cuerpo_documento' is not defined
2025-12-16 13:54:57,475 - ERROR - Error inesperado procesando el archivo 63995E65-FA18-1FD0-B09C-A98000246506.json
Traceback (most recent call last):
  File "c:\Users\gcampos\OneDrive\Development\Json-Me\p_manual.py", line 128, in <module>
    "Cuerpo del documento": cuerpo_documento(data)
                            ^^^^^^^^^^^^^^^^
NameError: name 'cuerpo_documento' is not defined
2025-12-16 13:54:57,481 - ERROR - Error inesperado procesando el archivo 63995E65-FA18-1FD0-B09C-AE8000246507.json
Traceback (most recent call last):
  File "c:\Users\gcampos\OneDrive\Development\Json-Me\p_manual.py", line 128, in <module>
    "Cuerpo del documento": cuerpo_documento(data)
                            ^^^^^^^^^^^^^^^^
NameError: name 'cuerpo_documento' is not defined
2025-12-16 13:54:57,488 - ERROR - Error inesperado procesando el archivo 63995E65-FA18-1FD0-B09C-B28000246508.json
Traceback (most recent call last):
  File "c:\Users\gcampos\OneDrive\Development\Json-Me\p_manual.py", line 128, in <module>
    "Cuerpo del documento": cuerpo_documento(data)
                            ^^^^^^^^^^^^^^^^
NameError: name 'cuerpo_documento' is not defined
2025-12-16 13:54:57,488 - ERROR - Error inesperado procesando el archivo 63995E65-FA18-1FD0-B1B0-E68000246623.json
Traceback (most recent call last):
  File "c:\Users\gcampos\OneDrive\Development\Json-Me\p_manual.py", line 128, in <module>
    "Cuerpo del documento": cuerpo_documento(data)
                            ^^^^^^^^^^^^^^^^
NameError: name 'cuerpo_documento' is not defined
2025-12-16 13:54:57,488 - ERROR - Error inesperado procesando el archivo 63995E65-FA18-1FD0-B1B1-C68000246695.json
Traceback (most recent call last):
  File "c:\Users\gcampos\OneDrive\Development\Json-Me\p_manual.py", line 128, in <module>
    "Cuerpo del documento": cuerpo_documento(data)
                            ^^^^^^^^^^^^^^^^
NameError: name 'cuerpo_documento' is not defined
2025-12-16 13:54:57,504 - ERROR - Error inesperado procesando el archivo 63995E65-FA18-1FD0-B393-538000247174.json
Traceback (most recent call last):
  File "c:\Users\gcampos\OneDrive\Development\Json-Me\p_manual.py", line 128, in <module>
    "Cuerpo del documento": cuerpo_documento(data)
                            ^^^^^^^^^^^^^^^^
NameError: name 'cuerpo_documento' is not defined
2025-12-16 13:54:57,508 - ERROR - Error inesperado procesando el archivo 63995E65-FA18-1FD0-B393-568000247175.json
Traceback (most recent call last):
  File "c:\Users\gcampos\OneDrive\Development\Json-Me\p_manual.py", line 128, in <module>
    "Cuerpo del documento": cuerpo_documento(data)
                            ^^^^^^^^^^^^^^^^
NameError: name 'cuerpo_documento' is not defined
2025-12-16 13:54:57,508 - ERROR - Error inesperado procesando el archivo 63995E65-FA18-1FD0-B395-6B8000247295.json
Traceback (most recent call last):
  File "c:\Users\gcampos\OneDrive\Development\Json-Me\p_manual.py", line 128, in <module>
    "Cuerpo del documento": cuerpo_documento(data)
                            ^^^^^^^^^^^^^^^^
NameError: name 'cuerpo_documento' is not defined
2025-12-16 13:54:57,521 - ERROR - Error inesperado procesando el archivo 63995E65-FA18-1FD0-B395-6E8000247296.json
Traceback (most recent call last):
  File "c:\Users\gcampos\OneDrive\Development\Json-Me\p_manual.py", line 128, in <module>
    "Cuerpo del documento": cuerpo_documento(data)
                            ^^^^^^^^^^^^^^^^
NameError: name 'cuerpo_documento' is not defined
2025-12-16 13:54:57,521 - ERROR - Error inesperado procesando el archivo 63995E65-FA18-1FD0-B395-708000247297.json
Traceback (most recent call last):
  File "c:\Users\gcampos\OneDrive\Development\Json-Me\p_manual.py", line 128, in <module>
    "Cuerpo del documento": cuerpo_documento(data)
                            ^^^^^^^^^^^^^^^^
NameError: name 'cuerpo_documento' is not defined
2025-12-16 13:54:57,521 - ERROR - Error inesperado procesando el archivo 63995E65-FA18-1FD0-B395-738000247298.json
Traceback (most recent call last):
  File "c:\Users\gcampos\OneDrive\Development\Json-Me\p_manual.py", line 128, in <module>
    "Cuerpo del documento": cuerpo_documento(data)
                            ^^^^^^^^^^^^^^^^
NameError: name 'cuerpo_documento' is not defined
2025-12-16 13:54:57,536 - ERROR - Error inesperado procesando el archivo 63995E65-FA18-1FD0-B395-758000247299.json
Traceback (most recent call last):
  File "c:\Users\gcampos\OneDrive\Development\Json-Me\p_manual.py", line 128, in <module>
    "Cuerpo del documento": cuerpo_documento(data)
                            ^^^^^^^^^^^^^^^^
NameError: name 'cuerpo_documento' is not defined
2025-12-16 13:54:57,541 - WARNING - Encoding utf-8 el archivo 6B473887-EE07-45F0-B6D3-12DF19C9B934.json entró por latin-1
2025-12-16 13:54:57,541 - ERROR - Error inesperado procesando el archivo 6B473887-EE07-45F0-B6D3-12DF19C9B934.json
Traceback (most recent call last):
  File "c:\Users\gcampos\OneDrive\Development\Json-Me\p_manual.py", line 128, in <module>
    "Cuerpo del documento": cuerpo_documento(data)
                            ^^^^^^^^^^^^^^^^
NameError: name 'cuerpo_documento' is not defined
2025-12-16 13:54:57,541 - ERROR - Error inesperado procesando el archivo 6F3EC5DD-FE11-4A56-ABF8-5052DDFAADDD.json
Traceback (most recent call last):
  File "c:\Users\gcampos\OneDrive\Development\Json-Me\p_manual.py", line 128, in <module>
    "Cuerpo del documento": cuerpo_documento(data)
                            ^^^^^^^^^^^^^^^^
NameError: name 'cuerpo_documento' is not defined
2025-12-16 13:54:57,553 - WARNING - Encoding utf-8 el archivo 70F448C6-F7DF-415F-A3FE-C737208057E8.json entró por latin-1
2025-12-16 13:54:57,553 - ERROR - Error inesperado procesando el archivo 70F448C6-F7DF-415F-A3FE-C737208057E8.json
Traceback (most recent call last):
  File "c:\Users\gcampos\OneDrive\Development\Json-Me\p_manual.py", line 128, in <module>
    "Cuerpo del documento": cuerpo_documento(data)
                            ^^^^^^^^^^^^^^^^
NameError: name 'cuerpo_documento' is not defined
2025-12-16 13:54:57,554 - WARNING - Encoding utf-8 el archivo 7146F7AD-C19D-4A89-90C4-BEFC70AE03CA.json entró por latin-1
2025-12-16 13:54:57,554 - ERROR - Error inesperado procesando el archivo 7146F7AD-C19D-4A89-90C4-BEFC70AE03CA.json
Traceback (most recent call last):
  File "c:\Users\gcampos\OneDrive\Development\Json-Me\p_manual.py", line 128, in <module>
    "Cuerpo del documento": cuerpo_documento(data)
                            ^^^^^^^^^^^^^^^^
NameError: name 'cuerpo_documento' is not defined
2025-12-16 13:54:57,562 - ERROR - Error inesperado procesando el archivo 71954747-81F4-4FBE-BF8F-4B8B171FECF1.json
Traceback (most recent call last):
  File "c:\Users\gcampos\OneDrive\Development\Json-Me\p_manual.py", line 128, in <module>
    "Cuerpo del documento": cuerpo_documento(data)
                            ^^^^^^^^^^^^^^^^
NameError: name 'cuerpo_documento' is not defined
2025-12-16 13:54:57,570 - ERROR - Error inesperado procesando el archivo 79157784-11AD-4903-B5F6-EB9A39E20377.json
Traceback (most recent call last):
  File "c:\Users\gcampos\OneDrive\Development\Json-Me\p_manual.py", line 128, in <module>
    "Cuerpo del documento": cuerpo_documento(data)
                            ^^^^^^^^^^^^^^^^
NameError: name 'cuerpo_documento' is not defined
2025-12-16 13:54:57,575 - ERROR - Error inesperado procesando el archivo 7D41829A-DE48-4C50-9030-B192AF151C77.json
Traceback (most recent call last):
  File "c:\Users\gcampos\OneDrive\Development\Json-Me\p_manual.py", line 128, in <module>
    "Cuerpo del documento": cuerpo_documento(data)
                            ^^^^^^^^^^^^^^^^
NameError: name 'cuerpo_documento' is not defined
2025-12-16 13:54:57,575 - ERROR - Error inesperado procesando el archivo 80A7EEC7-577E-4D91-8401-2689379D89C4.json
Traceback (most recent call last):
  File "c:\Users\gcampos\OneDrive\Development\Json-Me\p_manual.py", line 128, in <module>
    "Cuerpo del documento": cuerpo_documento(data)
                            ^^^^^^^^^^^^^^^^
NameError: name 'cuerpo_documento' is not defined
2025-12-16 13:54:57,575 - ERROR - Error inesperado procesando el archivo 83CF9CF3-7D3A-4352-B3BA-72BCA15BF460.json
Traceback (most recent call last):
  File "c:\Users\gcampos\OneDrive\Development\Json-Me\p_manual.py", line 128, in <module>
    "Cuerpo del documento": cuerpo_documento(data)
                            ^^^^^^^^^^^^^^^^
NameError: name 'cuerpo_documento' is not defined
2025-12-16 13:54:57,587 - ERROR - Error inesperado procesando el archivo 86B872B3-7509-4495-9187-4279F27A1B2D.json
Traceback (most recent call last):
  File "c:\Users\gcampos\OneDrive\Development\Json-Me\p_manual.py", line 128, in <module>
    "Cuerpo del documento": cuerpo_documento(data)
                            ^^^^^^^^^^^^^^^^
NameError: name 'cuerpo_documento' is not defined
2025-12-16 13:54:57,592 - ERROR - Error inesperado procesando el archivo 86EFF862-3248-4FC5-B92D-16C67247A852.json
Traceback (most recent call last):
  File "c:\Users\gcampos\OneDrive\Development\Json-Me\p_manual.py", line 128, in <module>
    "Cuerpo del documento": cuerpo_documento(data)
                            ^^^^^^^^^^^^^^^^
NameError: name 'cuerpo_documento' is not defined
2025-12-16 13:54:57,604 - ERROR - Error inesperado procesando el archivo 888A968D-CE20-41EE-87F2-D6F70A9FB151.json
Traceback (most recent call last):
  File "c:\Users\gcampos\OneDrive\Development\Json-Me\p_manual.py", line 128, in <module>
    "Cuerpo del documento": cuerpo_documento(data)
                            ^^^^^^^^^^^^^^^^
NameError: name 'cuerpo_documento' is not defined
2025-12-16 13:54:57,614 - WARNING - Encoding utf-8 el archivo 889B95B5-3382-4C46-8E3F-801AA358EA71.json entró por latin-1
2025-12-16 13:54:57,614 - ERROR - Error inesperado procesando el archivo 889B95B5-3382-4C46-8E3F-801AA358EA71.json
Traceback (most recent call last):
  File "c:\Users\gcampos\OneDrive\Development\Json-Me\p_manual.py", line 128, in <module>
    "Cuerpo del documento": cuerpo_documento(data)
                            ^^^^^^^^^^^^^^^^
NameError: name 'cuerpo_documento' is not defined
2025-12-16 13:54:57,623 - ERROR - Error inesperado procesando el archivo 8D4912C3-3972-1FE0-B3B2-C2ACA286BCB7.json
Traceback (most recent call last):
  File "c:\Users\gcampos\OneDrive\Development\Json-Me\p_manual.py", line 128, in <module>
    "Cuerpo del documento": cuerpo_documento(data)
                            ^^^^^^^^^^^^^^^^
NameError: name 'cuerpo_documento' is not defined
2025-12-16 13:54:57,634 - ERROR - Error inesperado procesando el archivo 8D963F4A-24DB-43CB-A4FC-B8B129B6152F.json
Traceback (most recent call last):
  File "c:\Users\gcampos\OneDrive\Development\Json-Me\p_manual.py", line 128, in <module>
    "Cuerpo del documento": cuerpo_documento(data)
                            ^^^^^^^^^^^^^^^^
NameError: name 'cuerpo_documento' is not defined
2025-12-16 13:54:57,641 - ERROR - Error inesperado procesando el archivo 9C610C5D-92C9-4FE2-8C7F-578AC90854A9.json
Traceback (most recent call last):
  File "c:\Users\gcampos\OneDrive\Development\Json-Me\p_manual.py", line 128, in <module>
    "Cuerpo del documento": cuerpo_documento(data)
                            ^^^^^^^^^^^^^^^^
NameError: name 'cuerpo_documento' is not defined
2025-12-16 13:54:57,649 - ERROR - Error inesperado procesando el archivo A3D11227-70B9-4D40-81E5-8901ABF6A766.json
Traceback (most recent call last):
  File "c:\Users\gcampos\OneDrive\Development\Json-Me\p_manual.py", line 128, in <module>
    "Cuerpo del documento": cuerpo_documento(data)
                            ^^^^^^^^^^^^^^^^
NameError: name 'cuerpo_documento' is not defined
2025-12-16 13:54:57,656 - ERROR - Error inesperado procesando el archivo A46D4E64-4485-41B4-8248-152D2E98DD72.json
Traceback (most recent call last):
  File "c:\Users\gcampos\OneDrive\Development\Json-Me\p_manual.py", line 128, in <module>
    "Cuerpo del documento": cuerpo_documento(data)
                            ^^^^^^^^^^^^^^^^
NameError: name 'cuerpo_documento' is not defined
2025-12-16 13:54:57,661 - WARNING - Encoding utf-8 el archivo A91B7DF7-81AE-4934-9194-8B9FEC3046C5.json entró por latin-1
2025-12-16 13:54:57,661 - ERROR - Error inesperado procesando el archivo A91B7DF7-81AE-4934-9194-8B9FEC3046C5.json
Traceback (most recent call last):
  File "c:\Users\gcampos\OneDrive\Development\Json-Me\p_manual.py", line 128, in <module>
    "Cuerpo del documento": cuerpo_documento(data)
                            ^^^^^^^^^^^^^^^^
NameError: name 'cuerpo_documento' is not defined
2025-12-16 13:54:57,668 - ERROR - Error inesperado procesando el archivo ABF1227C-1FCA-43A4-817B-DB4D94FEAF04.json
Traceback (most recent call last):
  File "c:\Users\gcampos\OneDrive\Development\Json-Me\p_manual.py", line 128, in <module>
    "Cuerpo del documento": cuerpo_documento(data)
                            ^^^^^^^^^^^^^^^^
NameError: name 'cuerpo_documento' is not defined
2025-12-16 13:54:57,675 - ERROR - Error inesperado procesando el archivo AF03CD2B-9D09-4F97-80E8-7AB66E843F99.json
Traceback (most recent call last):
  File "c:\Users\gcampos\OneDrive\Development\Json-Me\p_manual.py", line 128, in <module>
    "Cuerpo del documento": cuerpo_documento(data)
                            ^^^^^^^^^^^^^^^^
NameError: name 'cuerpo_documento' is not defined
2025-12-16 13:54:57,683 - WARNING - Encoding utf-8 el archivo B048B404-7A75-4503-B491-A6EDFF789AD4.json entró por latin-1
2025-12-16 13:54:57,684 - ERROR - Error inesperado procesando el archivo B048B404-7A75-4503-B491-A6EDFF789AD4.json
Traceback (most recent call last):
  File "c:\Users\gcampos\OneDrive\Development\Json-Me\p_manual.py", line 128, in <module>
    "Cuerpo del documento": cuerpo_documento(data)
                            ^^^^^^^^^^^^^^^^
NameError: name 'cuerpo_documento' is not defined
2025-12-16 13:54:57,691 - ERROR - Error inesperado procesando el archivo B52270FA-58B8-472D-AE09-355D447A5CF2.json
Traceback (most recent call last):
  File "c:\Users\gcampos\OneDrive\Development\Json-Me\p_manual.py", line 128, in <module>
    "Cuerpo del documento": cuerpo_documento(data)
                            ^^^^^^^^^^^^^^^^
NameError: name 'cuerpo_documento' is not defined
2025-12-16 13:54:57,697 - ERROR - Error inesperado procesando el archivo B73C67D4-F513-4199-8329-4B1062067E81.json
Traceback (most recent call last):
  File "c:\Users\gcampos\OneDrive\Development\Json-Me\p_manual.py", line 128, in <module>
    "Cuerpo del documento": cuerpo_documento(data)
                            ^^^^^^^^^^^^^^^^
NameError: name 'cuerpo_documento' is not defined
2025-12-16 13:54:57,702 - WARNING - Encoding utf-8 el archivo BF2BA5D5-9582-42EC-99C8-42DB67284886.json entró por latin-1
2025-12-16 13:54:57,703 - ERROR - Error inesperado procesando el archivo BF2BA5D5-9582-42EC-99C8-42DB67284886.json
Traceback (most recent call last):
  File "c:\Users\gcampos\OneDrive\Development\Json-Me\p_manual.py", line 128, in <module>
    "Cuerpo del documento": cuerpo_documento(data)
                            ^^^^^^^^^^^^^^^^
NameError: name 'cuerpo_documento' is not defined
2025-12-16 13:54:57,709 - WARNING - Encoding utf-8 el archivo BFCC3EFC-4BDD-4A5E-AD2E-F50AD0D44631.json entró por latin-1
2025-12-16 13:54:57,709 - ERROR - Error inesperado procesando el archivo BFCC3EFC-4BDD-4A5E-AD2E-F50AD0D44631.json
Traceback (most recent call last):
  File "c:\Users\gcampos\OneDrive\Development\Json-Me\p_manual.py", line 128, in <module>
    "Cuerpo del documento": cuerpo_documento(data)
                            ^^^^^^^^^^^^^^^^
NameError: name 'cuerpo_documento' is not defined
2025-12-16 13:54:57,714 - ERROR - Error inesperado procesando el archivo C205B00E-A61F-476F-AEBE-81E97844A178.json
Traceback (most recent call last):
  File "c:\Users\gcampos\OneDrive\Development\Json-Me\p_manual.py", line 128, in <module>
    "Cuerpo del documento": cuerpo_documento(data)
                            ^^^^^^^^^^^^^^^^
NameError: name 'cuerpo_documento' is not defined
2025-12-16 13:54:57,720 - ERROR - Error inesperado procesando el archivo C5D598D6-0748-4E1A-B57E-4B35189EBBF4.json
Traceback (most recent call last):
  File "c:\Users\gcampos\OneDrive\Development\Json-Me\p_manual.py", line 128, in <module>
    "Cuerpo del documento": cuerpo_documento(data)
                            ^^^^^^^^^^^^^^^^
NameError: name 'cuerpo_documento' is not defined
2025-12-16 13:54:57,729 - ERROR - Error inesperado procesando el archivo C6E2AB93-65FA-4E40-AC6E-59AE8CC63431.json
Traceback (most recent call last):
  File "c:\Users\gcampos\OneDrive\Development\Json-Me\p_manual.py", line 128, in <module>
    "Cuerpo del documento": cuerpo_documento(data)
                            ^^^^^^^^^^^^^^^^
NameError: name 'cuerpo_documento' is not defined
2025-12-16 13:54:57,735 - ERROR - Error inesperado procesando el archivo CA105E91-D16E-40A5-BF95-76BF0E5A8C84.json
Traceback (most recent call last):
  File "c:\Users\gcampos\OneDrive\Development\Json-Me\p_manual.py", line 128, in <module>
    "Cuerpo del documento": cuerpo_documento(data)
                            ^^^^^^^^^^^^^^^^
NameError: name 'cuerpo_documento' is not defined
2025-12-16 13:54:57,740 - ERROR - Error inesperado procesando el archivo COMPRETENCION_1_JSON (2).json
Traceback (most recent call last):
  File "c:\Users\gcampos\OneDrive\Development\Json-Me\p_manual.py", line 128, in <module>
    "Cuerpo del documento": cuerpo_documento(data)
                            ^^^^^^^^^^^^^^^^
NameError: name 'cuerpo_documento' is not defined
2025-12-16 13:54:57,745 - WARNING - Encoding utf-8 el archivo COMPRETENCION_1_JSON (3).json entró por latin-1
2025-12-16 13:54:57,745 - ERROR - Error inesperado procesando el archivo COMPRETENCION_1_JSON (3).json
Traceback (most recent call last):
  File "c:\Users\gcampos\OneDrive\Development\Json-Me\p_manual.py", line 128, in <module>
    "Cuerpo del documento": cuerpo_documento(data)
                            ^^^^^^^^^^^^^^^^
NameError: name 'cuerpo_documento' is not defined
2025-12-16 13:54:57,750 - WARNING - Encoding utf-8 el archivo COMPRETENCION_1_JSON.json entró por latin-1
2025-12-16 13:54:57,750 - ERROR - Error inesperado procesando el archivo COMPRETENCION_1_JSON.json
Traceback (most recent call last):
  File "c:\Users\gcampos\OneDrive\Development\Json-Me\p_manual.py", line 128, in <module>
    "Cuerpo del documento": cuerpo_documento(data)
                            ^^^^^^^^^^^^^^^^
NameError: name 'cuerpo_documento' is not defined
2025-12-16 13:54:57,756 - WARNING - Encoding utf-8 el archivo COMPRETENCION_1_JSON_1.json entró por latin-1
2025-12-16 13:54:57,757 - ERROR - Error inesperado procesando el archivo COMPRETENCION_1_JSON_1.json
Traceback (most recent call last):
  File "c:\Users\gcampos\OneDrive\Development\Json-Me\p_manual.py", line 128, in <module>
    "Cuerpo del documento": cuerpo_documento(data)
                            ^^^^^^^^^^^^^^^^
NameError: name 'cuerpo_documento' is not defined
2025-12-16 13:54:57,762 - ERROR - Error inesperado procesando el archivo Comprobante_Electronico-2B22166E-FC8D-49C7-A20E-D0814F17C2EC.json
Traceback (most recent call last):
  File "c:\Users\gcampos\OneDrive\Development\Json-Me\p_manual.py", line 128, in <module>
    "Cuerpo del documento": cuerpo_documento(data)
                            ^^^^^^^^^^^^^^^^
NameError: name 'cuerpo_documento' is not defined
2025-12-16 13:54:57,767 - ERROR - Error inesperado procesando el archivo Comprobante_Electronico-F554889F-6589-4F74-9F50-B1A91EC6254C.json
Traceback (most recent call last):
  File "c:\Users\gcampos\OneDrive\Development\Json-Me\p_manual.py", line 128, in <module>
    "Cuerpo del documento": cuerpo_documento(data)
                            ^^^^^^^^^^^^^^^^
NameError: name 'cuerpo_documento' is not defined
2025-12-16 13:54:57,771 - ERROR - Error inesperado procesando el archivo D39DC43D-2750-460B-8EFF-ECAAB9CA66DC.json
Traceback (most recent call last):
  File "c:\Users\gcampos\OneDrive\Development\Json-Me\p_manual.py", line 128, in <module>
    "Cuerpo del documento": cuerpo_documento(data)
                            ^^^^^^^^^^^^^^^^
NameError: name 'cuerpo_documento' is not defined
2025-12-16 13:54:57,775 - WARNING - Encoding utf-8 el archivo D470AB26-351E-49E0-B4AE-FEB0B7EB231D.json entró por latin-1
2025-12-16 13:54:57,775 - ERROR - Error inesperado procesando el archivo D470AB26-351E-49E0-B4AE-FEB0B7EB231D.json
Traceback (most recent call last):
  File "c:\Users\gcampos\OneDrive\Development\Json-Me\p_manual.py", line 128, in <module>
    "Cuerpo del documento": cuerpo_documento(data)
                            ^^^^^^^^^^^^^^^^
NameError: name 'cuerpo_documento' is not defined
2025-12-16 13:54:57,775 - ERROR - Error inesperado procesando el archivo D6B39A84-23B5-407E-B820-B292D1D152A0.json
Traceback (most recent call last):
  File "c:\Users\gcampos\OneDrive\Development\Json-Me\p_manual.py", line 128, in <module>
    "Cuerpo del documento": cuerpo_documento(data)
                            ^^^^^^^^^^^^^^^^
NameError: name 'cuerpo_documento' is not defined
2025-12-16 13:54:57,785 - ERROR - Error inesperado procesando el archivo D9D08459-A210-4E50-B4D4-A15AF613CBD5.json
Traceback (most recent call last):
  File "c:\Users\gcampos\OneDrive\Development\Json-Me\p_manual.py", line 128, in <module>
    "Cuerpo del documento": cuerpo_documento(data)
                            ^^^^^^^^^^^^^^^^
NameError: name 'cuerpo_documento' is not defined
2025-12-16 13:54:57,785 - ERROR - Error inesperado procesando el archivo DA4D4B01-C7FA-4878-8DA7-A89B72DC29C6.json
Traceback (most recent call last):
  File "c:\Users\gcampos\OneDrive\Development\Json-Me\p_manual.py", line 128, in <module>
    "Cuerpo del documento": cuerpo_documento(data)
                            ^^^^^^^^^^^^^^^^
NameError: name 'cuerpo_documento' is not defined
2025-12-16 13:54:57,785 - ERROR - Error inesperado procesando el archivo DC7C7B8F-1405-49F7-AA31-A4AAFBC87EBE.json
Traceback (most recent call last):
  File "c:\Users\gcampos\OneDrive\Development\Json-Me\p_manual.py", line 128, in <module>
    "Cuerpo del documento": cuerpo_documento(data)
                            ^^^^^^^^^^^^^^^^
NameError: name 'cuerpo_documento' is not defined
2025-12-16 13:54:57,805 - ERROR - Error inesperado procesando el archivo DTE-07-M001P001-000000000000802_834D8746-25B5-4732-8190-7224DF226810.json
Traceback (most recent call last):
  File "c:\Users\gcampos\OneDrive\Development\Json-Me\p_manual.py", line 128, in <module>
    "Cuerpo del documento": cuerpo_documento(data)
                            ^^^^^^^^^^^^^^^^
NameError: name 'cuerpo_documento' is not defined
2025-12-16 13:54:57,808 - ERROR - Error inesperado procesando el archivo DTE-07-M001P001-000000000004701_3B4594F6-0426-4B60-993E-7ED951C0BAD1.json
Traceback (most recent call last):
  File "c:\Users\gcampos\OneDrive\Development\Json-Me\p_manual.py", line 128, in <module>
    "Cuerpo del documento": cuerpo_documento(data)
                            ^^^^^^^^^^^^^^^^
NameError: name 'cuerpo_documento' is not defined
2025-12-16 13:54:57,808 - ERROR - Error inesperado procesando el archivo DTE-07-M001P001-000000000004702_CC0997A7-3FBC-4900-BC44-C1F7377E1BDB.json
Traceback (most recent call last):
  File "c:\Users\gcampos\OneDrive\Development\Json-Me\p_manual.py", line 128, in <module>
    "Cuerpo del documento": cuerpo_documento(data)
                            ^^^^^^^^^^^^^^^^
NameError: name 'cuerpo_documento' is not defined
2025-12-16 13:54:57,817 - ERROR - Error inesperado procesando el archivo DTE-07-M001P001-000000000004703_0E4E23E4-6253-4761-B28F-90115F9D40D9.json
Traceback (most recent call last):
  File "c:\Users\gcampos\OneDrive\Development\Json-Me\p_manual.py", line 128, in <module>
    "Cuerpo del documento": cuerpo_documento(data)
                            ^^^^^^^^^^^^^^^^
NameError: name 'cuerpo_documento' is not defined
2025-12-16 13:54:57,817 - ERROR - Error inesperado procesando el archivo DTE-07-M001P001-000000000004704_53993390-CCA0-4527-9AF8-F3016F93CFB7.json
Traceback (most recent call last):
  File "c:\Users\gcampos\OneDrive\Development\Json-Me\p_manual.py", line 128, in <module>
    "Cuerpo del documento": cuerpo_documento(data)
                            ^^^^^^^^^^^^^^^^
NameError: name 'cuerpo_documento' is not defined
2025-12-16 13:54:57,817 - ERROR - Error inesperado procesando el archivo DTE-07-M001P001-000000000004735_FD8A1F21-5EB1-4BDC-A301-23872CFC7BDB.json
Traceback (most recent call last):
  File "c:\Users\gcampos\OneDrive\Development\Json-Me\p_manual.py", line 128, in <module>
    "Cuerpo del documento": cuerpo_documento(data)
                            ^^^^^^^^^^^^^^^^
NameError: name 'cuerpo_documento' is not defined
2025-12-16 13:54:57,835 - ERROR - Error inesperado procesando el archivo DTE-07-M001P001-000000000005630_6BB96BEE-BF95-4829-B75A-001B5623B6B3.json
Traceback (most recent call last):
  File "c:\Users\gcampos\OneDrive\Development\Json-Me\p_manual.py", line 128, in <module>
    "Cuerpo del documento": cuerpo_documento(data)
                            ^^^^^^^^^^^^^^^^
NameError: name 'cuerpo_documento' is not defined
2025-12-16 13:54:57,835 - ERROR - El archivo DTE-07-M001P001-202500000001680.json no es un JSON válido o está vacío.
2025-12-16 13:54:57,835 - ERROR - Error inesperado procesando el archivo DTE-07-M001P010-000000000010170-2F1B8414-99C9-4277-B970-CB1C8B14B12C-10-11-2025 025523.json
Traceback (most recent call last):
  File "c:\Users\gcampos\OneDrive\Development\Json-Me\p_manual.py", line 128, in <module>
    "Cuerpo del documento": cuerpo_documento(data)
                            ^^^^^^^^^^^^^^^^
NameError: name 'cuerpo_documento' is not defined
2025-12-16 13:54:57,842 - ERROR - Error inesperado procesando el archivo DTE-07-M001P010-000000000010461-9D020BB0-D298-4819-83AC-BEE2E40939CB-18-11-2025 021735.json
Traceback (most recent call last):
  File "c:\Users\gcampos\OneDrive\Development\Json-Me\p_manual.py", line 128, in <module>
    "Cuerpo del documento": cuerpo_documento(data)
                            ^^^^^^^^^^^^^^^^
NameError: name 'cuerpo_documento' is not defined
2025-12-16 13:54:57,849 - ERROR - Error inesperado procesando el archivo DTE-07-M001P010-000000000010550-AEFC8F20-D47A-4EE3-AF07-A6AC06B88CF8-20-11-2025 024901.json
Traceback (most recent call last):
  File "c:\Users\gcampos\OneDrive\Development\Json-Me\p_manual.py", line 128, in <module>
    "Cuerpo del documento": cuerpo_documento(data)
                            ^^^^^^^^^^^^^^^^
NameError: name 'cuerpo_documento' is not defined
2025-12-16 13:54:57,849 - ERROR - Error inesperado procesando el archivo DTE-07-M001P010-000000000010707-27B0CB09-4F1C-4604-8E57-795B04E582B6-25-11-2025 101502.json
Traceback (most recent call last):
  File "c:\Users\gcampos\OneDrive\Development\Json-Me\p_manual.py", line 128, in <module>
    "Cuerpo del documento": cuerpo_documento(data)
                            ^^^^^^^^^^^^^^^^
NameError: name 'cuerpo_documento' is not defined
2025-12-16 13:54:57,849 - ERROR - Error inesperado procesando el archivo DTE-07-M001P010-000000000010770-29029575-E3E0-4DD9-BE43-5ABCA1C0F71A-26-11-2025 022548.json
Traceback (most recent call last):
  File "c:\Users\gcampos\OneDrive\Development\Json-Me\p_manual.py", line 128, in <module>
    "Cuerpo del documento": cuerpo_documento(data)
                            ^^^^^^^^^^^^^^^^
NameError: name 'cuerpo_documento' is not defined
2025-12-16 13:54:57,867 - ERROR - Error inesperado procesando el archivo DTE-07-M001P010-000000000010871-359910A9-A847-4F1C-88D2-A6CF961A9E52-28-11-2025 024944.json
Traceback (most recent call last):
  File "c:\Users\gcampos\OneDrive\Development\Json-Me\p_manual.py", line 128, in <module>
    "Cuerpo del documento": cuerpo_documento(data)
                            ^^^^^^^^^^^^^^^^
NameError: name 'cuerpo_documento' is not defined
2025-12-16 13:54:57,873 - ERROR - Error inesperado procesando el archivo DTE-07-S003P001-000000000000106_7DA3A730-70AB-4897-BB57-D55831A9A9FC.json
Traceback (most recent call last):
  File "c:\Users\gcampos\OneDrive\Development\Json-Me\p_manual.py", line 128, in <module>
    "Cuerpo del documento": cuerpo_documento(data)
                            ^^^^^^^^^^^^^^^^
NameError: name 'cuerpo_documento' is not defined
2025-12-16 13:54:57,878 - ERROR - Error inesperado procesando el archivo EC2A892C-5336-49BE-832F-4D2656FA682E.json
Traceback (most recent call last):
  File "c:\Users\gcampos\OneDrive\Development\Json-Me\p_manual.py", line 128, in <module>
    "Cuerpo del documento": cuerpo_documento(data)
                            ^^^^^^^^^^^^^^^^
NameError: name 'cuerpo_documento' is not defined
2025-12-16 13:54:57,882 - ERROR - Error inesperado procesando el archivo EFA27456-B005-4F04-A1FD-EB72617BC038.json
Traceback (most recent call last):
  File "c:\Users\gcampos\OneDrive\Development\Json-Me\p_manual.py", line 128, in <module>
    "Cuerpo del documento": cuerpo_documento(data)
                            ^^^^^^^^^^^^^^^^
NameError: name 'cuerpo_documento' is not defined
2025-12-16 13:54:57,886 - ERROR - Error inesperado procesando el archivo F9EA6881-4E9A-40B9-B307-3C6213F4D3F8.json
Traceback (most recent call last):
  File "c:\Users\gcampos\OneDrive\Development\Json-Me\p_manual.py", line 128, in <module>
    "Cuerpo del documento": cuerpo_documento(data)
                            ^^^^^^^^^^^^^^^^
NameError: name 'cuerpo_documento' is not defined
2025-12-16 13:54:57,886 - WARNING - Encoding utf-8 el archivo factura-DTE-07-M001P001-000000000008439.json entró por latin-1
2025-12-16 13:54:57,886 - ERROR - Error inesperado procesando el archivo factura-DTE-07-M001P001-000000000008439.json
Traceback (most recent call last):
  File "c:\Users\gcampos\OneDrive\Development\Json-Me\p_manual.py", line 128, in <module>
    "Cuerpo del documento": cuerpo_documento(data)
                            ^^^^^^^^^^^^^^^^
NameError: name 'cuerpo_documento' is not defined
2025-12-16 13:54:57,895 - ERROR - Error inesperado procesando el archivo FC71A4F2-606A-4C12-968B-1C3F3F13E0E1.json
Traceback (most recent call last):
  File "c:\Users\gcampos\OneDrive\Development\Json-Me\p_manual.py", line 128, in <module>
    "Cuerpo del documento": cuerpo_documento(data)
                            ^^^^^^^^^^^^^^^^
NameError: name 'cuerpo_documento' is not defined
2025-12-16 13:54:57,902 - ERROR - Error inesperado procesando el archivo FDFD466B-597B-4483-B341-C24123BC9ED9.json
Traceback (most recent call last):
  File "c:\Users\gcampos\OneDrive\Development\Json-Me\p_manual.py", line 128, in <module>
    "Cuerpo del documento": cuerpo_documento(data)
                            ^^^^^^^^^^^^^^^^
NameError: name 'cuerpo_documento' is not defined
2025-12-16 13:54:57,908 - ERROR - Error inesperado procesando el archivo Retención No.4999.json
Traceback (most recent call last):
  File "c:\Users\gcampos\OneDrive\Development\Json-Me\p_manual.py", line 128, in <module>
    "Cuerpo del documento": cuerpo_documento(data)
                            ^^^^^^^^^^^^^^^^
NameError: name 'cuerpo_documento' is not defined
2025-12-16 13:56:12,515 - INFO - Procesado exitosamente: 0178483A-CC0C-406B-8D75-56A23E141CDF.json
2025-12-16 13:56:12,515 - INFO - Procesado exitosamente: 08C47A1E-489B-4747-96BF-BDBA13D427F9.json
2025-12-16 13:56:12,515 - INFO - Procesado exitosamente: 09C6487E-B719-434C-BBFE-CC60313942DB.json
2025-12-16 13:56:12,515 - INFO - Procesado exitosamente: 115BBDE7-2265-4FDD-8DA9-4D7FBCB8E58F.json
2025-12-16 13:56:12,515 - INFO - Procesado exitosamente: 13B5D334-13CE-48AD-AE24-7D8497D38E32.json
2025-12-16 13:56:12,515 - INFO - Procesado exitosamente: 15F0FD55-2D8D-45AC-A065-C21F98126780.json
2025-12-16 13:56:12,515 - INFO - Procesado exitosamente: 1BF1D241-813E-4BBC-9FE0-2B56E2176DC3.json
2025-12-16 13:56:12,515 - INFO - Procesado exitosamente: 1C06FFA3-07CE-4F9A-94AF-6611F75A4EA7.json
2025-12-16 13:56:12,515 - INFO - Procesado exitosamente: 1F001ABE-6976-4E68-8816-5007EF3F1651.json
2025-12-16 13:56:12,515 - INFO - Procesado exitosamente: 1P001-00000000000647006141511770020.json
2025-12-16 13:56:12,515 - INFO - Procesado exitosamente: 1P001-00000000000647106141511770020.json
2025-12-16 13:56:12,515 - INFO - Procesado exitosamente: 1P001-00000000000647306141511770020.json
2025-12-16 13:56:12,515 - INFO - Procesado exitosamente: 1P001-00000000000651006141511770020.json
2025-12-16 13:56:12,515 - INFO - Procesado exitosamente: 1P001-00000000000651306141511770020.json
2025-12-16 13:56:12,515 - INFO - Procesado exitosamente: 1P001-00000000000724406141511770020.json
2025-12-16 13:56:12,522 - INFO - Procesado exitosamente: 264724A6-8A93-4752-97A5-1AAC6AE3719B.json
2025-12-16 13:56:12,522 - INFO - Procesado exitosamente: 269A17A2-4029-4487-B494-F488358DDF5E.json
2025-12-16 13:56:12,522 - INFO - Procesado exitosamente: 27E379B7-1B83-4C64-ADC0-5C83806A597A.json
2025-12-16 13:56:12,522 - INFO - Procesado exitosamente: 283B5113-C01B-46D1-A890-CD00F9A8E2F8.json
2025-12-16 13:56:12,522 - INFO - Procesado exitosamente: 2A7845F5-10D0-4D23-9137-CDE526530AFE.json
2025-12-16 13:56:12,522 - INFO - Procesado exitosamente: 397F2380-4487-4AD8-879A-8B21608BC008.json
2025-12-16 13:56:12,522 - INFO - Procesado exitosamente: 3F66EE72-42CE-429A-ADD7-479231E99B71.json
2025-12-16 13:56:12,524 - INFO - Procesado exitosamente: 43043AD5-35CE-4FCF-E064-00144FF8838D.json
2025-12-16 13:56:12,525 - INFO - Procesado exitosamente: 43535047-9E86-17F6-E064-00144FF8838D.json
2025-12-16 13:56:12,525 - INFO - Procesado exitosamente: 4F3DC115-3B92-4484-830F-BC316CED7AE6.json
2025-12-16 13:56:12,525 - INFO - Procesado exitosamente: 50500DA2-6BC8-4588-8F2A-36BF6F3D83A7.json
2025-12-16 13:56:12,525 - INFO - Procesado exitosamente: 5261228E-5188-4F4C-8D03-B83CB26DFF85.json
2025-12-16 13:56:12,525 - WARNING - Encoding utf-8 el archivo 61EDE671-97A2-412A-8392-8F6B44C904F2.json entró por latin-1
2025-12-16 13:56:12,525 - INFO - Procesado exitosamente: 61EDE671-97A2-412A-8392-8F6B44C904F2.json
2025-12-16 13:56:12,525 - INFO - Procesado exitosamente: 63995E65-FA18-1FD0-AEB2-808000245862.json
2025-12-16 13:56:12,525 - INFO - Procesado exitosamente: 63995E65-FA18-1FD0-AEB2-828000245863.json
2025-12-16 13:56:12,525 - INFO - Procesado exitosamente: 63995E65-FA18-1FD0-B09C-A98000246506.json
2025-12-16 13:56:12,525 - INFO - Procesado exitosamente: 63995E65-FA18-1FD0-B09C-AE8000246507.json
2025-12-16 13:56:12,525 - INFO - Procesado exitosamente: 63995E65-FA18-1FD0-B09C-B28000246508.json
2025-12-16 13:56:12,525 - INFO - Procesado exitosamente: 63995E65-FA18-1FD0-B1B0-E68000246623.json
2025-12-16 13:56:12,525 - INFO - Procesado exitosamente: 63995E65-FA18-1FD0-B1B1-C68000246695.json
2025-12-16 13:56:12,525 - INFO - Procesado exitosamente: 63995E65-FA18-1FD0-B393-538000247174.json
2025-12-16 13:56:12,525 - INFO - Procesado exitosamente: 63995E65-FA18-1FD0-B393-568000247175.json
2025-12-16 13:56:12,525 - INFO - Procesado exitosamente: 63995E65-FA18-1FD0-B395-6B8000247295.json
2025-12-16 13:56:12,525 - INFO - Procesado exitosamente: 63995E65-FA18-1FD0-B395-6E8000247296.json
2025-12-16 13:56:12,525 - INFO - Procesado exitosamente: 63995E65-FA18-1FD0-B395-708000247297.json
2025-12-16 13:56:12,525 - INFO - Procesado exitosamente: 63995E65-FA18-1FD0-B395-738000247298.json
2025-12-16 13:56:12,525 - INFO - Procesado exitosamente: 63995E65-FA18-1FD0-B395-758000247299.json
2025-12-16 13:56:12,525 - WARNING - Encoding utf-8 el archivo 6B473887-EE07-45F0-B6D3-12DF19C9B934.json entró por latin-1
2025-12-16 13:56:12,525 - INFO - Procesado exitosamente: 6B473887-EE07-45F0-B6D3-12DF19C9B934.json
2025-12-16 13:56:12,525 - INFO - Procesado exitosamente: 6F3EC5DD-FE11-4A56-ABF8-5052DDFAADDD.json
2025-12-16 13:56:12,536 - WARNING - Encoding utf-8 el archivo 70F448C6-F7DF-415F-A3FE-C737208057E8.json entró por latin-1
2025-12-16 13:56:12,536 - INFO - Procesado exitosamente: 70F448C6-F7DF-415F-A3FE-C737208057E8.json
2025-12-16 13:56:12,536 - WARNING - Encoding utf-8 el archivo 7146F7AD-C19D-4A89-90C4-BEFC70AE03CA.json entró por latin-1
2025-12-16 13:56:12,536 - INFO - Procesado exitosamente: 7146F7AD-C19D-4A89-90C4-BEFC70AE03CA.json
2025-12-16 13:56:12,538 - INFO - Procesado exitosamente: 71954747-81F4-4FBE-BF8F-4B8B171FECF1.json
2025-12-16 13:56:12,538 - INFO - Procesado exitosamente: 79157784-11AD-4903-B5F6-EB9A39E20377.json
2025-12-16 13:56:12,540 - INFO - Procesado exitosamente: 7D41829A-DE48-4C50-9030-B192AF151C77.json
2025-12-16 13:56:12,540 - INFO - Procesado exitosamente: 80A7EEC7-577E-4D91-8401-2689379D89C4.json
2025-12-16 13:56:12,540 - INFO - Procesado exitosamente: 83CF9CF3-7D3A-4352-B3BA-72BCA15BF460.json
2025-12-16 13:56:12,541 - INFO - Procesado exitosamente: 86B872B3-7509-4495-9187-4279F27A1B2D.json
2025-12-16 13:56:12,541 - INFO - Procesado exitosamente: 86EFF862-3248-4FC5-B92D-16C67247A852.json
2025-12-16 13:56:12,541 - INFO - Procesado exitosamente: 888A968D-CE20-41EE-87F2-D6F70A9FB151.json
2025-12-16 13:56:12,541 - WARNING - Encoding utf-8 el archivo 889B95B5-3382-4C46-8E3F-801AA358EA71.json entró por latin-1
2025-12-16 13:56:12,541 - INFO - Procesado exitosamente: 889B95B5-3382-4C46-8E3F-801AA358EA71.json
2025-12-16 13:56:12,541 - INFO - Procesado exitosamente: 8D4912C3-3972-1FE0-B3B2-C2ACA286BCB7.json
2025-12-16 13:56:12,541 - INFO - Procesado exitosamente: 8D963F4A-24DB-43CB-A4FC-B8B129B6152F.json
2025-12-16 13:56:12,541 - INFO - Procesado exitosamente: 9C610C5D-92C9-4FE2-8C7F-578AC90854A9.json
2025-12-16 13:56:12,541 - INFO - Procesado exitosamente: A3D11227-70B9-4D40-81E5-8901ABF6A766.json
2025-12-16 13:56:12,541 - INFO - Procesado exitosamente: A46D4E64-4485-41B4-8248-152D2E98DD72.json
2025-12-16 13:56:12,541 - WARNING - Encoding utf-8 el archivo A91B7DF7-81AE-4934-9194-8B9FEC3046C5.json entró por latin-1
2025-12-16 13:56:12,541 - INFO - Procesado exitosamente: A91B7DF7-81AE-4934-9194-8B9FEC3046C5.json
2025-12-16 13:56:12,548 - INFO - Procesado exitosamente: ABF1227C-1FCA-43A4-817B-DB4D94FEAF04.json
2025-12-16 13:56:12,548 - INFO - Procesado exitosamente: AF03CD2B-9D09-4F97-80E8-7AB66E843F99.json
2025-12-16 13:56:12,548 - WARNING - Encoding utf-8 el archivo B048B404-7A75-4503-B491-A6EDFF789AD4.json entró por latin-1
2025-12-16 13:56:12,548 - INFO - Procesado exitosamente: B048B404-7A75-4503-B491-A6EDFF789AD4.json
2025-12-16 13:56:12,548 - INFO - Procesado exitosamente: B52270FA-58B8-472D-AE09-355D447A5CF2.json
2025-12-16 13:56:12,548 - INFO - Procesado exitosamente: B73C67D4-F513-4199-8329-4B1062067E81.json
2025-12-16 13:56:12,548 - WARNING - Encoding utf-8 el archivo BF2BA5D5-9582-42EC-99C8-42DB67284886.json entró por latin-1
2025-12-16 13:56:12,548 - INFO - Procesado exitosamente: BF2BA5D5-9582-42EC-99C8-42DB67284886.json
2025-12-16 13:56:12,552 - WARNING - Encoding utf-8 el archivo BFCC3EFC-4BDD-4A5E-AD2E-F50AD0D44631.json entró por latin-1
2025-12-16 13:56:12,552 - INFO - Procesado exitosamente: BFCC3EFC-4BDD-4A5E-AD2E-F50AD0D44631.json
2025-12-16 13:56:12,552 - INFO - Procesado exitosamente: C205B00E-A61F-476F-AEBE-81E97844A178.json
2025-12-16 13:56:12,552 - INFO - Procesado exitosamente: C5D598D6-0748-4E1A-B57E-4B35189EBBF4.json
2025-12-16 13:56:12,552 - INFO - Procesado exitosamente: C6E2AB93-65FA-4E40-AC6E-59AE8CC63431.json
2025-12-16 13:56:12,552 - INFO - Procesado exitosamente: CA105E91-D16E-40A5-BF95-76BF0E5A8C84.json
2025-12-16 13:56:12,552 - INFO - Procesado exitosamente: COMPRETENCION_1_JSON (2).json
2025-12-16 13:56:12,552 - WARNING - Encoding utf-8 el archivo COMPRETENCION_1_JSON (3).json entró por latin-1
2025-12-16 13:56:12,552 - INFO - Procesado exitosamente: COMPRETENCION_1_JSON (3).json
2025-12-16 13:56:12,557 - WARNING - Encoding utf-8 el archivo COMPRETENCION_1_JSON.json entró por latin-1
2025-12-16 13:56:12,557 - INFO - Procesado exitosamente: COMPRETENCION_1_JSON.json
2025-12-16 13:56:12,558 - WARNING - Encoding utf-8 el archivo COMPRETENCION_1_JSON_1.json entró por latin-1
2025-12-16 13:56:12,558 - INFO - Procesado exitosamente: COMPRETENCION_1_JSON_1.json
2025-12-16 13:56:12,558 - INFO - Procesado exitosamente: Comprobante_Electronico-2B22166E-FC8D-49C7-A20E-D0814F17C2EC.json
2025-12-16 13:56:12,558 - INFO - Procesado exitosamente: Comprobante_Electronico-F554889F-6589-4F74-9F50-B1A91EC6254C.json
2025-12-16 13:56:12,558 - INFO - Procesado exitosamente: D39DC43D-2750-460B-8EFF-ECAAB9CA66DC.json
2025-12-16 13:56:12,558 - WARNING - Encoding utf-8 el archivo D470AB26-351E-49E0-B4AE-FEB0B7EB231D.json entró por latin-1
2025-12-16 13:56:12,558 - INFO - Procesado exitosamente: D470AB26-351E-49E0-B4AE-FEB0B7EB231D.json
2025-12-16 13:56:12,558 - INFO - Procesado exitosamente: D6B39A84-23B5-407E-B820-B292D1D152A0.json
2025-12-16 13:56:12,558 - INFO - Procesado exitosamente: D9D08459-A210-4E50-B4D4-A15AF613CBD5.json
2025-12-16 13:56:12,558 - INFO - Procesado exitosamente: DA4D4B01-C7FA-4878-8DA7-A89B72DC29C6.json
2025-12-16 13:56:12,558 - INFO - Procesado exitosamente: DC7C7B8F-1405-49F7-AA31-A4AAFBC87EBE.json
2025-12-16 13:56:12,558 - INFO - Procesado exitosamente: DTE-07-M001P001-000000000000802_834D8746-25B5-4732-8190-7224DF226810.json
2025-12-16 13:56:12,558 - INFO - Procesado exitosamente: DTE-07-M001P001-000000000004701_3B4594F6-0426-4B60-993E-7ED951C0BAD1.json
2025-12-16 13:56:12,558 - INFO - Procesado exitosamente: DTE-07-M001P001-000000000004702_CC0997A7-3FBC-4900-BC44-C1F7377E1BDB.json
2025-12-16 13:56:12,558 - INFO - Procesado exitosamente: DTE-07-M001P001-000000000004703_0E4E23E4-6253-4761-B28F-90115F9D40D9.json
2025-12-16 13:56:12,558 - INFO - Procesado exitosamente: DTE-07-M001P001-000000000004704_53993390-CCA0-4527-9AF8-F3016F93CFB7.json
2025-12-16 13:56:12,558 - INFO - Procesado exitosamente: DTE-07-M001P001-000000000004735_FD8A1F21-5EB1-4BDC-A301-23872CFC7BDB.json
2025-12-16 13:56:12,558 - INFO - Procesado exitosamente: DTE-07-M001P001-000000000005630_6BB96BEE-BF95-4829-B75A-001B5623B6B3.json
2025-12-16 13:56:12,558 - ERROR - El archivo DTE-07-M001P001-202500000001680.json no es un JSON válido o está vacío.
2025-12-16 13:56:12,569 - INFO - Procesado exitosamente: DTE-07-M001P010-000000000010170-2F1B8414-99C9-4277-B970-CB1C8B14B12C-10-11-2025 025523.json
2025-12-16 13:56:12,569 - INFO - Procesado exitosamente: DTE-07-M001P010-000000000010461-9D020BB0-D298-4819-83AC-BEE2E40939CB-18-11-2025 021735.json
2025-12-16 13:56:12,570 - INFO - Procesado exitosamente: DTE-07-M001P010-000000000010550-AEFC8F20-D47A-4EE3-AF07-A6AC06B88CF8-20-11-2025 024901.json
2025-12-16 13:56:12,571 - INFO - Procesado exitosamente: DTE-07-M001P010-000000000010707-27B0CB09-4F1C-4604-8E57-795B04E582B6-25-11-2025 101502.json
2025-12-16 13:56:12,572 - INFO - Procesado exitosamente: DTE-07-M001P010-000000000010770-29029575-E3E0-4DD9-BE43-5ABCA1C0F71A-26-11-2025 022548.json
2025-12-16 13:56:12,572 - INFO - Procesado exitosamente: DTE-07-M001P010-000000000010871-359910A9-A847-4F1C-88D2-A6CF961A9E52-28-11-2025 024944.json
2025-12-16 13:56:12,573 - INFO - Procesado exitosamente: DTE-07-S003P001-000000000000106_7DA3A730-70AB-4897-BB57-D55831A9A9FC.json
2025-12-16 13:56:12,573 - INFO - Procesado exitosamente: EC2A892C-5336-49BE-832F-4D2656FA682E.json
2025-12-16 13:56:12,574 - INFO - Procesado exitosamente: EFA27456-B005-4F04-A1FD-EB72617BC038.json
2025-12-16 13:56:12,574 - INFO - Procesado exitosamente: F9EA6881-4E9A-40B9-B307-3C6213F4D3F8.json
2025-12-16 13:56:12,575 - WARNING - Encoding utf-8 el archivo factura-DTE-07-M001P001-000000000008439.json entró por latin-1
2025-12-16 13:56:12,575 - INFO - Procesado exitosamente: factura-DTE-07-M001P001-000000000008439.json
2025-12-16 13:56:12,575 - INFO - Procesado exitosamente: FC71A4F2-606A-4C12-968B-1C3F3F13E0E1.json
2025-12-16 13:56:12,577 - INFO - Procesado exitosamente: FDFD466B-597B-4483-B341-C24123BC9ED9.json
2025-12-16 13:56:12,577 - INFO - Procesado exitosamente: Retención No.4999.json
2025-12-16 13:58:16,498 - ERROR - Error inesperado procesando el archivo 0178483A-CC0C-406B-8D75-56A23E141CDF.json
Traceback (most recent call last):
  File "c:\Users\gcampos\OneDrive\Development\Json-Me\p_manual.py", line 128, in <module>
    "Cuerpo del documento": items_detalle.lista_de_filas(data, fila)
                 ^^^^^^^^^^^^^^^^^^^^^^^^^^^^
AttributeError: 'function' object has no attribute 'lista_de_filas'
2025-12-16 13:58:16,498 - ERROR - Error inesperado procesando el archivo 08C47A1E-489B-4747-96BF-BDBA13D427F9.json
Traceback (most recent call last):
  File "c:\Users\gcampos\OneDrive\Development\Json-Me\p_manual.py", line 128, in <module>
    "Cuerpo del documento": items_detalle.lista_de_filas(data, fila)
                 ^^^^^^^^^^^^^^^^^^^^^^^^^^^^
AttributeError: 'function' object has no attribute 'lista_de_filas'
2025-12-16 13:58:16,500 - ERROR - Error inesperado procesando el archivo 09C6487E-B719-434C-BBFE-CC60313942DB.json
Traceback (most recent call last):
  File "c:\Users\gcampos\OneDrive\Development\Json-Me\p_manual.py", line 128, in <module>
    "Cuerpo del documento": items_detalle.lista_de_filas(data, fila)
                 ^^^^^^^^^^^^^^^^^^^^^^^^^^^^
AttributeError: 'function' object has no attribute 'lista_de_filas'
2025-12-16 13:58:16,500 - ERROR - Error inesperado procesando el archivo 115BBDE7-2265-4FDD-8DA9-4D7FBCB8E58F.json
Traceback (most recent call last):
  File "c:\Users\gcampos\OneDrive\Development\Json-Me\p_manual.py", line 128, in <module>
    "Cuerpo del documento": items_detalle.lista_de_filas(data, fila)
                 ^^^^^^^^^^^^^^^^^^^^^^^^^^^^
AttributeError: 'function' object has no attribute 'lista_de_filas'
2025-12-16 13:58:16,500 - ERROR - Error inesperado procesando el archivo 13B5D334-13CE-48AD-AE24-7D8497D38E32.json
Traceback (most recent call last):
  File "c:\Users\gcampos\OneDrive\Development\Json-Me\p_manual.py", line 128, in <module>
    "Cuerpo del documento": items_detalle.lista_de_filas(data, fila)
                 ^^^^^^^^^^^^^^^^^^^^^^^^^^^^
AttributeError: 'function' object has no attribute 'lista_de_filas'
2025-12-16 13:58:16,506 - ERROR - Error inesperado procesando el archivo 15F0FD55-2D8D-45AC-A065-C21F98126780.json
Traceback (most recent call last):
  File "c:\Users\gcampos\OneDrive\Development\Json-Me\p_manual.py", line 128, in <module>
    "Cuerpo del documento": items_detalle.lista_de_filas(data, fila)
                 ^^^^^^^^^^^^^^^^^^^^^^^^^^^^
AttributeError: 'function' object has no attribute 'lista_de_filas'
2025-12-16 13:58:16,508 - ERROR - Error inesperado procesando el archivo 1BF1D241-813E-4BBC-9FE0-2B56E2176DC3.json
Traceback (most recent call last):
  File "c:\Users\gcampos\OneDrive\Development\Json-Me\p_manual.py", line 128, in <module>
    "Cuerpo del documento": items_detalle.lista_de_filas(data, fila)
                 ^^^^^^^^^^^^^^^^^^^^^^^^^^^^
AttributeError: 'function' object has no attribute 'lista_de_filas'
2025-12-16 13:58:16,508 - ERROR - Error inesperado procesando el archivo 1C06FFA3-07CE-4F9A-94AF-6611F75A4EA7.json
Traceback (most recent call last):
  File "c:\Users\gcampos\OneDrive\Development\Json-Me\p_manual.py", line 128, in <module>
    "Cuerpo del documento": items_detalle.lista_de_filas(data, fila)
                 ^^^^^^^^^^^^^^^^^^^^^^^^^^^^
AttributeError: 'function' object has no attribute 'lista_de_filas'
2025-12-16 13:58:16,508 - ERROR - Error inesperado procesando el archivo 1F001ABE-6976-4E68-8816-5007EF3F1651.json
Traceback (most recent call last):
  File "c:\Users\gcampos\OneDrive\Development\Json-Me\p_manual.py", line 128, in <module>
    "Cuerpo del documento": items_detalle.lista_de_filas(data, fila)
                 ^^^^^^^^^^^^^^^^^^^^^^^^^^^^
AttributeError: 'function' object has no attribute 'lista_de_filas'
2025-12-16 13:58:16,508 - ERROR - Error inesperado procesando el archivo 1P001-00000000000647006141511770020.json
Traceback (most recent call last):
  File "c:\Users\gcampos\OneDrive\Development\Json-Me\p_manual.py", line 128, in <module>
    "Cuerpo del documento": items_detalle.lista_de_filas(data, fila)
                 ^^^^^^^^^^^^^^^^^^^^^^^^^^^^
AttributeError: 'function' object has no attribute 'lista_de_filas'
2025-12-16 13:58:16,508 - ERROR - Error inesperado procesando el archivo 1P001-00000000000647106141511770020.json
Traceback (most recent call last):
  File "c:\Users\gcampos\OneDrive\Development\Json-Me\p_manual.py", line 128, in <module>
    "Cuerpo del documento": items_detalle.lista_de_filas(data, fila)
                 ^^^^^^^^^^^^^^^^^^^^^^^^^^^^
AttributeError: 'function' object has no attribute 'lista_de_filas'
2025-12-16 13:58:16,508 - ERROR - Error inesperado procesando el archivo 1P001-00000000000647306141511770020.json
Traceback (most recent call last):
  File "c:\Users\gcampos\OneDrive\Development\Json-Me\p_manual.py", line 128, in <module>
    "Cuerpo del documento": items_detalle.lista_de_filas(data, fila)
                 ^^^^^^^^^^^^^^^^^^^^^^^^^^^^
AttributeError: 'function' object has no attribute 'lista_de_filas'
2025-12-16 13:58:16,508 - ERROR - Error inesperado procesando el archivo 1P001-00000000000651006141511770020.json
Traceback (most recent call last):
  File "c:\Users\gcampos\OneDrive\Development\Json-Me\p_manual.py", line 128, in <module>
    "Cuerpo del documento": items_detalle.lista_de_filas(data, fila)
                 ^^^^^^^^^^^^^^^^^^^^^^^^^^^^
AttributeError: 'function' object has no attribute 'lista_de_filas'
2025-12-16 13:58:16,518 - ERROR - Error inesperado procesando el archivo 1P001-00000000000651306141511770020.json
Traceback (most recent call last):
  File "c:\Users\gcampos\OneDrive\Development\Json-Me\p_manual.py", line 128, in <module>
    "Cuerpo del documento": items_detalle.lista_de_filas(data, fila)
                 ^^^^^^^^^^^^^^^^^^^^^^^^^^^^
AttributeError: 'function' object has no attribute 'lista_de_filas'
2025-12-16 13:58:16,521 - ERROR - Error inesperado procesando el archivo 1P001-00000000000724406141511770020.json
Traceback (most recent call last):
  File "c:\Users\gcampos\OneDrive\Development\Json-Me\p_manual.py", line 128, in <module>
    "Cuerpo del documento": items_detalle.lista_de_filas(data, fila)
                 ^^^^^^^^^^^^^^^^^^^^^^^^^^^^
AttributeError: 'function' object has no attribute 'lista_de_filas'
2025-12-16 13:58:16,523 - ERROR - Error inesperado procesando el archivo 264724A6-8A93-4752-97A5-1AAC6AE3719B.json
Traceback (most recent call last):
  File "c:\Users\gcampos\OneDrive\Development\Json-Me\p_manual.py", line 128, in <module>
    "Cuerpo del documento": items_detalle.lista_de_filas(data, fila)
                 ^^^^^^^^^^^^^^^^^^^^^^^^^^^^
AttributeError: 'function' object has no attribute 'lista_de_filas'
2025-12-16 13:58:16,523 - ERROR - Error inesperado procesando el archivo 269A17A2-4029-4487-B494-F488358DDF5E.json
Traceback (most recent call last):
  File "c:\Users\gcampos\OneDrive\Development\Json-Me\p_manual.py", line 128, in <module>
    "Cuerpo del documento": items_detalle.lista_de_filas(data, fila)
                 ^^^^^^^^^^^^^^^^^^^^^^^^^^^^
AttributeError: 'function' object has no attribute 'lista_de_filas'
2025-12-16 13:58:16,523 - ERROR - Error inesperado procesando el archivo 27E379B7-1B83-4C64-ADC0-5C83806A597A.json
Traceback (most recent call last):
  File "c:\Users\gcampos\OneDrive\Development\Json-Me\p_manual.py", line 128, in <module>
    "Cuerpo del documento": items_detalle.lista_de_filas(data, fila)
                 ^^^^^^^^^^^^^^^^^^^^^^^^^^^^
AttributeError: 'function' object has no attribute 'lista_de_filas'
2025-12-16 13:58:16,523 - ERROR - Error inesperado procesando el archivo 283B5113-C01B-46D1-A890-CD00F9A8E2F8.json
Traceback (most recent call last):
  File "c:\Users\gcampos\OneDrive\Development\Json-Me\p_manual.py", line 128, in <module>
    "Cuerpo del documento": items_detalle.lista_de_filas(data, fila)
                 ^^^^^^^^^^^^^^^^^^^^^^^^^^^^
AttributeError: 'function' object has no attribute 'lista_de_filas'
2025-12-16 13:58:16,523 - ERROR - Error inesperado procesando el archivo 2A7845F5-10D0-4D23-9137-CDE526530AFE.json
Traceback (most recent call last):
  File "c:\Users\gcampos\OneDrive\Development\Json-Me\p_manual.py", line 128, in <module>
    "Cuerpo del documento": items_detalle.lista_de_filas(data, fila)
                 ^^^^^^^^^^^^^^^^^^^^^^^^^^^^
AttributeError: 'function' object has no attribute 'lista_de_filas'
2025-12-16 13:58:16,531 - ERROR - Error inesperado procesando el archivo 397F2380-4487-4AD8-879A-8B21608BC008.json
Traceback (most recent call last):
  File "c:\Users\gcampos\OneDrive\Development\Json-Me\p_manual.py", line 128, in <module>
    "Cuerpo del documento": items_detalle.lista_de_filas(data, fila)
                 ^^^^^^^^^^^^^^^^^^^^^^^^^^^^
AttributeError: 'function' object has no attribute 'lista_de_filas'
2025-12-16 13:58:16,531 - ERROR - Error inesperado procesando el archivo 3F66EE72-42CE-429A-ADD7-479231E99B71.json
Traceback (most recent call last):
  File "c:\Users\gcampos\OneDrive\Development\Json-Me\p_manual.py", line 128, in <module>
    "Cuerpo del documento": items_detalle.lista_de_filas(data, fila)
                 ^^^^^^^^^^^^^^^^^^^^^^^^^^^^
AttributeError: 'function' object has no attribute 'lista_de_filas'
2025-12-16 13:58:16,534 - ERROR - Error inesperado procesando el archivo 43043AD5-35CE-4FCF-E064-00144FF8838D.json
Traceback (most recent call last):
  File "c:\Users\gcampos\OneDrive\Development\Json-Me\p_manual.py", line 128, in <module>
    "Cuerpo del documento": items_detalle.lista_de_filas(data, fila)
                 ^^^^^^^^^^^^^^^^^^^^^^^^^^^^
AttributeError: 'function' object has no attribute 'lista_de_filas'
2025-12-16 13:58:16,534 - ERROR - Error inesperado procesando el archivo 43535047-9E86-17F6-E064-00144FF8838D.json
Traceback (most recent call last):
  File "c:\Users\gcampos\OneDrive\Development\Json-Me\p_manual.py", line 128, in <module>
    "Cuerpo del documento": items_detalle.lista_de_filas(data, fila)
                 ^^^^^^^^^^^^^^^^^^^^^^^^^^^^
AttributeError: 'function' object has no attribute 'lista_de_filas'
2025-12-16 13:58:16,538 - ERROR - Error inesperado procesando el archivo 4F3DC115-3B92-4484-830F-BC316CED7AE6.json
Traceback (most recent call last):
  File "c:\Users\gcampos\OneDrive\Development\Json-Me\p_manual.py", line 128, in <module>
    "Cuerpo del documento": items_detalle.lista_de_filas(data, fila)
                 ^^^^^^^^^^^^^^^^^^^^^^^^^^^^
AttributeError: 'function' object has no attribute 'lista_de_filas'
2025-12-16 13:58:16,539 - ERROR - Error inesperado procesando el archivo 50500DA2-6BC8-4588-8F2A-36BF6F3D83A7.json
Traceback (most recent call last):
  File "c:\Users\gcampos\OneDrive\Development\Json-Me\p_manual.py", line 128, in <module>
    "Cuerpo del documento": items_detalle.lista_de_filas(data, fila)
                 ^^^^^^^^^^^^^^^^^^^^^^^^^^^^
AttributeError: 'function' object has no attribute 'lista_de_filas'
2025-12-16 13:58:16,539 - ERROR - Error inesperado procesando el archivo 5261228E-5188-4F4C-8D03-B83CB26DFF85.json
Traceback (most recent call last):
  File "c:\Users\gcampos\OneDrive\Development\Json-Me\p_manual.py", line 128, in <module>
    "Cuerpo del documento": items_detalle.lista_de_filas(data, fila)
                 ^^^^^^^^^^^^^^^^^^^^^^^^^^^^
AttributeError: 'function' object has no attribute 'lista_de_filas'
2025-12-16 13:58:16,543 - WARNING - Encoding utf-8 el archivo 61EDE671-97A2-412A-8392-8F6B44C904F2.json entró por latin-1
2025-12-16 13:58:16,543 - ERROR - Error inesperado procesando el archivo 61EDE671-97A2-412A-8392-8F6B44C904F2.json
Traceback (most recent call last):
  File "c:\Users\gcampos\OneDrive\Development\Json-Me\p_manual.py", line 128, in <module>
    "Cuerpo del documento": items_detalle.lista_de_filas(data, fila)
                 ^^^^^^^^^^^^^^^^^^^^^^^^^^^^
AttributeError: 'function' object has no attribute 'lista_de_filas'
2025-12-16 13:58:16,546 - ERROR - Error inesperado procesando el archivo 63995E65-FA18-1FD0-AEB2-808000245862.json
Traceback (most recent call last):
  File "c:\Users\gcampos\OneDrive\Development\Json-Me\p_manual.py", line 128, in <module>
    "Cuerpo del documento": items_detalle.lista_de_filas(data, fila)
                 ^^^^^^^^^^^^^^^^^^^^^^^^^^^^
AttributeError: 'function' object has no attribute 'lista_de_filas'
2025-12-16 13:58:16,549 - ERROR - Error inesperado procesando el archivo 63995E65-FA18-1FD0-AEB2-828000245863.json
Traceback (most recent call last):
  File "c:\Users\gcampos\OneDrive\Development\Json-Me\p_manual.py", line 128, in <module>
    "Cuerpo del documento": items_detalle.lista_de_filas(data, fila)
                 ^^^^^^^^^^^^^^^^^^^^^^^^^^^^
AttributeError: 'function' object has no attribute 'lista_de_filas'
2025-12-16 13:58:16,550 - ERROR - Error inesperado procesando el archivo 63995E65-FA18-1FD0-B09C-A98000246506.json
Traceback (most recent call last):
  File "c:\Users\gcampos\OneDrive\Development\Json-Me\p_manual.py", line 128, in <module>
    "Cuerpo del documento": items_detalle.lista_de_filas(data, fila)
                 ^^^^^^^^^^^^^^^^^^^^^^^^^^^^
AttributeError: 'function' object has no attribute 'lista_de_filas'
2025-12-16 13:58:16,550 - ERROR - Error inesperado procesando el archivo 63995E65-FA18-1FD0-B09C-AE8000246507.json
Traceback (most recent call last):
  File "c:\Users\gcampos\OneDrive\Development\Json-Me\p_manual.py", line 128, in <module>
    "Cuerpo del documento": items_detalle.lista_de_filas(data, fila)
                 ^^^^^^^^^^^^^^^^^^^^^^^^^^^^
AttributeError: 'function' object has no attribute 'lista_de_filas'
2025-12-16 13:58:16,550 - ERROR - Error inesperado procesando el archivo 63995E65-FA18-1FD0-B09C-B28000246508.json
Traceback (most recent call last):
  File "c:\Users\gcampos\OneDrive\Development\Json-Me\p_manual.py", line 128, in <module>
    "Cuerpo del documento": items_detalle.lista_de_filas(data, fila)
                 ^^^^^^^^^^^^^^^^^^^^^^^^^^^^
AttributeError: 'function' object has no attribute 'lista_de_filas'
2025-12-16 13:58:16,556 - ERROR - Error inesperado procesando el archivo 63995E65-FA18-1FD0-B1B0-E68000246623.json
Traceback (most recent call last):
  File "c:\Users\gcampos\OneDrive\Development\Json-Me\p_manual.py", line 128, in <module>
    "Cuerpo del documento": items_detalle.lista_de_filas(data, fila)
                 ^^^^^^^^^^^^^^^^^^^^^^^^^^^^
AttributeError: 'function' object has no attribute 'lista_de_filas'
2025-12-16 13:58:16,558 - ERROR - Error inesperado procesando el archivo 63995E65-FA18-1FD0-B1B1-C68000246695.json
Traceback (most recent call last):
  File "c:\Users\gcampos\OneDrive\Development\Json-Me\p_manual.py", line 128, in <module>
    "Cuerpo del documento": items_detalle.lista_de_filas(data, fila)
                 ^^^^^^^^^^^^^^^^^^^^^^^^^^^^
AttributeError: 'function' object has no attribute 'lista_de_filas'
2025-12-16 13:58:16,560 - ERROR - Error inesperado procesando el archivo 63995E65-FA18-1FD0-B393-538000247174.json
Traceback (most recent call last):
  File "c:\Users\gcampos\OneDrive\Development\Json-Me\p_manual.py", line 128, in <module>
    "Cuerpo del documento": items_detalle.lista_de_filas(data, fila)
                 ^^^^^^^^^^^^^^^^^^^^^^^^^^^^
AttributeError: 'function' object has no attribute 'lista_de_filas'
2025-12-16 13:58:16,561 - ERROR - Error inesperado procesando el archivo 63995E65-FA18-1FD0-B393-568000247175.json
Traceback (most recent call last):
  File "c:\Users\gcampos\OneDrive\Development\Json-Me\p_manual.py", line 128, in <module>
    "Cuerpo del documento": items_detalle.lista_de_filas(data, fila)
                 ^^^^^^^^^^^^^^^^^^^^^^^^^^^^
AttributeError: 'function' object has no attribute 'lista_de_filas'
2025-12-16 13:58:16,563 - ERROR - Error inesperado procesando el archivo 63995E65-FA18-1FD0-B395-6B8000247295.json
Traceback (most recent call last):
  File "c:\Users\gcampos\OneDrive\Development\Json-Me\p_manual.py", line 128, in <module>
    "Cuerpo del documento": items_detalle.lista_de_filas(data, fila)
                 ^^^^^^^^^^^^^^^^^^^^^^^^^^^^
AttributeError: 'function' object has no attribute 'lista_de_filas'
2025-12-16 13:58:16,565 - ERROR - Error inesperado procesando el archivo 63995E65-FA18-1FD0-B395-6E8000247296.json
Traceback (most recent call last):
  File "c:\Users\gcampos\OneDrive\Development\Json-Me\p_manual.py", line 128, in <module>
    "Cuerpo del documento": items_detalle.lista_de_filas(data, fila)
                 ^^^^^^^^^^^^^^^^^^^^^^^^^^^^
AttributeError: 'function' object has no attribute 'lista_de_filas'
2025-12-16 13:58:16,567 - ERROR - Error inesperado procesando el archivo 63995E65-FA18-1FD0-B395-708000247297.json
Traceback (most recent call last):
  File "c:\Users\gcampos\OneDrive\Development\Json-Me\p_manual.py", line 128, in <module>
    "Cuerpo del documento": items_detalle.lista_de_filas(data, fila)
                 ^^^^^^^^^^^^^^^^^^^^^^^^^^^^
AttributeError: 'function' object has no attribute 'lista_de_filas'
2025-12-16 13:58:16,567 - ERROR - Error inesperado procesando el archivo 63995E65-FA18-1FD0-B395-738000247298.json
Traceback (most recent call last):
  File "c:\Users\gcampos\OneDrive\Development\Json-Me\p_manual.py", line 128, in <module>
    "Cuerpo del documento": items_detalle.lista_de_filas(data, fila)
                 ^^^^^^^^^^^^^^^^^^^^^^^^^^^^
AttributeError: 'function' object has no attribute 'lista_de_filas'
2025-12-16 13:58:16,573 - ERROR - Error inesperado procesando el archivo 63995E65-FA18-1FD0-B395-758000247299.json
Traceback (most recent call last):
  File "c:\Users\gcampos\OneDrive\Development\Json-Me\p_manual.py", line 128, in <module>
    "Cuerpo del documento": items_detalle.lista_de_filas(data, fila)
                 ^^^^^^^^^^^^^^^^^^^^^^^^^^^^
AttributeError: 'function' object has no attribute 'lista_de_filas'
2025-12-16 13:58:16,575 - WARNING - Encoding utf-8 el archivo 6B473887-EE07-45F0-B6D3-12DF19C9B934.json entró por latin-1
2025-12-16 13:58:16,576 - ERROR - Error inesperado procesando el archivo 6B473887-EE07-45F0-B6D3-12DF19C9B934.json
Traceback (most recent call last):
  File "c:\Users\gcampos\OneDrive\Development\Json-Me\p_manual.py", line 128, in <module>
    "Cuerpo del documento": items_detalle.lista_de_filas(data, fila)
                 ^^^^^^^^^^^^^^^^^^^^^^^^^^^^
AttributeError: 'function' object has no attribute 'lista_de_filas'
2025-12-16 13:58:16,578 - ERROR - Error inesperado procesando el archivo 6F3EC5DD-FE11-4A56-ABF8-5052DDFAADDD.json
Traceback (most recent call last):
  File "c:\Users\gcampos\OneDrive\Development\Json-Me\p_manual.py", line 128, in <module>
    "Cuerpo del documento": items_detalle.lista_de_filas(data, fila)
                 ^^^^^^^^^^^^^^^^^^^^^^^^^^^^
AttributeError: 'function' object has no attribute 'lista_de_filas'
2025-12-16 13:58:16,579 - WARNING - Encoding utf-8 el archivo 70F448C6-F7DF-415F-A3FE-C737208057E8.json entró por latin-1
2025-12-16 13:58:16,581 - ERROR - Error inesperado procesando el archivo 70F448C6-F7DF-415F-A3FE-C737208057E8.json
Traceback (most recent call last):
  File "c:\Users\gcampos\OneDrive\Development\Json-Me\p_manual.py", line 128, in <module>
    "Cuerpo del documento": items_detalle.lista_de_filas(data, fila)
                 ^^^^^^^^^^^^^^^^^^^^^^^^^^^^
AttributeError: 'function' object has no attribute 'lista_de_filas'
2025-12-16 13:58:16,583 - WARNING - Encoding utf-8 el archivo 7146F7AD-C19D-4A89-90C4-BEFC70AE03CA.json entró por latin-1
2025-12-16 13:58:16,583 - ERROR - Error inesperado procesando el archivo 7146F7AD-C19D-4A89-90C4-BEFC70AE03CA.json
Traceback (most recent call last):
  File "c:\Users\gcampos\OneDrive\Development\Json-Me\p_manual.py", line 128, in <module>
    "Cuerpo del documento": items_detalle.lista_de_filas(data, fila)
                 ^^^^^^^^^^^^^^^^^^^^^^^^^^^^
AttributeError: 'function' object has no attribute 'lista_de_filas'
2025-12-16 13:58:16,583 - ERROR - Error inesperado procesando el archivo 71954747-81F4-4FBE-BF8F-4B8B171FECF1.json
Traceback (most recent call last):
  File "c:\Users\gcampos\OneDrive\Development\Json-Me\p_manual.py", line 128, in <module>
    "Cuerpo del documento": items_detalle.lista_de_filas(data, fila)
                 ^^^^^^^^^^^^^^^^^^^^^^^^^^^^
AttributeError: 'function' object has no attribute 'lista_de_filas'
2025-12-16 13:58:16,591 - ERROR - Error inesperado procesando el archivo 79157784-11AD-4903-B5F6-EB9A39E20377.json
Traceback (most recent call last):
  File "c:\Users\gcampos\OneDrive\Development\Json-Me\p_manual.py", line 128, in <module>
    "Cuerpo del documento": items_detalle.lista_de_filas(data, fila)
                 ^^^^^^^^^^^^^^^^^^^^^^^^^^^^
AttributeError: 'function' object has no attribute 'lista_de_filas'
2025-12-16 13:58:16,593 - ERROR - Error inesperado procesando el archivo 7D41829A-DE48-4C50-9030-B192AF151C77.json
Traceback (most recent call last):
  File "c:\Users\gcampos\OneDrive\Development\Json-Me\p_manual.py", line 128, in <module>
    "Cuerpo del documento": items_detalle.lista_de_filas(data, fila)
                 ^^^^^^^^^^^^^^^^^^^^^^^^^^^^
AttributeError: 'function' object has no attribute 'lista_de_filas'
2025-12-16 13:58:16,595 - ERROR - Error inesperado procesando el archivo 80A7EEC7-577E-4D91-8401-2689379D89C4.json
Traceback (most recent call last):
  File "c:\Users\gcampos\OneDrive\Development\Json-Me\p_manual.py", line 128, in <module>
    "Cuerpo del documento": items_detalle.lista_de_filas(data, fila)
                 ^^^^^^^^^^^^^^^^^^^^^^^^^^^^
AttributeError: 'function' object has no attribute 'lista_de_filas'
2025-12-16 13:58:16,598 - ERROR - Error inesperado procesando el archivo 83CF9CF3-7D3A-4352-B3BA-72BCA15BF460.json
Traceback (most recent call last):
  File "c:\Users\gcampos\OneDrive\Development\Json-Me\p_manual.py", line 128, in <module>
    "Cuerpo del documento": items_detalle.lista_de_filas(data, fila)
                 ^^^^^^^^^^^^^^^^^^^^^^^^^^^^
AttributeError: 'function' object has no attribute 'lista_de_filas'
2025-12-16 13:58:16,600 - ERROR - Error inesperado procesando el archivo 86B872B3-7509-4495-9187-4279F27A1B2D.json
Traceback (most recent call last):
  File "c:\Users\gcampos\OneDrive\Development\Json-Me\p_manual.py", line 128, in <module>
    "Cuerpo del documento": items_detalle.lista_de_filas(data, fila)
                 ^^^^^^^^^^^^^^^^^^^^^^^^^^^^
AttributeError: 'function' object has no attribute 'lista_de_filas'
2025-12-16 13:58:16,607 - ERROR - Error inesperado procesando el archivo 86EFF862-3248-4FC5-B92D-16C67247A852.json
Traceback (most recent call last):
  File "c:\Users\gcampos\OneDrive\Development\Json-Me\p_manual.py", line 128, in <module>
    "Cuerpo del documento": items_detalle.lista_de_filas(data, fila)
                 ^^^^^^^^^^^^^^^^^^^^^^^^^^^^
AttributeError: 'function' object has no attribute 'lista_de_filas'
2025-12-16 13:58:16,608 - ERROR - Error inesperado procesando el archivo 888A968D-CE20-41EE-87F2-D6F70A9FB151.json
Traceback (most recent call last):
  File "c:\Users\gcampos\OneDrive\Development\Json-Me\p_manual.py", line 128, in <module>
    "Cuerpo del documento": items_detalle.lista_de_filas(data, fila)
                 ^^^^^^^^^^^^^^^^^^^^^^^^^^^^
AttributeError: 'function' object has no attribute 'lista_de_filas'
2025-12-16 13:58:16,610 - WARNING - Encoding utf-8 el archivo 889B95B5-3382-4C46-8E3F-801AA358EA71.json entró por latin-1
2025-12-16 13:58:16,610 - ERROR - Error inesperado procesando el archivo 889B95B5-3382-4C46-8E3F-801AA358EA71.json
Traceback (most recent call last):
  File "c:\Users\gcampos\OneDrive\Development\Json-Me\p_manual.py", line 128, in <module>
    "Cuerpo del documento": items_detalle.lista_de_filas(data, fila)
                 ^^^^^^^^^^^^^^^^^^^^^^^^^^^^
AttributeError: 'function' object has no attribute 'lista_de_filas'
2025-12-16 13:58:16,612 - ERROR - Error inesperado procesando el archivo 8D4912C3-3972-1FE0-B3B2-C2ACA286BCB7.json
Traceback (most recent call last):
  File "c:\Users\gcampos\OneDrive\Development\Json-Me\p_manual.py", line 128, in <module>
    "Cuerpo del documento": items_detalle.lista_de_filas(data, fila)
                 ^^^^^^^^^^^^^^^^^^^^^^^^^^^^
AttributeError: 'function' object has no attribute 'lista_de_filas'
2025-12-16 13:58:16,614 - ERROR - Error inesperado procesando el archivo 8D963F4A-24DB-43CB-A4FC-B8B129B6152F.json
Traceback (most recent call last):
  File "c:\Users\gcampos\OneDrive\Development\Json-Me\p_manual.py", line 128, in <module>
    "Cuerpo del documento": items_detalle.lista_de_filas(data, fila)
                 ^^^^^^^^^^^^^^^^^^^^^^^^^^^^
AttributeError: 'function' object has no attribute 'lista_de_filas'
2025-12-16 13:58:16,617 - ERROR - Error inesperado procesando el archivo 9C610C5D-92C9-4FE2-8C7F-578AC90854A9.json
Traceback (most recent call last):
  File "c:\Users\gcampos\OneDrive\Development\Json-Me\p_manual.py", line 128, in <module>
    "Cuerpo del documento": items_detalle.lista_de_filas(data, fila)
                 ^^^^^^^^^^^^^^^^^^^^^^^^^^^^
AttributeError: 'function' object has no attribute 'lista_de_filas'
2025-12-16 13:58:16,620 - ERROR - Error inesperado procesando el archivo A3D11227-70B9-4D40-81E5-8901ABF6A766.json
Traceback (most recent call last):
  File "c:\Users\gcampos\OneDrive\Development\Json-Me\p_manual.py", line 128, in <module>
    "Cuerpo del documento": items_detalle.lista_de_filas(data, fila)
                 ^^^^^^^^^^^^^^^^^^^^^^^^^^^^
AttributeError: 'function' object has no attribute 'lista_de_filas'
2025-12-16 13:58:16,623 - ERROR - Error inesperado procesando el archivo A46D4E64-4485-41B4-8248-152D2E98DD72.json
Traceback (most recent call last):
  File "c:\Users\gcampos\OneDrive\Development\Json-Me\p_manual.py", line 128, in <module>
    "Cuerpo del documento": items_detalle.lista_de_filas(data, fila)
                 ^^^^^^^^^^^^^^^^^^^^^^^^^^^^
AttributeError: 'function' object has no attribute 'lista_de_filas'
2025-12-16 13:58:16,625 - WARNING - Encoding utf-8 el archivo A91B7DF7-81AE-4934-9194-8B9FEC3046C5.json entró por latin-1
2025-12-16 13:58:16,626 - ERROR - Error inesperado procesando el archivo A91B7DF7-81AE-4934-9194-8B9FEC3046C5.json
Traceback (most recent call last):
  File "c:\Users\gcampos\OneDrive\Development\Json-Me\p_manual.py", line 128, in <module>
    "Cuerpo del documento": items_detalle.lista_de_filas(data, fila)
                 ^^^^^^^^^^^^^^^^^^^^^^^^^^^^
AttributeError: 'function' object has no attribute 'lista_de_filas'
2025-12-16 13:58:16,628 - ERROR - Error inesperado procesando el archivo ABF1227C-1FCA-43A4-817B-DB4D94FEAF04.json
Traceback (most recent call last):
  File "c:\Users\gcampos\OneDrive\Development\Json-Me\p_manual.py", line 128, in <module>
    "Cuerpo del documento": items_detalle.lista_de_filas(data, fila)
                 ^^^^^^^^^^^^^^^^^^^^^^^^^^^^
AttributeError: 'function' object has no attribute 'lista_de_filas'
2025-12-16 13:58:16,630 - ERROR - Error inesperado procesando el archivo AF03CD2B-9D09-4F97-80E8-7AB66E843F99.json
Traceback (most recent call last):
  File "c:\Users\gcampos\OneDrive\Development\Json-Me\p_manual.py", line 128, in <module>
    "Cuerpo del documento": items_detalle.lista_de_filas(data, fila)
                 ^^^^^^^^^^^^^^^^^^^^^^^^^^^^
AttributeError: 'function' object has no attribute 'lista_de_filas'
2025-12-16 13:58:16,632 - WARNING - Encoding utf-8 el archivo B048B404-7A75-4503-B491-A6EDFF789AD4.json entró por latin-1
2025-12-16 13:58:16,632 - ERROR - Error inesperado procesando el archivo B048B404-7A75-4503-B491-A6EDFF789AD4.json
Traceback (most recent call last):
  File "c:\Users\gcampos\OneDrive\Development\Json-Me\p_manual.py", line 128, in <module>
    "Cuerpo del documento": items_detalle.lista_de_filas(data, fila)
                 ^^^^^^^^^^^^^^^^^^^^^^^^^^^^
AttributeError: 'function' object has no attribute 'lista_de_filas'
2025-12-16 13:58:16,634 - ERROR - Error inesperado procesando el archivo B52270FA-58B8-472D-AE09-355D447A5CF2.json
Traceback (most recent call last):
  File "c:\Users\gcampos\OneDrive\Development\Json-Me\p_manual.py", line 128, in <module>
    "Cuerpo del documento": items_detalle.lista_de_filas(data, fila)
                 ^^^^^^^^^^^^^^^^^^^^^^^^^^^^
AttributeError: 'function' object has no attribute 'lista_de_filas'
2025-12-16 13:58:16,636 - ERROR - Error inesperado procesando el archivo B73C67D4-F513-4199-8329-4B1062067E81.json
Traceback (most recent call last):
  File "c:\Users\gcampos\OneDrive\Development\Json-Me\p_manual.py", line 128, in <module>
    "Cuerpo del documento": items_detalle.lista_de_filas(data, fila)
                 ^^^^^^^^^^^^^^^^^^^^^^^^^^^^
AttributeError: 'function' object has no attribute 'lista_de_filas'
2025-12-16 13:58:16,638 - WARNING - Encoding utf-8 el archivo BF2BA5D5-9582-42EC-99C8-42DB67284886.json entró por latin-1
2025-12-16 13:58:16,638 - ERROR - Error inesperado procesando el archivo BF2BA5D5-9582-42EC-99C8-42DB67284886.json
Traceback (most recent call last):
  File "c:\Users\gcampos\OneDrive\Development\Json-Me\p_manual.py", line 128, in <module>
    "Cuerpo del documento": items_detalle.lista_de_filas(data, fila)
                 ^^^^^^^^^^^^^^^^^^^^^^^^^^^^
AttributeError: 'function' object has no attribute 'lista_de_filas'
2025-12-16 13:58:16,639 - WARNING - Encoding utf-8 el archivo BFCC3EFC-4BDD-4A5E-AD2E-F50AD0D44631.json entró por latin-1
2025-12-16 13:58:16,639 - ERROR - Error inesperado procesando el archivo BFCC3EFC-4BDD-4A5E-AD2E-F50AD0D44631.json
Traceback (most recent call last):
  File "c:\Users\gcampos\OneDrive\Development\Json-Me\p_manual.py", line 128, in <module>
    "Cuerpo del documento": items_detalle.lista_de_filas(data, fila)
                 ^^^^^^^^^^^^^^^^^^^^^^^^^^^^
AttributeError: 'function' object has no attribute 'lista_de_filas'
2025-12-16 13:58:16,642 - ERROR - Error inesperado procesando el archivo C205B00E-A61F-476F-AEBE-81E97844A178.json
Traceback (most recent call last):
  File "c:\Users\gcampos\OneDrive\Development\Json-Me\p_manual.py", line 128, in <module>
    "Cuerpo del documento": items_detalle.lista_de_filas(data, fila)
                 ^^^^^^^^^^^^^^^^^^^^^^^^^^^^
AttributeError: 'function' object has no attribute 'lista_de_filas'
2025-12-16 13:58:16,645 - ERROR - Error inesperado procesando el archivo C5D598D6-0748-4E1A-B57E-4B35189EBBF4.json
Traceback (most recent call last):
  File "c:\Users\gcampos\OneDrive\Development\Json-Me\p_manual.py", line 128, in <module>
    "Cuerpo del documento": items_detalle.lista_de_filas(data, fila)
                 ^^^^^^^^^^^^^^^^^^^^^^^^^^^^
AttributeError: 'function' object has no attribute 'lista_de_filas'
2025-12-16 13:58:16,648 - ERROR - Error inesperado procesando el archivo C6E2AB93-65FA-4E40-AC6E-59AE8CC63431.json
Traceback (most recent call last):
  File "c:\Users\gcampos\OneDrive\Development\Json-Me\p_manual.py", line 128, in <module>
    "Cuerpo del documento": items_detalle.lista_de_filas(data, fila)
                 ^^^^^^^^^^^^^^^^^^^^^^^^^^^^
AttributeError: 'function' object has no attribute 'lista_de_filas'
2025-12-16 13:58:16,648 - ERROR - Error inesperado procesando el archivo CA105E91-D16E-40A5-BF95-76BF0E5A8C84.json
Traceback (most recent call last):
  File "c:\Users\gcampos\OneDrive\Development\Json-Me\p_manual.py", line 128, in <module>
    "Cuerpo del documento": items_detalle.lista_de_filas(data, fila)
                 ^^^^^^^^^^^^^^^^^^^^^^^^^^^^
AttributeError: 'function' object has no attribute 'lista_de_filas'
2025-12-16 13:58:16,648 - ERROR - Error inesperado procesando el archivo COMPRETENCION_1_JSON (2).json
Traceback (most recent call last):
  File "c:\Users\gcampos\OneDrive\Development\Json-Me\p_manual.py", line 128, in <module>
    "Cuerpo del documento": items_detalle.lista_de_filas(data, fila)
                 ^^^^^^^^^^^^^^^^^^^^^^^^^^^^
AttributeError: 'function' object has no attribute 'lista_de_filas'
2025-12-16 13:58:16,654 - WARNING - Encoding utf-8 el archivo COMPRETENCION_1_JSON (3).json entró por latin-1
2025-12-16 13:58:16,658 - ERROR - Error inesperado procesando el archivo COMPRETENCION_1_JSON (3).json
Traceback (most recent call last):
  File "c:\Users\gcampos\OneDrive\Development\Json-Me\p_manual.py", line 128, in <module>
    "Cuerpo del documento": items_detalle.lista_de_filas(data, fila)
                 ^^^^^^^^^^^^^^^^^^^^^^^^^^^^
AttributeError: 'function' object has no attribute 'lista_de_filas'
2025-12-16 13:58:16,660 - WARNING - Encoding utf-8 el archivo COMPRETENCION_1_JSON.json entró por latin-1
2025-12-16 13:58:16,661 - ERROR - Error inesperado procesando el archivo COMPRETENCION_1_JSON.json
Traceback (most recent call last):
  File "c:\Users\gcampos\OneDrive\Development\Json-Me\p_manual.py", line 128, in <module>
    "Cuerpo del documento": items_detalle.lista_de_filas(data, fila)
                 ^^^^^^^^^^^^^^^^^^^^^^^^^^^^
AttributeError: 'function' object has no attribute 'lista_de_filas'
2025-12-16 13:58:16,663 - WARNING - Encoding utf-8 el archivo COMPRETENCION_1_JSON_1.json entró por latin-1
2025-12-16 13:58:16,663 - ERROR - Error inesperado procesando el archivo COMPRETENCION_1_JSON_1.json
Traceback (most recent call last):
  File "c:\Users\gcampos\OneDrive\Development\Json-Me\p_manual.py", line 128, in <module>
    "Cuerpo del documento": items_detalle.lista_de_filas(data, fila)
                 ^^^^^^^^^^^^^^^^^^^^^^^^^^^^
AttributeError: 'function' object has no attribute 'lista_de_filas'
2025-12-16 13:58:16,666 - ERROR - Error inesperado procesando el archivo Comprobante_Electronico-2B22166E-FC8D-49C7-A20E-D0814F17C2EC.json
Traceback (most recent call last):
  File "c:\Users\gcampos\OneDrive\Development\Json-Me\p_manual.py", line 128, in <module>
    "Cuerpo del documento": items_detalle.lista_de_filas(data, fila)
                 ^^^^^^^^^^^^^^^^^^^^^^^^^^^^
AttributeError: 'function' object has no attribute 'lista_de_filas'
2025-12-16 13:58:16,667 - ERROR - Error inesperado procesando el archivo Comprobante_Electronico-F554889F-6589-4F74-9F50-B1A91EC6254C.json
Traceback (most recent call last):
  File "c:\Users\gcampos\OneDrive\Development\Json-Me\p_manual.py", line 128, in <module>
    "Cuerpo del documento": items_detalle.lista_de_filas(data, fila)
                 ^^^^^^^^^^^^^^^^^^^^^^^^^^^^
AttributeError: 'function' object has no attribute 'lista_de_filas'
2025-12-16 13:58:16,668 - ERROR - Error inesperado procesando el archivo D39DC43D-2750-460B-8EFF-ECAAB9CA66DC.json
Traceback (most recent call last):
  File "c:\Users\gcampos\OneDrive\Development\Json-Me\p_manual.py", line 128, in <module>
    "Cuerpo del documento": items_detalle.lista_de_filas(data, fila)
                 ^^^^^^^^^^^^^^^^^^^^^^^^^^^^
AttributeError: 'function' object has no attribute 'lista_de_filas'
2025-12-16 13:58:16,671 - WARNING - Encoding utf-8 el archivo D470AB26-351E-49E0-B4AE-FEB0B7EB231D.json entró por latin-1
2025-12-16 13:58:16,671 - ERROR - Error inesperado procesando el archivo D470AB26-351E-49E0-B4AE-FEB0B7EB231D.json
Traceback (most recent call last):
  File "c:\Users\gcampos\OneDrive\Development\Json-Me\p_manual.py", line 128, in <module>
    "Cuerpo del documento": items_detalle.lista_de_filas(data, fila)
                 ^^^^^^^^^^^^^^^^^^^^^^^^^^^^
AttributeError: 'function' object has no attribute 'lista_de_filas'
2025-12-16 13:58:16,674 - ERROR - Error inesperado procesando el archivo D6B39A84-23B5-407E-B820-B292D1D152A0.json
Traceback (most recent call last):
  File "c:\Users\gcampos\OneDrive\Development\Json-Me\p_manual.py", line 128, in <module>
    "Cuerpo del documento": items_detalle.lista_de_filas(data, fila)
                 ^^^^^^^^^^^^^^^^^^^^^^^^^^^^
AttributeError: 'function' object has no attribute 'lista_de_filas'
2025-12-16 13:58:16,675 - ERROR - Error inesperado procesando el archivo D9D08459-A210-4E50-B4D4-A15AF613CBD5.json
Traceback (most recent call last):
  File "c:\Users\gcampos\OneDrive\Development\Json-Me\p_manual.py", line 128, in <module>
    "Cuerpo del documento": items_detalle.lista_de_filas(data, fila)
                 ^^^^^^^^^^^^^^^^^^^^^^^^^^^^
AttributeError: 'function' object has no attribute 'lista_de_filas'
2025-12-16 13:58:16,677 - ERROR - Error inesperado procesando el archivo DA4D4B01-C7FA-4878-8DA7-A89B72DC29C6.json
Traceback (most recent call last):
  File "c:\Users\gcampos\OneDrive\Development\Json-Me\p_manual.py", line 128, in <module>
    "Cuerpo del documento": items_detalle.lista_de_filas(data, fila)
                 ^^^^^^^^^^^^^^^^^^^^^^^^^^^^
AttributeError: 'function' object has no attribute 'lista_de_filas'
2025-12-16 13:58:16,679 - ERROR - Error inesperado procesando el archivo DC7C7B8F-1405-49F7-AA31-A4AAFBC87EBE.json
Traceback (most recent call last):
  File "c:\Users\gcampos\OneDrive\Development\Json-Me\p_manual.py", line 128, in <module>
    "Cuerpo del documento": items_detalle.lista_de_filas(data, fila)
                 ^^^^^^^^^^^^^^^^^^^^^^^^^^^^
AttributeError: 'function' object has no attribute 'lista_de_filas'
2025-12-16 13:58:16,681 - ERROR - Error inesperado procesando el archivo DTE-07-M001P001-000000000000802_834D8746-25B5-4732-8190-7224DF226810.json
Traceback (most recent call last):
  File "c:\Users\gcampos\OneDrive\Development\Json-Me\p_manual.py", line 128, in <module>
    "Cuerpo del documento": items_detalle.lista_de_filas(data, fila)
                 ^^^^^^^^^^^^^^^^^^^^^^^^^^^^
AttributeError: 'function' object has no attribute 'lista_de_filas'
2025-12-16 13:58:16,683 - ERROR - Error inesperado procesando el archivo DTE-07-M001P001-000000000004701_3B4594F6-0426-4B60-993E-7ED951C0BAD1.json
Traceback (most recent call last):
  File "c:\Users\gcampos\OneDrive\Development\Json-Me\p_manual.py", line 128, in <module>
    "Cuerpo del documento": items_detalle.lista_de_filas(data, fila)
                 ^^^^^^^^^^^^^^^^^^^^^^^^^^^^
AttributeError: 'function' object has no attribute 'lista_de_filas'
2025-12-16 13:58:16,685 - ERROR - Error inesperado procesando el archivo DTE-07-M001P001-000000000004702_CC0997A7-3FBC-4900-BC44-C1F7377E1BDB.json
Traceback (most recent call last):
  File "c:\Users\gcampos\OneDrive\Development\Json-Me\p_manual.py", line 128, in <module>
    "Cuerpo del documento": items_detalle.lista_de_filas(data, fila)
                 ^^^^^^^^^^^^^^^^^^^^^^^^^^^^
AttributeError: 'function' object has no attribute 'lista_de_filas'
2025-12-16 13:58:16,687 - ERROR - Error inesperado procesando el archivo DTE-07-M001P001-000000000004703_0E4E23E4-6253-4761-B28F-90115F9D40D9.json
Traceback (most recent call last):
  File "c:\Users\gcampos\OneDrive\Development\Json-Me\p_manual.py", line 128, in <module>
    "Cuerpo del documento": items_detalle.lista_de_filas(data, fila)
                 ^^^^^^^^^^^^^^^^^^^^^^^^^^^^
AttributeError: 'function' object has no attribute 'lista_de_filas'
2025-12-16 13:58:16,690 - ERROR - Error inesperado procesando el archivo DTE-07-M001P001-000000000004704_53993390-CCA0-4527-9AF8-F3016F93CFB7.json
Traceback (most recent call last):
  File "c:\Users\gcampos\OneDrive\Development\Json-Me\p_manual.py", line 128, in <module>
    "Cuerpo del documento": items_detalle.lista_de_filas(data, fila)
                 ^^^^^^^^^^^^^^^^^^^^^^^^^^^^
AttributeError: 'function' object has no attribute 'lista_de_filas'
2025-12-16 13:58:16,692 - ERROR - Error inesperado procesando el archivo DTE-07-M001P001-000000000004735_FD8A1F21-5EB1-4BDC-A301-23872CFC7BDB.json
Traceback (most recent call last):
  File "c:\Users\gcampos\OneDrive\Development\Json-Me\p_manual.py", line 128, in <module>
    "Cuerpo del documento": items_detalle.lista_de_filas(data, fila)
                 ^^^^^^^^^^^^^^^^^^^^^^^^^^^^
AttributeError: 'function' object has no attribute 'lista_de_filas'
2025-12-16 13:58:16,693 - ERROR - Error inesperado procesando el archivo DTE-07-M001P001-000000000005630_6BB96BEE-BF95-4829-B75A-001B5623B6B3.json
Traceback (most recent call last):
  File "c:\Users\gcampos\OneDrive\Development\Json-Me\p_manual.py", line 128, in <module>
    "Cuerpo del documento": items_detalle.lista_de_filas(data, fila)
                 ^^^^^^^^^^^^^^^^^^^^^^^^^^^^
AttributeError: 'function' object has no attribute 'lista_de_filas'
2025-12-16 13:58:16,695 - ERROR - El archivo DTE-07-M001P001-202500000001680.json no es un JSON válido o está vacío.
2025-12-16 13:58:16,695 - ERROR - Error inesperado procesando el archivo DTE-07-M001P010-000000000010170-2F1B8414-99C9-4277-B970-CB1C8B14B12C-10-11-2025 025523.json
Traceback (most recent call last):
  File "c:\Users\gcampos\OneDrive\Development\Json-Me\p_manual.py", line 128, in <module>
    "Cuerpo del documento": items_detalle.lista_de_filas(data, fila)
                 ^^^^^^^^^^^^^^^^^^^^^^^^^^^^
AttributeError: 'function' object has no attribute 'lista_de_filas'
2025-12-16 13:58:16,696 - ERROR - Error inesperado procesando el archivo DTE-07-M001P010-000000000010461-9D020BB0-D298-4819-83AC-BEE2E40939CB-18-11-2025 021735.json
Traceback (most recent call last):
  File "c:\Users\gcampos\OneDrive\Development\Json-Me\p_manual.py", line 128, in <module>
    "Cuerpo del documento": items_detalle.lista_de_filas(data, fila)
                 ^^^^^^^^^^^^^^^^^^^^^^^^^^^^
AttributeError: 'function' object has no attribute 'lista_de_filas'
2025-12-16 13:58:16,699 - ERROR - Error inesperado procesando el archivo DTE-07-M001P010-000000000010550-AEFC8F20-D47A-4EE3-AF07-A6AC06B88CF8-20-11-2025 024901.json
Traceback (most recent call last):
  File "c:\Users\gcampos\OneDrive\Development\Json-Me\p_manual.py", line 128, in <module>
    "Cuerpo del documento": items_detalle.lista_de_filas(data, fila)
                 ^^^^^^^^^^^^^^^^^^^^^^^^^^^^
AttributeError: 'function' object has no attribute 'lista_de_filas'
2025-12-16 13:58:16,700 - ERROR - Error inesperado procesando el archivo DTE-07-M001P010-000000000010707-27B0CB09-4F1C-4604-8E57-795B04E582B6-25-11-2025 101502.json
Traceback (most recent call last):
  File "c:\Users\gcampos\OneDrive\Development\Json-Me\p_manual.py", line 128, in <module>
    "Cuerpo del documento": items_detalle.lista_de_filas(data, fila)
                 ^^^^^^^^^^^^^^^^^^^^^^^^^^^^
AttributeError: 'function' object has no attribute 'lista_de_filas'
2025-12-16 13:58:16,702 - ERROR - Error inesperado procesando el archivo DTE-07-M001P010-000000000010770-29029575-E3E0-4DD9-BE43-5ABCA1C0F71A-26-11-2025 022548.json
Traceback (most recent call last):
  File "c:\Users\gcampos\OneDrive\Development\Json-Me\p_manual.py", line 128, in <module>
    "Cuerpo del documento": items_detalle.lista_de_filas(data, fila)
                 ^^^^^^^^^^^^^^^^^^^^^^^^^^^^
AttributeError: 'function' object has no attribute 'lista_de_filas'
2025-12-16 13:58:16,703 - ERROR - Error inesperado procesando el archivo DTE-07-M001P010-000000000010871-359910A9-A847-4F1C-88D2-A6CF961A9E52-28-11-2025 024944.json
Traceback (most recent call last):
  File "c:\Users\gcampos\OneDrive\Development\Json-Me\p_manual.py", line 128, in <module>
    "Cuerpo del documento": items_detalle.lista_de_filas(data, fila)
                 ^^^^^^^^^^^^^^^^^^^^^^^^^^^^
AttributeError: 'function' object has no attribute 'lista_de_filas'
2025-12-16 13:58:16,705 - ERROR - Error inesperado procesando el archivo DTE-07-S003P001-000000000000106_7DA3A730-70AB-4897-BB57-D55831A9A9FC.json
Traceback (most recent call last):
  File "c:\Users\gcampos\OneDrive\Development\Json-Me\p_manual.py", line 128, in <module>
    "Cuerpo del documento": items_detalle.lista_de_filas(data, fila)
                 ^^^^^^^^^^^^^^^^^^^^^^^^^^^^
AttributeError: 'function' object has no attribute 'lista_de_filas'
2025-12-16 13:58:16,707 - ERROR - Error inesperado procesando el archivo EC2A892C-5336-49BE-832F-4D2656FA682E.json
Traceback (most recent call last):
  File "c:\Users\gcampos\OneDrive\Development\Json-Me\p_manual.py", line 128, in <module>
    "Cuerpo del documento": items_detalle.lista_de_filas(data, fila)
                 ^^^^^^^^^^^^^^^^^^^^^^^^^^^^
AttributeError: 'function' object has no attribute 'lista_de_filas'
2025-12-16 13:58:16,709 - ERROR - Error inesperado procesando el archivo EFA27456-B005-4F04-A1FD-EB72617BC038.json
Traceback (most recent call last):
  File "c:\Users\gcampos\OneDrive\Development\Json-Me\p_manual.py", line 128, in <module>
    "Cuerpo del documento": items_detalle.lista_de_filas(data, fila)
                 ^^^^^^^^^^^^^^^^^^^^^^^^^^^^
AttributeError: 'function' object has no attribute 'lista_de_filas'
2025-12-16 13:58:16,710 - ERROR - Error inesperado procesando el archivo F9EA6881-4E9A-40B9-B307-3C6213F4D3F8.json
Traceback (most recent call last):
  File "c:\Users\gcampos\OneDrive\Development\Json-Me\p_manual.py", line 128, in <module>
    "Cuerpo del documento": items_detalle.lista_de_filas(data, fila)
                 ^^^^^^^^^^^^^^^^^^^^^^^^^^^^
AttributeError: 'function' object has no attribute 'lista_de_filas'
2025-12-16 13:58:16,712 - WARNING - Encoding utf-8 el archivo factura-DTE-07-M001P001-000000000008439.json entró por latin-1
2025-12-16 13:58:16,712 - ERROR - Error inesperado procesando el archivo factura-DTE-07-M001P001-000000000008439.json
Traceback (most recent call last):
  File "c:\Users\gcampos\OneDrive\Development\Json-Me\p_manual.py", line 128, in <module>
    "Cuerpo del documento": items_detalle.lista_de_filas(data, fila)
                 ^^^^^^^^^^^^^^^^^^^^^^^^^^^^
AttributeError: 'function' object has no attribute 'lista_de_filas'
2025-12-16 13:58:16,714 - ERROR - Error inesperado procesando el archivo FC71A4F2-606A-4C12-968B-1C3F3F13E0E1.json
Traceback (most recent call last):
  File "c:\Users\gcampos\OneDrive\Development\Json-Me\p_manual.py", line 128, in <module>
    "Cuerpo del documento": items_detalle.lista_de_filas(data, fila)
                 ^^^^^^^^^^^^^^^^^^^^^^^^^^^^
AttributeError: 'function' object has no attribute 'lista_de_filas'
2025-12-16 13:58:16,715 - ERROR - Error inesperado procesando el archivo FDFD466B-597B-4483-B341-C24123BC9ED9.json
Traceback (most recent call last):
  File "c:\Users\gcampos\OneDrive\Development\Json-Me\p_manual.py", line 128, in <module>
    "Cuerpo del documento": items_detalle.lista_de_filas(data, fila)
                 ^^^^^^^^^^^^^^^^^^^^^^^^^^^^
AttributeError: 'function' object has no attribute 'lista_de_filas'
2025-12-16 13:58:16,716 - ERROR - Error inesperado procesando el archivo Retención No.4999.json
Traceback (most recent call last):
  File "c:\Users\gcampos\OneDrive\Development\Json-Me\p_manual.py", line 128, in <module>
    "Cuerpo del documento": items_detalle.lista_de_filas(data, fila)
                 ^^^^^^^^^^^^^^^^^^^^^^^^^^^^
AttributeError: 'function' object has no attribute 'lista_de_filas'
2025-12-16 14:13:15,568 - INFO - Procesado exitosamente: 0178483A-CC0C-406B-8D75-56A23E141CDF.json
2025-12-16 14:13:15,569 - INFO - Procesado exitosamente: 08C47A1E-489B-4747-96BF-BDBA13D427F9.json
2025-12-16 14:13:15,570 - INFO - Procesado exitosamente: 09C6487E-B719-434C-BBFE-CC60313942DB.json
2025-12-16 14:13:15,570 - INFO - Procesado exitosamente: 115BBDE7-2265-4FDD-8DA9-4D7FBCB8E58F.json
2025-12-16 14:13:15,570 - INFO - Procesado exitosamente: 13B5D334-13CE-48AD-AE24-7D8497D38E32.json
2025-12-16 14:13:15,571 - INFO - Procesado exitosamente: 15F0FD55-2D8D-45AC-A065-C21F98126780.json
2025-12-16 14:13:15,572 - INFO - Procesado exitosamente: 1BF1D241-813E-4BBC-9FE0-2B56E2176DC3.json
2025-12-16 14:13:15,572 - INFO - Procesado exitosamente: 1C06FFA3-07CE-4F9A-94AF-6611F75A4EA7.json
2025-12-16 14:13:15,573 - INFO - Procesado exitosamente: 1F001ABE-6976-4E68-8816-5007EF3F1651.json
2025-12-16 14:13:15,573 - INFO - Procesado exitosamente: 1P001-00000000000647006141511770020.json
2025-12-16 14:13:15,574 - INFO - Procesado exitosamente: 1P001-00000000000647106141511770020.json
2025-12-16 14:13:15,574 - INFO - Procesado exitosamente: 1P001-00000000000647306141511770020.json
2025-12-16 14:13:15,575 - INFO - Procesado exitosamente: 1P001-00000000000651006141511770020.json
2025-12-16 14:13:15,575 - INFO - Procesado exitosamente: 1P001-00000000000651306141511770020.json
2025-12-16 14:13:15,575 - INFO - Procesado exitosamente: 1P001-00000000000724406141511770020.json
2025-12-16 14:13:15,576 - INFO - Procesado exitosamente: 264724A6-8A93-4752-97A5-1AAC6AE3719B.json
2025-12-16 14:13:15,576 - INFO - Procesado exitosamente: 269A17A2-4029-4487-B494-F488358DDF5E.json
2025-12-16 14:13:15,577 - INFO - Procesado exitosamente: 27E379B7-1B83-4C64-ADC0-5C83806A597A.json
2025-12-16 14:13:15,577 - INFO - Procesado exitosamente: 283B5113-C01B-46D1-A890-CD00F9A8E2F8.json
2025-12-16 14:13:15,578 - INFO - Procesado exitosamente: 2A7845F5-10D0-4D23-9137-CDE526530AFE.json
2025-12-16 14:13:15,578 - INFO - Procesado exitosamente: 397F2380-4487-4AD8-879A-8B21608BC008.json
2025-12-16 14:13:15,579 - INFO - Procesado exitosamente: 3F66EE72-42CE-429A-ADD7-479231E99B71.json
2025-12-16 14:13:15,579 - INFO - Procesado exitosamente: 43043AD5-35CE-4FCF-E064-00144FF8838D.json
2025-12-16 14:13:15,579 - INFO - Procesado exitosamente: 43535047-9E86-17F6-E064-00144FF8838D.json
2025-12-16 14:13:15,580 - INFO - Procesado exitosamente: 4F3DC115-3B92-4484-830F-BC316CED7AE6.json
2025-12-16 14:13:15,580 - INFO - Procesado exitosamente: 50500DA2-6BC8-4588-8F2A-36BF6F3D83A7.json
2025-12-16 14:13:15,581 - INFO - Procesado exitosamente: 5261228E-5188-4F4C-8D03-B83CB26DFF85.json
2025-12-16 14:13:15,581 - WARNING - Encoding utf-8 el archivo 61EDE671-97A2-412A-8392-8F6B44C904F2.json entró por latin-1
2025-12-16 14:13:15,582 - INFO - Procesado exitosamente: 61EDE671-97A2-412A-8392-8F6B44C904F2.json
2025-12-16 14:13:15,583 - INFO - Procesado exitosamente: 63995E65-FA18-1FD0-AEB2-808000245862.json
2025-12-16 14:13:15,584 - INFO - Procesado exitosamente: 63995E65-FA18-1FD0-AEB2-828000245863.json
2025-12-16 14:13:15,584 - INFO - Procesado exitosamente: 63995E65-FA18-1FD0-B09C-A98000246506.json
2025-12-16 14:13:15,584 - INFO - Procesado exitosamente: 63995E65-FA18-1FD0-B09C-AE8000246507.json
2025-12-16 14:13:15,585 - INFO - Procesado exitosamente: 63995E65-FA18-1FD0-B09C-B28000246508.json
2025-12-16 14:13:15,585 - INFO - Procesado exitosamente: 63995E65-FA18-1FD0-B1B0-E68000246623.json
2025-12-16 14:13:15,586 - INFO - Procesado exitosamente: 63995E65-FA18-1FD0-B1B1-C68000246695.json
2025-12-16 14:13:15,586 - INFO - Procesado exitosamente: 63995E65-FA18-1FD0-B393-538000247174.json
2025-12-16 14:13:15,587 - INFO - Procesado exitosamente: 63995E65-FA18-1FD0-B393-568000247175.json
2025-12-16 14:13:15,587 - INFO - Procesado exitosamente: 63995E65-FA18-1FD0-B395-6B8000247295.json
2025-12-16 14:13:15,588 - INFO - Procesado exitosamente: 63995E65-FA18-1FD0-B395-6E8000247296.json
2025-12-16 14:13:15,588 - INFO - Procesado exitosamente: 63995E65-FA18-1FD0-B395-708000247297.json
2025-12-16 14:13:15,589 - INFO - Procesado exitosamente: 63995E65-FA18-1FD0-B395-738000247298.json
2025-12-16 14:13:15,589 - INFO - Procesado exitosamente: 63995E65-FA18-1FD0-B395-758000247299.json
2025-12-16 14:13:15,590 - WARNING - Encoding utf-8 el archivo 6B473887-EE07-45F0-B6D3-12DF19C9B934.json entró por latin-1
2025-12-16 14:13:15,590 - INFO - Procesado exitosamente: 6B473887-EE07-45F0-B6D3-12DF19C9B934.json
2025-12-16 14:13:15,591 - INFO - Procesado exitosamente: 6F3EC5DD-FE11-4A56-ABF8-5052DDFAADDD.json
2025-12-16 14:13:15,591 - WARNING - Encoding utf-8 el archivo 70F448C6-F7DF-415F-A3FE-C737208057E8.json entró por latin-1
2025-12-16 14:13:15,592 - INFO - Procesado exitosamente: 70F448C6-F7DF-415F-A3FE-C737208057E8.json
2025-12-16 14:13:15,592 - WARNING - Encoding utf-8 el archivo 7146F7AD-C19D-4A89-90C4-BEFC70AE03CA.json entró por latin-1
2025-12-16 14:13:15,592 - INFO - Procesado exitosamente: 7146F7AD-C19D-4A89-90C4-BEFC70AE03CA.json
2025-12-16 14:13:15,593 - INFO - Procesado exitosamente: 71954747-81F4-4FBE-BF8F-4B8B171FECF1.json
2025-12-16 14:13:15,593 - INFO - Procesado exitosamente: 79157784-11AD-4903-B5F6-EB9A39E20377.json
2025-12-16 14:13:15,594 - INFO - Procesado exitosamente: 7D41829A-DE48-4C50-9030-B192AF151C77.json
2025-12-16 14:13:15,594 - INFO - Procesado exitosamente: 80A7EEC7-577E-4D91-8401-2689379D89C4.json
2025-12-16 14:13:15,595 - INFO - Procesado exitosamente: 83CF9CF3-7D3A-4352-B3BA-72BCA15BF460.json
2025-12-16 14:13:15,595 - INFO - Procesado exitosamente: 86B872B3-7509-4495-9187-4279F27A1B2D.json
2025-12-16 14:13:15,596 - INFO - Procesado exitosamente: 86EFF862-3248-4FC5-B92D-16C67247A852.json
2025-12-16 14:13:15,596 - INFO - Procesado exitosamente: 888A968D-CE20-41EE-87F2-D6F70A9FB151.json
2025-12-16 14:13:15,596 - WARNING - Encoding utf-8 el archivo 889B95B5-3382-4C46-8E3F-801AA358EA71.json entró por latin-1
2025-12-16 14:13:15,596 - INFO - Procesado exitosamente: 889B95B5-3382-4C46-8E3F-801AA358EA71.json
2025-12-16 14:13:15,598 - INFO - Procesado exitosamente: 8D4912C3-3972-1FE0-B3B2-C2ACA286BCB7.json
2025-12-16 14:13:15,598 - INFO - Procesado exitosamente: 8D963F4A-24DB-43CB-A4FC-B8B129B6152F.json
2025-12-16 14:13:15,599 - INFO - Procesado exitosamente: 9C610C5D-92C9-4FE2-8C7F-578AC90854A9.json
2025-12-16 14:13:15,599 - INFO - Procesado exitosamente: A3D11227-70B9-4D40-81E5-8901ABF6A766.json
2025-12-16 14:13:15,600 - INFO - Procesado exitosamente: A46D4E64-4485-41B4-8248-152D2E98DD72.json
2025-12-16 14:13:15,600 - WARNING - Encoding utf-8 el archivo A91B7DF7-81AE-4934-9194-8B9FEC3046C5.json entró por latin-1
2025-12-16 14:13:15,600 - INFO - Procesado exitosamente: A91B7DF7-81AE-4934-9194-8B9FEC3046C5.json
2025-12-16 14:13:15,601 - INFO - Procesado exitosamente: ABF1227C-1FCA-43A4-817B-DB4D94FEAF04.json
2025-12-16 14:13:15,601 - INFO - Procesado exitosamente: AF03CD2B-9D09-4F97-80E8-7AB66E843F99.json
2025-12-16 14:13:15,601 - WARNING - Encoding utf-8 el archivo B048B404-7A75-4503-B491-A6EDFF789AD4.json entró por latin-1
2025-12-16 14:13:15,602 - INFO - Procesado exitosamente: B048B404-7A75-4503-B491-A6EDFF789AD4.json
2025-12-16 14:13:15,602 - INFO - Procesado exitosamente: B52270FA-58B8-472D-AE09-355D447A5CF2.json
2025-12-16 14:13:15,603 - INFO - Procesado exitosamente: B73C67D4-F513-4199-8329-4B1062067E81.json
2025-12-16 14:13:15,603 - WARNING - Encoding utf-8 el archivo BF2BA5D5-9582-42EC-99C8-42DB67284886.json entró por latin-1
2025-12-16 14:13:15,603 - INFO - Procesado exitosamente: BF2BA5D5-9582-42EC-99C8-42DB67284886.json
2025-12-16 14:13:15,604 - WARNING - Encoding utf-8 el archivo BFCC3EFC-4BDD-4A5E-AD2E-F50AD0D44631.json entró por latin-1
2025-12-16 14:13:15,605 - INFO - Procesado exitosamente: BFCC3EFC-4BDD-4A5E-AD2E-F50AD0D44631.json
2025-12-16 14:13:15,605 - INFO - Procesado exitosamente: C205B00E-A61F-476F-AEBE-81E97844A178.json
2025-12-16 14:13:15,606 - INFO - Procesado exitosamente: C5D598D6-0748-4E1A-B57E-4B35189EBBF4.json
2025-12-16 14:13:15,606 - INFO - Procesado exitosamente: C6E2AB93-65FA-4E40-AC6E-59AE8CC63431.json
2025-12-16 14:13:15,606 - INFO - Procesado exitosamente: CA105E91-D16E-40A5-BF95-76BF0E5A8C84.json
2025-12-16 14:13:15,607 - INFO - Procesado exitosamente: COMPRETENCION_1_JSON (2).json
2025-12-16 14:13:15,607 - WARNING - Encoding utf-8 el archivo COMPRETENCION_1_JSON (3).json entró por latin-1
2025-12-16 14:13:15,608 - INFO - Procesado exitosamente: COMPRETENCION_1_JSON (3).json
2025-12-16 14:13:15,608 - WARNING - Encoding utf-8 el archivo COMPRETENCION_1_JSON.json entró por latin-1
2025-12-16 14:13:15,608 - INFO - Procesado exitosamente: COMPRETENCION_1_JSON.json
2025-12-16 14:13:15,609 - WARNING - Encoding utf-8 el archivo COMPRETENCION_1_JSON_1.json entró por latin-1
2025-12-16 14:13:15,609 - INFO - Procesado exitosamente: COMPRETENCION_1_JSON_1.json
2025-12-16 14:13:15,610 - INFO - Procesado exitosamente: Comprobante_Electronico-2B22166E-FC8D-49C7-A20E-D0814F17C2EC.json
2025-12-16 14:13:15,610 - INFO - Procesado exitosamente: Comprobante_Electronico-F554889F-6589-4F74-9F50-B1A91EC6254C.json
2025-12-16 14:13:15,610 - INFO - Procesado exitosamente: D39DC43D-2750-460B-8EFF-ECAAB9CA66DC.json
2025-12-16 14:13:15,610 - WARNING - Encoding utf-8 el archivo D470AB26-351E-49E0-B4AE-FEB0B7EB231D.json entró por latin-1
2025-12-16 14:13:15,611 - INFO - Procesado exitosamente: D470AB26-351E-49E0-B4AE-FEB0B7EB231D.json
2025-12-16 14:13:15,611 - INFO - Procesado exitosamente: D6B39A84-23B5-407E-B820-B292D1D152A0.json
2025-12-16 14:13:15,612 - INFO - Procesado exitosamente: D9D08459-A210-4E50-B4D4-A15AF613CBD5.json
2025-12-16 14:13:15,612 - INFO - Procesado exitosamente: DA4D4B01-C7FA-4878-8DA7-A89B72DC29C6.json
2025-12-16 14:13:15,613 - INFO - Procesado exitosamente: DC7C7B8F-1405-49F7-AA31-A4AAFBC87EBE.json
2025-12-16 14:13:15,614 - INFO - Procesado exitosamente: DTE-07-M001P001-000000000000802_834D8746-25B5-4732-8190-7224DF226810.json
2025-12-16 14:13:15,614 - INFO - Procesado exitosamente: DTE-07-M001P001-000000000004701_3B4594F6-0426-4B60-993E-7ED951C0BAD1.json
2025-12-16 14:13:15,615 - INFO - Procesado exitosamente: DTE-07-M001P001-000000000004702_CC0997A7-3FBC-4900-BC44-C1F7377E1BDB.json
2025-12-16 14:13:15,615 - INFO - Procesado exitosamente: DTE-07-M001P001-000000000004703_0E4E23E4-6253-4761-B28F-90115F9D40D9.json
2025-12-16 14:13:15,615 - INFO - Procesado exitosamente: DTE-07-M001P001-000000000004704_53993390-CCA0-4527-9AF8-F3016F93CFB7.json
2025-12-16 14:13:15,616 - INFO - Procesado exitosamente: DTE-07-M001P001-000000000004735_FD8A1F21-5EB1-4BDC-A301-23872CFC7BDB.json
2025-12-16 14:13:15,616 - INFO - Procesado exitosamente: DTE-07-M001P001-000000000005630_6BB96BEE-BF95-4829-B75A-001B5623B6B3.json
2025-12-16 14:13:15,617 - ERROR - El archivo DTE-07-M001P001-202500000001680.json no es un JSON válido o está vacío.
2025-12-16 14:13:15,618 - INFO - Procesado exitosamente: DTE-07-M001P010-000000000010170-2F1B8414-99C9-4277-B970-CB1C8B14B12C-10-11-2025 025523.json
2025-12-16 14:13:15,618 - INFO - Procesado exitosamente: DTE-07-M001P010-000000000010461-9D020BB0-D298-4819-83AC-BEE2E40939CB-18-11-2025 021735.json
2025-12-16 14:13:15,618 - INFO - Procesado exitosamente: DTE-07-M001P010-000000000010550-AEFC8F20-D47A-4EE3-AF07-A6AC06B88CF8-20-11-2025 024901.json
2025-12-16 14:13:15,619 - INFO - Procesado exitosamente: DTE-07-M001P010-000000000010707-27B0CB09-4F1C-4604-8E57-795B04E582B6-25-11-2025 101502.json
2025-12-16 14:13:15,619 - INFO - Procesado exitosamente: DTE-07-M001P010-000000000010770-29029575-E3E0-4DD9-BE43-5ABCA1C0F71A-26-11-2025 022548.json
2025-12-16 14:13:15,620 - INFO - Procesado exitosamente: DTE-07-M001P010-000000000010871-359910A9-A847-4F1C-88D2-A6CF961A9E52-28-11-2025 024944.json
2025-12-16 14:13:15,620 - INFO - Procesado exitosamente: DTE-07-S003P001-000000000000106_7DA3A730-70AB-4897-BB57-D55831A9A9FC.json
2025-12-16 14:13:15,621 - INFO - Procesado exitosamente: EC2A892C-5336-49BE-832F-4D2656FA682E.json
2025-12-16 14:13:15,621 - INFO - Procesado exitosamente: EFA27456-B005-4F04-A1FD-EB72617BC038.json
2025-12-16 14:13:15,622 - INFO - Procesado exitosamente: F9EA6881-4E9A-40B9-B307-3C6213F4D3F8.json
2025-12-16 14:13:15,622 - WARNING - Encoding utf-8 el archivo factura-DTE-07-M001P001-000000000008439.json entró por latin-1
2025-12-16 14:13:15,622 - INFO - Procesado exitosamente: factura-DTE-07-M001P001-000000000008439.json
2025-12-16 14:13:15,623 - INFO - Procesado exitosamente: FC71A4F2-606A-4C12-968B-1C3F3F13E0E1.json
2025-12-16 14:13:15,623 - INFO - Procesado exitosamente: FDFD466B-597B-4483-B341-C24123BC9ED9.json
2025-12-16 14:13:15,624 - INFO - Procesado exitosamente: Retención No.4999.json
2025-12-16 14:13:45,522 - INFO - Procesado exitosamente: 0178483A-CC0C-406B-8D75-56A23E141CDF.json
2025-12-16 14:13:45,524 - INFO - Procesado exitosamente: 08C47A1E-489B-4747-96BF-BDBA13D427F9.json
2025-12-16 14:13:45,525 - INFO - Procesado exitosamente: 09C6487E-B719-434C-BBFE-CC60313942DB.json
2025-12-16 14:13:45,527 - INFO - Procesado exitosamente: 115BBDE7-2265-4FDD-8DA9-4D7FBCB8E58F.json
2025-12-16 14:13:45,527 - INFO - Procesado exitosamente: 13B5D334-13CE-48AD-AE24-7D8497D38E32.json
2025-12-16 14:13:45,529 - INFO - Procesado exitosamente: 15F0FD55-2D8D-45AC-A065-C21F98126780.json
2025-12-16 14:13:45,530 - INFO - Procesado exitosamente: 1BF1D241-813E-4BBC-9FE0-2B56E2176DC3.json
2025-12-16 14:13:45,531 - INFO - Procesado exitosamente: 1C06FFA3-07CE-4F9A-94AF-6611F75A4EA7.json
2025-12-16 14:13:45,533 - INFO - Procesado exitosamente: 1F001ABE-6976-4E68-8816-5007EF3F1651.json
2025-12-16 14:13:45,534 - INFO - Procesado exitosamente: 1P001-00000000000647006141511770020.json
2025-12-16 14:13:45,535 - INFO - Procesado exitosamente: 1P001-00000000000647106141511770020.json
2025-12-16 14:13:45,536 - INFO - Procesado exitosamente: 1P001-00000000000647306141511770020.json
2025-12-16 14:13:45,538 - INFO - Procesado exitosamente: 1P001-00000000000651006141511770020.json
2025-12-16 14:13:45,539 - INFO - Procesado exitosamente: 1P001-00000000000651306141511770020.json
2025-12-16 14:13:45,541 - INFO - Procesado exitosamente: 1P001-00000000000724406141511770020.json
2025-12-16 14:13:45,542 - INFO - Procesado exitosamente: 264724A6-8A93-4752-97A5-1AAC6AE3719B.json
2025-12-16 14:13:45,543 - INFO - Procesado exitosamente: 269A17A2-4029-4487-B494-F488358DDF5E.json
2025-12-16 14:13:45,544 - INFO - Procesado exitosamente: 27E379B7-1B83-4C64-ADC0-5C83806A597A.json
2025-12-16 14:13:45,545 - INFO - Procesado exitosamente: 283B5113-C01B-46D1-A890-CD00F9A8E2F8.json
2025-12-16 14:13:45,546 - INFO - Procesado exitosamente: 2A7845F5-10D0-4D23-9137-CDE526530AFE.json
2025-12-16 14:13:45,547 - INFO - Procesado exitosamente: 397F2380-4487-4AD8-879A-8B21608BC008.json
2025-12-16 14:13:45,549 - INFO - Procesado exitosamente: 3F66EE72-42CE-429A-ADD7-479231E99B71.json
2025-12-16 14:13:45,549 - INFO - Procesado exitosamente: 43043AD5-35CE-4FCF-E064-00144FF8838D.json
2025-12-16 14:13:45,550 - INFO - Procesado exitosamente: 43535047-9E86-17F6-E064-00144FF8838D.json
2025-12-16 14:13:45,551 - INFO - Procesado exitosamente: 4F3DC115-3B92-4484-830F-BC316CED7AE6.json
2025-12-16 14:13:45,551 - INFO - Procesado exitosamente: 50500DA2-6BC8-4588-8F2A-36BF6F3D83A7.json
2025-12-16 14:13:45,552 - INFO - Procesado exitosamente: 5261228E-5188-4F4C-8D03-B83CB26DFF85.json
2025-12-16 14:13:45,552 - WARNING - Encoding utf-8 el archivo 61EDE671-97A2-412A-8392-8F6B44C904F2.json entró por latin-1
2025-12-16 14:13:45,556 - INFO - Procesado exitosamente: 61EDE671-97A2-412A-8392-8F6B44C904F2.json
2025-12-16 14:13:45,557 - INFO - Procesado exitosamente: 63995E65-FA18-1FD0-AEB2-808000245862.json
2025-12-16 14:13:45,558 - INFO - Procesado exitosamente: 63995E65-FA18-1FD0-AEB2-828000245863.json
2025-12-16 14:13:45,559 - INFO - Procesado exitosamente: 63995E65-FA18-1FD0-B09C-A98000246506.json
2025-12-16 14:13:45,560 - INFO - Procesado exitosamente: 63995E65-FA18-1FD0-B09C-AE8000246507.json
2025-12-16 14:13:45,561 - INFO - Procesado exitosamente: 63995E65-FA18-1FD0-B09C-B28000246508.json
2025-12-16 14:13:45,562 - INFO - Procesado exitosamente: 63995E65-FA18-1FD0-B1B0-E68000246623.json
2025-12-16 14:13:45,563 - INFO - Procesado exitosamente: 63995E65-FA18-1FD0-B1B1-C68000246695.json
2025-12-16 14:13:45,563 - INFO - Procesado exitosamente: 63995E65-FA18-1FD0-B393-538000247174.json
2025-12-16 14:13:45,564 - INFO - Procesado exitosamente: 63995E65-FA18-1FD0-B393-568000247175.json
2025-12-16 14:13:45,565 - INFO - Procesado exitosamente: 63995E65-FA18-1FD0-B395-6B8000247295.json
2025-12-16 14:13:45,566 - INFO - Procesado exitosamente: 63995E65-FA18-1FD0-B395-6E8000247296.json
2025-12-16 14:13:45,567 - INFO - Procesado exitosamente: 63995E65-FA18-1FD0-B395-708000247297.json
2025-12-16 14:13:45,567 - INFO - Procesado exitosamente: 63995E65-FA18-1FD0-B395-738000247298.json
2025-12-16 14:13:45,568 - INFO - Procesado exitosamente: 63995E65-FA18-1FD0-B395-758000247299.json
2025-12-16 14:13:45,569 - WARNING - Encoding utf-8 el archivo 6B473887-EE07-45F0-B6D3-12DF19C9B934.json entró por latin-1
2025-12-16 14:13:45,569 - INFO - Procesado exitosamente: 6B473887-EE07-45F0-B6D3-12DF19C9B934.json
2025-12-16 14:13:45,570 - INFO - Procesado exitosamente: 6F3EC5DD-FE11-4A56-ABF8-5052DDFAADDD.json
2025-12-16 14:13:45,570 - WARNING - Encoding utf-8 el archivo 70F448C6-F7DF-415F-A3FE-C737208057E8.json entró por latin-1
2025-12-16 14:13:45,571 - INFO - Procesado exitosamente: 70F448C6-F7DF-415F-A3FE-C737208057E8.json
2025-12-16 14:13:45,571 - WARNING - Encoding utf-8 el archivo 7146F7AD-C19D-4A89-90C4-BEFC70AE03CA.json entró por latin-1
2025-12-16 14:13:45,572 - INFO - Procesado exitosamente: 7146F7AD-C19D-4A89-90C4-BEFC70AE03CA.json
2025-12-16 14:13:45,572 - INFO - Procesado exitosamente: 71954747-81F4-4FBE-BF8F-4B8B171FECF1.json
2025-12-16 14:13:45,573 - INFO - Procesado exitosamente: 79157784-11AD-4903-B5F6-EB9A39E20377.json
2025-12-16 14:13:45,573 - INFO - Procesado exitosamente: 7D41829A-DE48-4C50-9030-B192AF151C77.json
2025-12-16 14:13:45,574 - INFO - Procesado exitosamente: 80A7EEC7-577E-4D91-8401-2689379D89C4.json
2025-12-16 14:13:45,575 - INFO - Procesado exitosamente: 83CF9CF3-7D3A-4352-B3BA-72BCA15BF460.json
2025-12-16 14:13:45,575 - INFO - Procesado exitosamente: 86B872B3-7509-4495-9187-4279F27A1B2D.json
2025-12-16 14:13:45,576 - INFO - Procesado exitosamente: 86EFF862-3248-4FC5-B92D-16C67247A852.json
2025-12-16 14:13:45,577 - INFO - Procesado exitosamente: 888A968D-CE20-41EE-87F2-D6F70A9FB151.json
2025-12-16 14:13:45,577 - WARNING - Encoding utf-8 el archivo 889B95B5-3382-4C46-8E3F-801AA358EA71.json entró por latin-1
2025-12-16 14:13:45,578 - INFO - Procesado exitosamente: 889B95B5-3382-4C46-8E3F-801AA358EA71.json
2025-12-16 14:13:45,579 - INFO - Procesado exitosamente: 8D4912C3-3972-1FE0-B3B2-C2ACA286BCB7.json
2025-12-16 14:13:45,580 - INFO - Procesado exitosamente: 8D963F4A-24DB-43CB-A4FC-B8B129B6152F.json
2025-12-16 14:13:45,581 - INFO - Procesado exitosamente: 9C610C5D-92C9-4FE2-8C7F-578AC90854A9.json
2025-12-16 14:13:45,582 - INFO - Procesado exitosamente: A3D11227-70B9-4D40-81E5-8901ABF6A766.json
2025-12-16 14:13:45,582 - INFO - Procesado exitosamente: A46D4E64-4485-41B4-8248-152D2E98DD72.json
2025-12-16 14:13:45,582 - WARNING - Encoding utf-8 el archivo A91B7DF7-81AE-4934-9194-8B9FEC3046C5.json entró por latin-1
2025-12-16 14:13:45,584 - INFO - Procesado exitosamente: A91B7DF7-81AE-4934-9194-8B9FEC3046C5.json
2025-12-16 14:13:45,585 - INFO - Procesado exitosamente: ABF1227C-1FCA-43A4-817B-DB4D94FEAF04.json
2025-12-16 14:13:45,585 - INFO - Procesado exitosamente: AF03CD2B-9D09-4F97-80E8-7AB66E843F99.json
2025-12-16 14:13:45,586 - WARNING - Encoding utf-8 el archivo B048B404-7A75-4503-B491-A6EDFF789AD4.json entró por latin-1
2025-12-16 14:13:45,587 - INFO - Procesado exitosamente: B048B404-7A75-4503-B491-A6EDFF789AD4.json
2025-12-16 14:13:45,587 - INFO - Procesado exitosamente: B52270FA-58B8-472D-AE09-355D447A5CF2.json
2025-12-16 14:13:45,588 - INFO - Procesado exitosamente: B73C67D4-F513-4199-8329-4B1062067E81.json
2025-12-16 14:13:45,589 - WARNING - Encoding utf-8 el archivo BF2BA5D5-9582-42EC-99C8-42DB67284886.json entró por latin-1
2025-12-16 14:13:45,589 - INFO - Procesado exitosamente: BF2BA5D5-9582-42EC-99C8-42DB67284886.json
2025-12-16 14:13:45,590 - WARNING - Encoding utf-8 el archivo BFCC3EFC-4BDD-4A5E-AD2E-F50AD0D44631.json entró por latin-1
2025-12-16 14:13:45,590 - INFO - Procesado exitosamente: BFCC3EFC-4BDD-4A5E-AD2E-F50AD0D44631.json
2025-12-16 14:13:45,591 - INFO - Procesado exitosamente: C205B00E-A61F-476F-AEBE-81E97844A178.json
2025-12-16 14:13:45,592 - INFO - Procesado exitosamente: C5D598D6-0748-4E1A-B57E-4B35189EBBF4.json
2025-12-16 14:13:45,593 - INFO - Procesado exitosamente: C6E2AB93-65FA-4E40-AC6E-59AE8CC63431.json
2025-12-16 14:13:45,593 - INFO - Procesado exitosamente: CA105E91-D16E-40A5-BF95-76BF0E5A8C84.json
2025-12-16 14:13:45,593 - INFO - Procesado exitosamente: COMPRETENCION_1_JSON (2).json
2025-12-16 14:13:45,594 - WARNING - Encoding utf-8 el archivo COMPRETENCION_1_JSON (3).json entró por latin-1
2025-12-16 14:13:45,595 - INFO - Procesado exitosamente: COMPRETENCION_1_JSON (3).json
2025-12-16 14:13:45,595 - WARNING - Encoding utf-8 el archivo COMPRETENCION_1_JSON.json entró por latin-1
2025-12-16 14:13:45,596 - INFO - Procesado exitosamente: COMPRETENCION_1_JSON.json
2025-12-16 14:13:45,597 - WARNING - Encoding utf-8 el archivo COMPRETENCION_1_JSON_1.json entró por latin-1
2025-12-16 14:13:45,597 - INFO - Procesado exitosamente: COMPRETENCION_1_JSON_1.json
2025-12-16 14:13:45,598 - INFO - Procesado exitosamente: Comprobante_Electronico-2B22166E-FC8D-49C7-A20E-D0814F17C2EC.json
2025-12-16 14:13:45,598 - INFO - Procesado exitosamente: Comprobante_Electronico-F554889F-6589-4F74-9F50-B1A91EC6254C.json
2025-12-16 14:13:45,599 - INFO - Procesado exitosamente: D39DC43D-2750-460B-8EFF-ECAAB9CA66DC.json
2025-12-16 14:13:45,599 - WARNING - Encoding utf-8 el archivo D470AB26-351E-49E0-B4AE-FEB0B7EB231D.json entró por latin-1
2025-12-16 14:13:45,600 - INFO - Procesado exitosamente: D470AB26-351E-49E0-B4AE-FEB0B7EB231D.json
2025-12-16 14:13:45,601 - INFO - Procesado exitosamente: D6B39A84-23B5-407E-B820-B292D1D152A0.json
2025-12-16 14:13:45,601 - INFO - Procesado exitosamente: D9D08459-A210-4E50-B4D4-A15AF613CBD5.json
2025-12-16 14:13:45,602 - INFO - Procesado exitosamente: DA4D4B01-C7FA-4878-8DA7-A89B72DC29C6.json
2025-12-16 14:13:45,603 - INFO - Procesado exitosamente: DC7C7B8F-1405-49F7-AA31-A4AAFBC87EBE.json
2025-12-16 14:13:45,604 - INFO - Procesado exitosamente: DTE-07-M001P001-000000000000802_834D8746-25B5-4732-8190-7224DF226810.json
2025-12-16 14:13:45,604 - INFO - Procesado exitosamente: DTE-07-M001P001-000000000004701_3B4594F6-0426-4B60-993E-7ED951C0BAD1.json
2025-12-16 14:13:45,605 - INFO - Procesado exitosamente: DTE-07-M001P001-000000000004702_CC0997A7-3FBC-4900-BC44-C1F7377E1BDB.json
2025-12-16 14:13:45,606 - INFO - Procesado exitosamente: DTE-07-M001P001-000000000004703_0E4E23E4-6253-4761-B28F-90115F9D40D9.json
2025-12-16 14:13:45,606 - INFO - Procesado exitosamente: DTE-07-M001P001-000000000004704_53993390-CCA0-4527-9AF8-F3016F93CFB7.json
2025-12-16 14:13:45,607 - INFO - Procesado exitosamente: DTE-07-M001P001-000000000004735_FD8A1F21-5EB1-4BDC-A301-23872CFC7BDB.json
2025-12-16 14:13:45,607 - INFO - Procesado exitosamente: DTE-07-M001P001-000000000005630_6BB96BEE-BF95-4829-B75A-001B5623B6B3.json
2025-12-16 14:13:45,608 - ERROR - El archivo DTE-07-M001P001-202500000001680.json no es un JSON válido o está vacío.
2025-12-16 14:13:45,608 - INFO - Procesado exitosamente: DTE-07-M001P010-000000000010170-2F1B8414-99C9-4277-B970-CB1C8B14B12C-10-11-2025 025523.json
2025-12-16 14:13:45,609 - INFO - Procesado exitosamente: DTE-07-M001P010-000000000010461-9D020BB0-D298-4819-83AC-BEE2E40939CB-18-11-2025 021735.json
2025-12-16 14:13:45,610 - INFO - Procesado exitosamente: DTE-07-M001P010-000000000010550-AEFC8F20-D47A-4EE3-AF07-A6AC06B88CF8-20-11-2025 024901.json
2025-12-16 14:13:45,612 - INFO - Procesado exitosamente: DTE-07-M001P010-000000000010707-27B0CB09-4F1C-4604-8E57-795B04E582B6-25-11-2025 101502.json
2025-12-16 14:13:45,612 - INFO - Procesado exitosamente: DTE-07-M001P010-000000000010770-29029575-E3E0-4DD9-BE43-5ABCA1C0F71A-26-11-2025 022548.json
2025-12-16 14:13:45,613 - INFO - Procesado exitosamente: DTE-07-M001P010-000000000010871-359910A9-A847-4F1C-88D2-A6CF961A9E52-28-11-2025 024944.json
2025-12-16 14:13:45,613 - INFO - Procesado exitosamente: DTE-07-S003P001-000000000000106_7DA3A730-70AB-4897-BB57-D55831A9A9FC.json
2025-12-16 14:13:45,614 - INFO - Procesado exitosamente: EC2A892C-5336-49BE-832F-4D2656FA682E.json
2025-12-16 14:13:45,614 - INFO - Procesado exitosamente: EFA27456-B005-4F04-A1FD-EB72617BC038.json
2025-12-16 14:13:45,616 - INFO - Procesado exitosamente: F9EA6881-4E9A-40B9-B307-3C6213F4D3F8.json
2025-12-16 14:13:45,617 - WARNING - Encoding utf-8 el archivo factura-DTE-07-M001P001-000000000008439.json entró por latin-1
2025-12-16 14:13:45,618 - INFO - Procesado exitosamente: factura-DTE-07-M001P001-000000000008439.json
2025-12-16 14:13:45,619 - INFO - Procesado exitosamente: FC71A4F2-606A-4C12-968B-1C3F3F13E0E1.json
2025-12-16 14:13:45,619 - INFO - Procesado exitosamente: FDFD466B-597B-4483-B341-C24123BC9ED9.json
2025-12-16 14:13:45,620 - INFO - Procesado exitosamente: Retención No.4999.json
2025-12-16 14:17:37,756 - INFO - Procesado exitosamente: 0178483A-CC0C-406B-8D75-56A23E141CDF.json
2025-12-16 14:17:37,757 - INFO - Procesado exitosamente: 08C47A1E-489B-4747-96BF-BDBA13D427F9.json
2025-12-16 14:17:37,757 - INFO - Procesado exitosamente: 09C6487E-B719-434C-BBFE-CC60313942DB.json
2025-12-16 14:17:37,758 - INFO - Procesado exitosamente: 115BBDE7-2265-4FDD-8DA9-4D7FBCB8E58F.json
2025-12-16 14:17:37,758 - INFO - Procesado exitosamente: 13B5D334-13CE-48AD-AE24-7D8497D38E32.json
2025-12-16 14:17:37,758 - INFO - Procesado exitosamente: 15F0FD55-2D8D-45AC-A065-C21F98126780.json
2025-12-16 14:17:37,759 - INFO - Procesado exitosamente: 1BF1D241-813E-4BBC-9FE0-2B56E2176DC3.json
2025-12-16 14:17:37,759 - INFO - Procesado exitosamente: 1C06FFA3-07CE-4F9A-94AF-6611F75A4EA7.json
2025-12-16 14:17:37,759 - INFO - Procesado exitosamente: 1F001ABE-6976-4E68-8816-5007EF3F1651.json
2025-12-16 14:17:37,760 - INFO - Procesado exitosamente: 1P001-00000000000647006141511770020.json
2025-12-16 14:17:37,760 - INFO - Procesado exitosamente: 1P001-00000000000647106141511770020.json
2025-12-16 14:17:37,760 - INFO - Procesado exitosamente: 1P001-00000000000647306141511770020.json
2025-12-16 14:17:37,760 - INFO - Procesado exitosamente: 1P001-00000000000651006141511770020.json
2025-12-16 14:17:37,761 - INFO - Procesado exitosamente: 1P001-00000000000651306141511770020.json
2025-12-16 14:17:37,761 - INFO - Procesado exitosamente: 1P001-00000000000724406141511770020.json
2025-12-16 14:17:37,762 - INFO - Procesado exitosamente: 264724A6-8A93-4752-97A5-1AAC6AE3719B.json
2025-12-16 14:17:37,762 - INFO - Procesado exitosamente: 269A17A2-4029-4487-B494-F488358DDF5E.json
2025-12-16 14:17:37,762 - INFO - Procesado exitosamente: 27E379B7-1B83-4C64-ADC0-5C83806A597A.json
2025-12-16 14:17:37,763 - INFO - Procesado exitosamente: 283B5113-C01B-46D1-A890-CD00F9A8E2F8.json
2025-12-16 14:17:37,763 - INFO - Procesado exitosamente: 2A7845F5-10D0-4D23-9137-CDE526530AFE.json
2025-12-16 14:17:37,763 - INFO - Procesado exitosamente: 397F2380-4487-4AD8-879A-8B21608BC008.json
2025-12-16 14:17:37,764 - INFO - Procesado exitosamente: 3F66EE72-42CE-429A-ADD7-479231E99B71.json
2025-12-16 14:17:37,764 - INFO - Procesado exitosamente: 43043AD5-35CE-4FCF-E064-00144FF8838D.json
2025-12-16 14:17:37,765 - INFO - Procesado exitosamente: 43535047-9E86-17F6-E064-00144FF8838D.json
2025-12-16 14:17:37,765 - INFO - Procesado exitosamente: 4F3DC115-3B92-4484-830F-BC316CED7AE6.json
2025-12-16 14:17:37,766 - INFO - Procesado exitosamente: 50500DA2-6BC8-4588-8F2A-36BF6F3D83A7.json
2025-12-16 14:17:37,766 - INFO - Procesado exitosamente: 5261228E-5188-4F4C-8D03-B83CB26DFF85.json
2025-12-16 14:17:37,766 - WARNING - Encoding utf-8 el archivo 61EDE671-97A2-412A-8392-8F6B44C904F2.json entró por latin-1
2025-12-16 14:17:37,767 - INFO - Procesado exitosamente: 61EDE671-97A2-412A-8392-8F6B44C904F2.json
2025-12-16 14:17:37,768 - INFO - Procesado exitosamente: 63995E65-FA18-1FD0-AEB2-808000245862.json
2025-12-16 14:17:37,768 - INFO - Procesado exitosamente: 63995E65-FA18-1FD0-AEB2-828000245863.json
2025-12-16 14:17:37,769 - INFO - Procesado exitosamente: 63995E65-FA18-1FD0-B09C-A98000246506.json
2025-12-16 14:17:37,769 - INFO - Procesado exitosamente: 63995E65-FA18-1FD0-B09C-AE8000246507.json
2025-12-16 14:17:37,769 - INFO - Procesado exitosamente: 63995E65-FA18-1FD0-B09C-B28000246508.json
2025-12-16 14:17:37,770 - INFO - Procesado exitosamente: 63995E65-FA18-1FD0-B1B0-E68000246623.json
2025-12-16 14:17:37,770 - INFO - Procesado exitosamente: 63995E65-FA18-1FD0-B1B1-C68000246695.json
2025-12-16 14:17:37,770 - INFO - Procesado exitosamente: 63995E65-FA18-1FD0-B393-538000247174.json
2025-12-16 14:17:37,771 - INFO - Procesado exitosamente: 63995E65-FA18-1FD0-B393-568000247175.json
2025-12-16 14:17:37,771 - INFO - Procesado exitosamente: 63995E65-FA18-1FD0-B395-6B8000247295.json
2025-12-16 14:17:37,772 - INFO - Procesado exitosamente: 63995E65-FA18-1FD0-B395-6E8000247296.json
2025-12-16 14:17:37,772 - INFO - Procesado exitosamente: 63995E65-FA18-1FD0-B395-708000247297.json
2025-12-16 14:17:37,772 - INFO - Procesado exitosamente: 63995E65-FA18-1FD0-B395-738000247298.json
2025-12-16 14:17:37,773 - INFO - Procesado exitosamente: 63995E65-FA18-1FD0-B395-758000247299.json
2025-12-16 14:17:37,773 - WARNING - Encoding utf-8 el archivo 6B473887-EE07-45F0-B6D3-12DF19C9B934.json entró por latin-1
2025-12-16 14:17:37,773 - INFO - Procesado exitosamente: 6B473887-EE07-45F0-B6D3-12DF19C9B934.json
2025-12-16 14:17:37,774 - INFO - Procesado exitosamente: 6F3EC5DD-FE11-4A56-ABF8-5052DDFAADDD.json
2025-12-16 14:17:37,774 - WARNING - Encoding utf-8 el archivo 70F448C6-F7DF-415F-A3FE-C737208057E8.json entró por latin-1
2025-12-16 14:17:37,774 - INFO - Procesado exitosamente: 70F448C6-F7DF-415F-A3FE-C737208057E8.json
2025-12-16 14:17:37,775 - WARNING - Encoding utf-8 el archivo 7146F7AD-C19D-4A89-90C4-BEFC70AE03CA.json entró por latin-1
2025-12-16 14:17:37,775 - INFO - Procesado exitosamente: 7146F7AD-C19D-4A89-90C4-BEFC70AE03CA.json
2025-12-16 14:17:37,775 - INFO - Procesado exitosamente: 71954747-81F4-4FBE-BF8F-4B8B171FECF1.json
2025-12-16 14:17:37,776 - INFO - Procesado exitosamente: 79157784-11AD-4903-B5F6-EB9A39E20377.json
2025-12-16 14:17:37,777 - INFO - Procesado exitosamente: 7D41829A-DE48-4C50-9030-B192AF151C77.json
2025-12-16 14:17:37,777 - INFO - Procesado exitosamente: 80A7EEC7-577E-4D91-8401-2689379D89C4.json
2025-12-16 14:17:37,777 - INFO - Procesado exitosamente: 83CF9CF3-7D3A-4352-B3BA-72BCA15BF460.json
2025-12-16 14:17:37,778 - INFO - Procesado exitosamente: 86B872B3-7509-4495-9187-4279F27A1B2D.json
2025-12-16 14:17:37,778 - INFO - Procesado exitosamente: 86EFF862-3248-4FC5-B92D-16C67247A852.json
2025-12-16 14:17:37,779 - INFO - Procesado exitosamente: 888A968D-CE20-41EE-87F2-D6F70A9FB151.json
2025-12-16 14:17:37,779 - WARNING - Encoding utf-8 el archivo 889B95B5-3382-4C46-8E3F-801AA358EA71.json entró por latin-1
2025-12-16 14:17:37,779 - INFO - Procesado exitosamente: 889B95B5-3382-4C46-8E3F-801AA358EA71.json
2025-12-16 14:17:37,780 - INFO - Procesado exitosamente: 8D4912C3-3972-1FE0-B3B2-C2ACA286BCB7.json
2025-12-16 14:17:37,780 - INFO - Procesado exitosamente: 8D963F4A-24DB-43CB-A4FC-B8B129B6152F.json
2025-12-16 14:17:37,780 - INFO - Procesado exitosamente: 9C610C5D-92C9-4FE2-8C7F-578AC90854A9.json
2025-12-16 14:17:37,781 - INFO - Procesado exitosamente: A3D11227-70B9-4D40-81E5-8901ABF6A766.json
2025-12-16 14:17:37,781 - INFO - Procesado exitosamente: A46D4E64-4485-41B4-8248-152D2E98DD72.json
2025-12-16 14:17:37,782 - WARNING - Encoding utf-8 el archivo A91B7DF7-81AE-4934-9194-8B9FEC3046C5.json entró por latin-1
2025-12-16 14:17:37,782 - INFO - Procesado exitosamente: A91B7DF7-81AE-4934-9194-8B9FEC3046C5.json
2025-12-16 14:17:37,782 - INFO - Procesado exitosamente: ABF1227C-1FCA-43A4-817B-DB4D94FEAF04.json
2025-12-16 14:17:37,783 - INFO - Procesado exitosamente: AF03CD2B-9D09-4F97-80E8-7AB66E843F99.json
2025-12-16 14:17:37,783 - WARNING - Encoding utf-8 el archivo B048B404-7A75-4503-B491-A6EDFF789AD4.json entró por latin-1
2025-12-16 14:17:37,784 - INFO - Procesado exitosamente: B048B404-7A75-4503-B491-A6EDFF789AD4.json
2025-12-16 14:17:37,784 - INFO - Procesado exitosamente: B52270FA-58B8-472D-AE09-355D447A5CF2.json
2025-12-16 14:17:37,784 - INFO - Procesado exitosamente: B73C67D4-F513-4199-8329-4B1062067E81.json
2025-12-16 14:17:37,784 - WARNING - Encoding utf-8 el archivo BF2BA5D5-9582-42EC-99C8-42DB67284886.json entró por latin-1
2025-12-16 14:17:37,785 - INFO - Procesado exitosamente: BF2BA5D5-9582-42EC-99C8-42DB67284886.json
2025-12-16 14:17:37,785 - WARNING - Encoding utf-8 el archivo BFCC3EFC-4BDD-4A5E-AD2E-F50AD0D44631.json entró por latin-1
2025-12-16 14:17:37,785 - INFO - Procesado exitosamente: BFCC3EFC-4BDD-4A5E-AD2E-F50AD0D44631.json
2025-12-16 14:17:37,786 - INFO - Procesado exitosamente: C205B00E-A61F-476F-AEBE-81E97844A178.json
2025-12-16 14:17:37,786 - INFO - Procesado exitosamente: C5D598D6-0748-4E1A-B57E-4B35189EBBF4.json
2025-12-16 14:17:37,786 - INFO - Procesado exitosamente: C6E2AB93-65FA-4E40-AC6E-59AE8CC63431.json
2025-12-16 14:17:37,787 - INFO - Procesado exitosamente: CA105E91-D16E-40A5-BF95-76BF0E5A8C84.json
2025-12-16 14:17:37,787 - INFO - Procesado exitosamente: COMPRETENCION_1_JSON (2).json
2025-12-16 14:17:37,788 - WARNING - Encoding utf-8 el archivo COMPRETENCION_1_JSON (3).json entró por latin-1
2025-12-16 14:17:37,788 - INFO - Procesado exitosamente: COMPRETENCION_1_JSON (3).json
2025-12-16 14:17:37,788 - WARNING - Encoding utf-8 el archivo COMPRETENCION_1_JSON.json entró por latin-1
2025-12-16 14:17:37,788 - INFO - Procesado exitosamente: COMPRETENCION_1_JSON.json
2025-12-16 14:17:37,789 - WARNING - Encoding utf-8 el archivo COMPRETENCION_1_JSON_1.json entró por latin-1
2025-12-16 14:17:37,789 - INFO - Procesado exitosamente: COMPRETENCION_1_JSON_1.json
2025-12-16 14:17:37,789 - INFO - Procesado exitosamente: Comprobante_Electronico-2B22166E-FC8D-49C7-A20E-D0814F17C2EC.json
2025-12-16 14:17:37,790 - INFO - Procesado exitosamente: Comprobante_Electronico-F554889F-6589-4F74-9F50-B1A91EC6254C.json
2025-12-16 14:17:37,790 - INFO - Procesado exitosamente: D39DC43D-2750-460B-8EFF-ECAAB9CA66DC.json
2025-12-16 14:17:37,790 - WARNING - Encoding utf-8 el archivo D470AB26-351E-49E0-B4AE-FEB0B7EB231D.json entró por latin-1
2025-12-16 14:17:37,790 - INFO - Procesado exitosamente: D470AB26-351E-49E0-B4AE-FEB0B7EB231D.json
2025-12-16 14:17:37,792 - INFO - Procesado exitosamente: D6B39A84-23B5-407E-B820-B292D1D152A0.json
2025-12-16 14:17:37,792 - INFO - Procesado exitosamente: D9D08459-A210-4E50-B4D4-A15AF613CBD5.json
2025-12-16 14:17:37,793 - INFO - Procesado exitosamente: DA4D4B01-C7FA-4878-8DA7-A89B72DC29C6.json
2025-12-16 14:17:37,793 - INFO - Procesado exitosamente: DC7C7B8F-1405-49F7-AA31-A4AAFBC87EBE.json
2025-12-16 14:17:37,794 - INFO - Procesado exitosamente: DTE-07-M001P001-000000000000802_834D8746-25B5-4732-8190-7224DF226810.json
2025-12-16 14:17:37,795 - INFO - Procesado exitosamente: DTE-07-M001P001-000000000004701_3B4594F6-0426-4B60-993E-7ED951C0BAD1.json
2025-12-16 14:17:37,795 - INFO - Procesado exitosamente: DTE-07-M001P001-000000000004702_CC0997A7-3FBC-4900-BC44-C1F7377E1BDB.json
2025-12-16 14:17:37,795 - INFO - Procesado exitosamente: DTE-07-M001P001-000000000004703_0E4E23E4-6253-4761-B28F-90115F9D40D9.json
2025-12-16 14:17:37,796 - INFO - Procesado exitosamente: DTE-07-M001P001-000000000004704_53993390-CCA0-4527-9AF8-F3016F93CFB7.json
2025-12-16 14:17:37,796 - INFO - Procesado exitosamente: DTE-07-M001P001-000000000004735_FD8A1F21-5EB1-4BDC-A301-23872CFC7BDB.json
2025-12-16 14:17:37,797 - INFO - Procesado exitosamente: DTE-07-M001P001-000000000005630_6BB96BEE-BF95-4829-B75A-001B5623B6B3.json
2025-12-16 14:17:37,797 - ERROR - El archivo DTE-07-M001P001-202500000001680.json no es un JSON válido o está vacío.
2025-12-16 14:17:37,798 - INFO - Procesado exitosamente: DTE-07-M001P010-000000000010170-2F1B8414-99C9-4277-B970-CB1C8B14B12C-10-11-2025 025523.json
2025-12-16 14:17:37,798 - INFO - Procesado exitosamente: DTE-07-M001P010-000000000010461-9D020BB0-D298-4819-83AC-BEE2E40939CB-18-11-2025 021735.json
2025-12-16 14:17:37,799 - INFO - Procesado exitosamente: DTE-07-M001P010-000000000010550-AEFC8F20-D47A-4EE3-AF07-A6AC06B88CF8-20-11-2025 024901.json
2025-12-16 14:17:37,799 - INFO - Procesado exitosamente: DTE-07-M001P010-000000000010707-27B0CB09-4F1C-4604-8E57-795B04E582B6-25-11-2025 101502.json
2025-12-16 14:17:37,799 - INFO - Procesado exitosamente: DTE-07-M001P010-000000000010770-29029575-E3E0-4DD9-BE43-5ABCA1C0F71A-26-11-2025 022548.json
2025-12-16 14:17:37,800 - INFO - Procesado exitosamente: DTE-07-M001P010-000000000010871-359910A9-A847-4F1C-88D2-A6CF961A9E52-28-11-2025 024944.json
2025-12-16 14:17:37,800 - INFO - Procesado exitosamente: DTE-07-S003P001-000000000000106_7DA3A730-70AB-4897-BB57-D55831A9A9FC.json
2025-12-16 14:17:37,801 - INFO - Procesado exitosamente: EC2A892C-5336-49BE-832F-4D2656FA682E.json
2025-12-16 14:17:37,801 - INFO - Procesado exitosamente: EFA27456-B005-4F04-A1FD-EB72617BC038.json
2025-12-16 14:17:37,801 - INFO - Procesado exitosamente: F9EA6881-4E9A-40B9-B307-3C6213F4D3F8.json
2025-12-16 14:17:37,802 - WARNING - Encoding utf-8 el archivo factura-DTE-07-M001P001-000000000008439.json entró por latin-1
2025-12-16 14:17:37,802 - INFO - Procesado exitosamente: factura-DTE-07-M001P001-000000000008439.json
2025-12-16 14:17:37,802 - INFO - Procesado exitosamente: FC71A4F2-606A-4C12-968B-1C3F3F13E0E1.json
2025-12-16 14:17:37,803 - INFO - Procesado exitosamente: FDFD466B-597B-4483-B341-C24123BC9ED9.json
2025-12-16 14:17:37,803 - INFO - Procesado exitosamente: Retención No.4999.json
